mtllib crystal_ball.mtl
o Sphere_1
usemtl Veronica
v 3.057929146701852e-18 3.335696818100114e-35 -1.5022642947016624e-19
v 0.004877258092164993 0.00024076462432276458 -0.000480367976706475
v 0.004900856874883175 0.00024076462432276458 5.3460485887671844e-20
v 0.004806688521057367 0.00024076462432276458 -0.0009561098413541913
v 0.004689828027039766 0.00024076462432276458 -0.0014226436614990234
v 0.004527801647782326 0.00024076462432276458 -0.0018754766788333654
v 0.004322170279920101 0.00024076462432276458 -0.002310248091816902
v 0.004074913449585438 0.00024076462432276458 -0.0027227704413235188
v 0.0037884137127548456 0.00024076462432276458 -0.0031090707052499056
v 0.003465429414063692 0.00024076462432276458 -0.003465429414063692
v 0.0031090707052499056 0.00024076462432276458 -0.0037884137127548456
v 0.0027227704413235188 0.00024076462432276458 -0.004074913449585438
v 0.002310248091816902 0.00024076462432276458 -0.004322170279920101
v 0.0018754766788333654 0.00024076462432276458 -0.004527801647782326
v 0.0014226436614990234 0.00024076462432276458 -0.004689828027039766
v 0.0009561098413541913 0.00024076462432276458 -0.004806688521057367
v 0.000480367976706475 0.00024076462432276458 -0.004877258092164993
v 3.000909674223405e-19 0.00024076462432276458 -0.004900856874883175
v -0.000480367976706475 0.00024076462432276458 -0.004877258092164993
v -0.0009561098413541913 0.00024076462432276458 -0.004806688521057367
v -0.0014226436614990234 0.00024076462432276458 -0.004689828027039766
v -0.0018754766788333654 0.00024076462432276458 -0.004527801647782326
v -0.002310248091816902 0.00024076462432276458 -0.004322170279920101
v -0.0027227704413235188 0.00024076462432276458 -0.004074913449585438
v -0.0031090707052499056 0.00024076462432276458 -0.0037884137127548456
v -0.003465429414063692 0.00024076462432276458 -0.003465429414063692
v -0.0037884137127548456 0.00024076462432276458 -0.0031090707052499056
v -0.004074913449585438 0.00024076462432276458 -0.0027227704413235188
v -0.004322170279920101 0.00024076462432276458 -0.002310248091816902
v -0.004527801647782326 0.00024076462432276458 -0.0018754766788333654
v -0.004689828027039766 0.00024076462432276458 -0.0014226436614990234
v -0.004806688521057367 0.00024076462432276458 -0.0009561098413541913
v -0.004877258092164993 0.00024076462432276458 -0.000480367976706475
v -0.004900856874883175 0.00024076462432276458 -5.46721458650532e-19
v -0.004877258092164993 0.00024076462432276458 0.000480367976706475
v -0.004806688521057367 0.00024076462432276458 0.0009561098413541913
v -0.004689828027039766 0.00024076462432276458 0.0014226436614990234
v -0.004527801647782326 0.00024076462432276458 0.0018754766788333654
v -0.004322170279920101 0.00024076462432276458 0.002310248091816902
v -0.004074913449585438 0.00024076462432276458 0.0027227704413235188
v -0.0037884137127548456 0.00024076462432276458 0.0031090707052499056
v -0.003465429414063692 0.00024076462432276458 0.003465429414063692
v -0.0031090707052499056 0.00024076462432276458 0.0037884137127548456
v -0.0027227704413235188 0.00024076462432276458 0.004074913449585438
v -0.002310248091816902 0.00024076462432276458 0.004322170279920101
v -0.0018754766788333654 0.00024076462432276458 0.004527801647782326
v -0.0014226436614990234 0.00024076462432276458 0.004689828027039766
v -0.0009561098413541913 0.00024076462432276458 0.004806688521057367
v -0.000480367976706475 0.00024076462432276458 0.004877258092164993
v -9.002728764176274e-19 0.00024076462432276458 0.004900856874883175
v 0.000480367976706475 0.00024076462432276458 0.004877258092164993
v 0.0009561098413541913 0.00024076462432276458 0.004806688521057367
v 0.0014226436614990234 0.00024076462432276458 0.004689828027039766
v 0.0018754766788333654 0.00024076462432276458 0.004527801647782326
v 0.002310248091816902 0.00024076462432276458 0.004322170279920101
v 0.0027227704413235188 0.00024076462432276458 0.004074913449585438
v 0.0031090707052499056 0.00024076462432276458 0.0037884137127548456
v 0.003465429414063692 0.00024076462432276458 0.003465429414063692
v 0.0037884137127548456 0.00024076462432276458 0.0031090707052499056
v 0.004074913449585438 0.00024076462432276458 0.0027227704413235188
v 0.004322170279920101 0.00024076462432276458 0.002310248091816902
v 0.004527801647782326 0.00024076462432276458 0.0018754766788333654
v 0.004689828027039766 0.00024076462432276458 0.0014226436614990234
v 0.004806688521057367 0.00024076462432276458 0.0009561098413541913
v 0.004877258092164993 0.00024076462432276458 0.000480367976706475
v 0.009707544930279255 0.0009607391548343003 -0.0009561098413541913
v 0.009754516184329987 0.0009607391548343003 2.133269460711907e-19
v 0.009567085653543472 0.0009607391548343003 -0.0019030116964131594
v 0.009334489703178406 0.0009607391548343003 -0.0028315866366028786
v 0.00901199784129858 0.0009607391548343003 -0.0037328917533159256
v 0.008602715097367764 0.0009607391548343003 -0.0045982468873262405
v 0.008110583759844303 0.0009607391548343003 -0.005419318564236164
v 0.00754034286364913 0.0009607391548343003 -0.0061881993897259235
v 0.006897484418004751 0.0009607391548343003 -0.006897484418004751
v 0.0061881993897259235 0.0009607391548343003 -0.00754034286364913
v 0.005419318564236164 0.0009607391548343003 -0.008110583759844303
v 0.0045982468873262405 0.0009607391548343003 -0.008602715097367764
v 0.0037328917533159256 0.0009607391548343003 -0.00901199784129858
v 0.0028315866366028786 0.0009607391548343003 -0.009334489703178406
v 0.0019030116964131594 0.0009607391548343003 -0.009567085653543472
v 0.0009561098413541913 0.0009607391548343003 -0.009707544930279255
v 5.972918691819973e-19 0.0009607391548343003 -0.009754516184329987
v -0.0009561098413541913 0.0009607391548343003 -0.009707544930279255
v -0.0019030116964131594 0.0009607391548343003 -0.009567085653543472
v -0.0028315866366028786 0.0009607391548343003 -0.009334489703178406
v -0.0037328917533159256 0.0009607391548343003 -0.00901199784129858
v -0.0045982468873262405 0.0009607391548343003 -0.008602715097367764
v -0.005419318564236164 0.0009607391548343003 -0.008110583759844303
v -0.0061881993897259235 0.0009607391548343003 -0.00754034286364913
v -0.006897484418004751 0.0009607391548343003 -0.006897484418004751
v -0.00754034286364913 0.0009607391548343003 -0.0061881993897259235
v -0.008110583759844303 0.0009607391548343003 -0.005419318564236164
v -0.008602715097367764 0.0009607391548343003 -0.0045982468873262405
v -0.00901199784129858 0.0009607391548343003 -0.0037328917533159256
v -0.009334489703178406 0.0009607391548343003 -0.0028315866366028786
v -0.009567085653543472 0.0009607391548343003 -0.0019030116964131594
v -0.009707544930279255 0.0009607391548343003 -0.0009561098413541913
v -0.009754516184329987 0.0009607391548343003 -9.812567535187128e-19
v -0.009707544930279255 0.0009607391548343003 0.0009561098413541913
v -0.009567085653543472 0.0009607391548343003 0.0019030116964131594
v -0.009334489703178406 0.0009607391548343003 0.0028315866366028786
v -0.00901199784129858 0.0009607391548343003 0.0037328917533159256
v -0.008602715097367764 0.0009607391548343003 0.0045982468873262405
v -0.008110583759844303 0.0009607391548343003 0.005419318564236164
v -0.00754034286364913 0.0009607391548343003 0.0061881993897259235
v -0.006897484418004751 0.0009607391548343003 0.006897484418004751
v -0.0061881993897259235 0.0009607391548343003 0.00754034286364913
v -0.005419318564236164 0.0009607391548343003 0.008110583759844303
v -0.0045982468873262405 0.0009607391548343003 0.008602715097367764
v -0.0037328917533159256 0.0009607391548343003 0.00901199784129858
v -0.0028315866366028786 0.0009607391548343003 0.009334489703178406
v -0.0019030116964131594 0.0009607391548343003 0.009567085653543472
v -0.0009561098413541913 0.0009607391548343003 0.009707544930279255
v -1.791875452449627e-18 0.0009607391548343003 0.009754516184329987
v 0.0009561098413541913 0.0009607391548343003 0.009707544930279255
v 0.0019030116964131594 0.0009607391548343003 0.009567085653543472
v 0.0028315866366028786 0.0009607391548343003 0.009334489703178406
v 0.0037328917533159256 0.0009607391548343003 0.00901199784129858
v 0.0045982468873262405 0.0009607391548343003 0.008602715097367764
v 0.005419318564236164 0.0009607391548343003 0.008110583759844303
v 0.0061881993897259235 0.0009607391548343003 0.00754034286364913
v 0.006897484418004751 0.0009607391548343003 0.006897484418004751
v 0.00754034286364913 0.0009607391548343003 0.0061881993897259235
v 0.008110583759844303 0.0009607391548343003 0.005419318564236164
v 0.008602715097367764 0.0009607391548343003 0.0045982468873262405
v 0.00901199784129858 0.0009607391548343003 0.0037328917533159256
v 0.009334489703178406 0.0009607391548343003 0.0028315866366028786
v 0.009567085653543472 0.0009607391548343003 0.0019030116964131594
v 0.009707544930279255 0.0009607391548343003 0.0009561098413541913
v 0.014444343745708466 0.0021529807709157467 -0.0014226436614990234
v 0.01451423391699791 0.0021529807709157467 4.780577646891763e-19
v 0.014235347509384155 0.0021529807709157467 -0.0028315866366028786
v 0.013889256864786148 0.0021529807709157467 -0.004213259555399418
v 0.013409403152763844 0.0021529807709157467 -0.00555435661226511
v 0.012800412252545357 0.0021529807709157467 -0.006841962691396475
v 0.012068144045770168 0.0021529807709157467 -0.008063675835728645
v 0.011219654232263565 0.0021529807709157467 -0.009207732044160366
v 0.010263113304972649 0.0021529807709157467 -0.010263113304972649
v 0.009207732044160366 0.0021529807709157467 -0.011219654232263565
v 0.008063675835728645 0.0021529807709157467 -0.012068144045770168
v 0.006841962691396475 0.0021529807709157467 -0.012800412252545357
v 0.00555435661226511 0.0021529807709157467 -0.013409403152763844
v 0.004213259555399418 0.0021529807709157467 -0.013889256864786148
v 0.0028315866366028786 0.0021529807709157467 -0.014235347509384155
v 0.0014226436614990234 0.0021529807709157467 -0.014444343745708466
v 8.887404277149897e-19 0.0021529807709157467 -0.01451423391699791
v -0.0014226436614990234 0.0021529807709157467 -0.014444343745708466
v -0.0028315866366028786 0.0021529807709157467 -0.014235347509384155
v -0.004213259555399418 0.0021529807709157467 -0.013889256864786148
v -0.00555435661226511 0.0021529807709157467 -0.013409403152763844
v -0.006841962691396475 0.0021529807709157467 -0.012800412252545357
v -0.008063675835728645 0.0021529807709157467 -0.012068144045770168
v -0.009207732044160366 0.0021529807709157467 -0.011219654232263565
v -0.010263113304972649 0.0021529807709157467 -0.010263113304972649
v -0.011219654232263565 0.0021529807709157467 -0.009207732044160366
v -0.012068144045770168 0.0021529807709157467 -0.008063675835728645
v -0.012800412252545357 0.0021529807709157467 -0.006841962691396475
v -0.013409403152763844 0.0021529807709157467 -0.00555435661226511
v -0.013889256864786148 0.0021529807709157467 -0.004213259555399418
v -0.014235347509384155 0.0021529807709157467 -0.0028315866366028786
v -0.014444343745708466 0.0021529807709157467 -0.0014226436614990234
v -0.01451423391699791 0.0021529807709157467 -1.299423090740803e-18
v -0.014444343745708466 0.0021529807709157467 0.0014226436614990234
v -0.014235347509384155 0.0021529807709157467 0.0028315866366028786
v -0.013889256864786148 0.0021529807709157467 0.004213259555399418
v -0.013409403152763844 0.0021529807709157467 0.00555435661226511
v -0.012800412252545357 0.0021529807709157467 0.006841962691396475
v -0.012068144045770168 0.0021529807709157467 0.008063675835728645
v -0.011219654232263565 0.0021529807709157467 0.009207732044160366
v -0.010263113304972649 0.0021529807709157467 0.010263113304972649
v -0.009207732044160366 0.0021529807709157467 0.011219654232263565
v -0.008063675835728645 0.0021529807709157467 0.012068144045770168
v -0.006841962691396475 0.0021529807709157467 0.012800412252545357
v -0.00555435661226511 0.0021529807709157467 0.013409403152763844
v -0.004213259555399418 0.0021529807709157467 0.013889256864786148
v -0.0028315866366028786 0.0021529807709157467 0.014235347509384155
v -0.0014226436614990234 0.0021529807709157467 0.014444343745708466
v -2.6662214899401222e-18 0.0021529807709157467 0.01451423391699791
v 0.0014226436614990234 0.0021529807709157467 0.014444343745708466
v 0.0028315866366028786 0.0021529807709157467 0.014235347509384155
v 0.004213259555399418 0.0021529807709157467 0.013889256864786148
v 0.00555435661226511 0.0021529807709157467 0.013409403152763844
v 0.006841962691396475 0.0021529807709157467 0.012800412252545357
v 0.008063675835728645 0.0021529807709157467 0.012068144045770168
v 0.009207732044160366 0.0021529807709157467 0.011219654232263565
v 0.010263113304972649 0.0021529807709157467 0.010263113304972649
v 0.011219654232263565 0.0021529807709157467 0.009207732044160366
v 0.012068144045770168 0.0021529807709157467 0.008063675835728645
v 0.012800412252545357 0.0021529807709157467 0.006841962691396475
v 0.013409403152763844 0.0021529807709157467 0.00555435661226511
v 0.013889256864786148 0.0021529807709157467 0.004213259555399418
v 0.014235347509384155 0.0021529807709157467 0.0028315866366028786
v 0.014444343745708466 0.0021529807709157467 0.0014226436614990234
v 0.019042035564780235 0.0038060264196246862 -0.0018754766788333654
v 0.019134171307086945 0.0038060264196246862 8.451076326797949e-19
v 0.018766513094305992 0.0038060264196246862 -0.0037328917533159256
v 0.01831026002764702 0.0038060264196246862 -0.00555435661226511
v 0.01767767034471035 0.0038060264196246862 -0.007322330959141254
v 0.016874834895133972 0.0038060264196246862 -0.009019785560667515
v 0.015909483656287193 0.0038060264196246862 -0.01063037570565939
v 0.014790914952754974 0.0038060264196246862 -0.012138590216636658
v 0.013529902324080467 0.0038060264196246862 -0.013529902324080467
v 0.012138590216636658 0.0038060264196246862 -0.014790914952754974
v 0.01063037570565939 0.0038060264196246862 -0.015909483656287193
v 0.009019785560667515 0.0038060264196246862 -0.016874834895133972
v 0.007322330959141254 0.0038060264196246862 -0.01767767034471035
v 0.00555435661226511 0.0038060264196246862 -0.01831026002764702
v 0.0037328917533159256 0.0038060264196246862 -0.018766513094305992
v 0.0018754766788333654 0.0038060264196246862 -0.019042035564780235
v 1.1716302001486841e-18 0.0038060264196246862 -0.019134171307086945
v -0.0018754766788333654 0.0038060264196246862 -0.019042035564780235
v -0.0037328917533159256 0.0038060264196246862 -0.018766513094305992
v -0.00555435661226511 0.0038060264196246862 -0.01831026002764702
v -0.007322330959141254 0.0038060264196246862 -0.01767767034471035
v -0.009019785560667515 0.0038060264196246862 -0.016874834895133972
v -0.01063037570565939 0.0038060264196246862 -0.015909483656287193
v -0.012138590216636658 0.0038060264196246862 -0.014790914952754974
v -0.013529902324080467 0.0038060264196246862 -0.013529902324080467
v -0.014790914952754974 0.0038060264196246862 -0.012138590216636658
v -0.015909483656287193 0.0038060264196246862 -0.01063037570565939
v -0.016874834895133972 0.0038060264196246862 -0.009019785560667515
v -0.01767767034471035 0.0038060264196246862 -0.007322330959141254
v -0.01831026002764702 0.0038060264196246862 -0.00555435661226511
v -0.018766513094305992 0.0038060264196246862 -0.0037328917533159256
v -0.019042035564780235 0.0038060264196246862 -0.0018754766788333654
v -0.019134171307086945 0.0038060264196246862 -1.4981527159187851e-18
v -0.019042035564780235 0.0038060264196246862 0.0018754766788333654
v -0.018766513094305992 0.0038060264196246862 0.0037328917533159256
v -0.01831026002764702 0.0038060264196246862 0.00555435661226511
v -0.01767767034471035 0.0038060264196246862 0.007322330959141254
v -0.016874834895133972 0.0038060264196246862 0.009019785560667515
v -0.015909483656287193 0.0038060264196246862 0.01063037570565939
v -0.014790914952754974 0.0038060264196246862 0.012138590216636658
v -0.013529902324080467 0.0038060264196246862 0.013529902324080467
v -0.012138590216636658 0.0038060264196246862 0.014790914952754974
v -0.01063037570565939 0.0038060264196246862 0.015909483656287193
v -0.009019785560667515 0.0038060264196246862 0.016874834895133972
v -0.007322330959141254 0.0038060264196246862 0.01767767034471035
v -0.00555435661226511 0.0038060264196246862 0.01831026002764702
v -0.0037328917533159256 0.0038060264196246862 0.018766513094305992
v -0.0018754766788333654 0.0038060264196246862 0.019042035564780235
v -3.514890186855746e-18 0.0038060264196246862 0.019134171307086945
v 0.0018754766788333654 0.0038060264196246862 0.019042035564780235
v 0.0037328917533159256 0.0038060264196246862 0.018766513094305992
v 0.00555435661226511 0.0038060264196246862 0.01831026002764702
v 0.007322330959141254 0.0038060264196246862 0.01767767034471035
v 0.009019785560667515 0.0038060264196246862 0.016874834895133972
v 0.01063037570565939 0.0038060264196246862 0.015909483656287193
v 0.012138590216636658 0.0038060264196246862 0.014790914952754974
v 0.013529902324080467 0.0038060264196246862 0.013529902324080467
v 0.014790914952754974 0.0038060264196246862 0.012138590216636658
v 0.015909483656287193 0.0038060264196246862 0.01063037570565939
v 0.016874834895133972 0.0038060264196246862 0.009019785560667515
v 0.01767767034471035 0.0038060264196246862 0.007322330959141254
v 0.01831026002764702 0.0038060264196246862 0.00555435661226511
v 0.018766513094305992 0.0038060264196246862 0.0037328917533159256
v 0.019042035564780235 0.0038060264196246862 0.0018754766788333654
v 0.02345634065568447 0.005903934594243765 -0.002310248091816902
v 0.02356983721256256 0.005903934594243765 1.3109368244820818e-18
v 0.023116949945688248 0.005903934594243765 -0.0045982468873262405
v 0.022554928436875343 0.005903934594243765 -0.006841962691396475
v 0.021775690838694572 0.005903934594243765 -0.009019785560667515
v 0.020786739885807037 0.005903934594243765 -0.011110743507742882
v 0.019597603008151054 0.005903934594243765 -0.013094699941575527
v 0.018219729885458946 0.005903934594243765 -0.01495254598557949
v 0.016666391864418983 0.005903934594243765 -0.016666391864418983
v 0.01495254598557949 0.005903934594243765 -0.018219729885458946
v 0.013094699941575527 0.005903934594243765 -0.019597603008151054
v 0.011110743507742882 0.005903934594243765 -0.020786739885807037
v 0.009019785560667515 0.005903934594243765 -0.021775690838694572
v 0.006841962691396475 0.005903934594243765 -0.022554928436875343
v 0.0045982468873262405 0.005903934594243765 -0.023116949945688248
v 0.002310248091816902 0.005903934594243765 -0.02345634065568447
v 1.4432362984489662e-18 0.005903934594243765 -0.02356983721256256
v -0.002310248091816902 0.005903934594243765 -0.02345634065568447
v -0.0045982468873262405 0.005903934594243765 -0.023116949945688248
v -0.006841962691396475 0.005903934594243765 -0.022554928436875343
v -0.009019785560667515 0.005903934594243765 -0.021775690838694572
v -0.011110743507742882 0.005903934594243765 -0.020786739885807037
v -0.013094699941575527 0.005903934594243765 -0.019597603008151054
v -0.01495254598557949 0.005903934594243765 -0.018219729885458946
v -0.016666391864418983 0.005903934594243765 -0.016666391864418983
v -0.018219729885458946 0.005903934594243765 -0.01495254598557949
v -0.019597603008151054 0.005903934594243765 -0.013094699941575527
v -0.020786739885807037 0.005903934594243765 -0.011110743507742882
v -0.021775690838694572 0.005903934594243765 -0.009019785560667515
v -0.022554928436875343 0.005903934594243765 -0.006841962691396475
v -0.023116949945688248 0.005903934594243765 -0.0045982468873262405
v -0.02345634065568447 0.005903934594243765 -0.002310248091816902
v -0.02356983721256256 0.005903934594243765 -1.575535669018274e-18
v -0.02345634065568447 0.005903934594243765 0.002310248091816902
v -0.023116949945688248 0.005903934594243765 0.0045982468873262405
v -0.022554928436875343 0.005903934594243765 0.006841962691396475
v -0.021775690838694572 0.005903934594243765 0.009019785560667515
v -0.020786739885807037 0.005903934594243765 0.011110743507742882
v -0.019597603008151054 0.005903934594243765 0.013094699941575527
v -0.018219729885458946 0.005903934594243765 0.01495254598557949
v -0.016666391864418983 0.005903934594243765 0.016666391864418983
v -0.01495254598557949 0.005903934594243765 0.018219729885458946
v -0.013094699941575527 0.005903934594243765 0.019597603008151054
v -0.011110743507742882 0.005903934594243765 0.020786739885807037
v -0.009019785560667515 0.005903934594243765 0.021775690838694572
v -0.006841962691396475 0.005903934594243765 0.022554928436875343
v -0.0045982468873262405 0.005903934594243765 0.023116949945688248
v -0.002310248091816902 0.005903934594243765 0.02345634065568447
v -4.329708998744475e-18 0.005903934594243765 0.02356983721256256
v 0.002310248091816902 0.005903934594243765 0.02345634065568447
v 0.0045982468873262405 0.005903934594243765 0.023116949945688248
v 0.006841962691396475 0.005903934594243765 0.022554928436875343
v 0.009019785560667515 0.005903934594243765 0.021775690838694572
v 0.011110743507742882 0.005903934594243765 0.020786739885807037
v 0.013094699941575527 0.005903934594243765 0.019597603008151054
v 0.01495254598557949 0.005903934594243765 0.018219729885458946
v 0.016666391864418983 0.005903934594243765 0.016666391864418983
v 0.018219729885458946 0.005903934594243765 0.01495254598557949
v 0.019597603008151054 0.005903934594243765 0.013094699941575527
v 0.020786739885807037 0.005903934594243765 0.011110743507742882
v 0.021775690838694572 0.005903934594243765 0.009019785560667515
v 0.022554928436875343 0.005903934594243765 0.006841962691396475
v 0.023116949945688248 0.005903934594243765 0.0045982468873262405
v 0.02345634065568447 0.005903934594243765 0.002310248091816902
v 0.027644749730825424 0.008426520973443985 -0.0027227704413235188
v 0.027778513729572296 0.008426520973443985 1.87106352044086e-18
v 0.027244754135608673 0.008426520973443985 -0.005419318564236164
v 0.026582378894090652 0.008426520973443985 -0.008063675835728645
v 0.02566399984061718 0.008426520973443985 -0.01063037570565939
v 0.024498458951711655 0.008426520973443985 -0.013094699941575527
v 0.02309698611497879 0.008426520973443985 -0.015432913787662983
v 0.021473079919815063 0.008426520973443985 -0.01762250065803528
v 0.01964237354695797 0.008426520973443985 -0.01964237354695797
v 0.01762250065803528 0.008426520973443985 -0.021473079919815063
v 0.015432913787662983 0.008426520973443985 -0.02309698611497879
v 0.013094699941575527 0.008426520973443985 -0.024498458951711655
v 0.01063037570565939 0.008426520973443985 -0.02566399984061718
v 0.008063675835728645 0.008426520973443985 -0.026582378894090652
v 0.005419318564236164 0.008426520973443985 -0.027244754135608673
v 0.0027227704413235188 0.008426520973443985 -0.027644749730825424
v 1.7009432809165197e-18 0.008426520973443985 -0.027778513729572296
v -0.0027227704413235188 0.008426520973443985 -0.027644749730825424
v -0.005419318564236164 0.008426520973443985 -0.027244754135608673
v -0.008063675835728645 0.008426520973443985 -0.026582378894090652
v -0.01063037570565939 0.008426520973443985 -0.02566399984061718
v -0.013094699941575527 0.008426520973443985 -0.024498458951711655
v -0.015432913787662983 0.008426520973443985 -0.02309698611497879
v -0.01762250065803528 0.008426520973443985 -0.021473079919815063
v -0.01964237354695797 0.008426520973443985 -0.01964237354695797
v -0.021473079919815063 0.008426520973443985 -0.01762250065803528
v -0.02309698611497879 0.008426520973443985 -0.015432913787662983
v -0.024498458951711655 0.008426520973443985 -0.013094699941575527
v -0.02566399984061718 0.008426520973443985 -0.01063037570565939
v -0.026582378894090652 0.008426520973443985 -0.008063675835728645
v -0.027244754135608673 0.008426520973443985 -0.005419318564236164
v -0.027644749730825424 0.008426520973443985 -0.0027227704413235188
v -0.027778513729572296 0.008426520973443985 -1.530822937994603e-18
v -0.027644749730825424 0.008426520973443985 0.0027227704413235188
v -0.027244754135608673 0.008426520973443985 0.005419318564236164
v -0.026582378894090652 0.008426520973443985 0.008063675835728645
v -0.02566399984061718 0.008426520973443985 0.01063037570565939
v -0.024498458951711655 0.008426520973443985 0.013094699941575527
v -0.02309698611497879 0.008426520973443985 0.015432913787662983
v -0.021473079919815063 0.008426520973443985 0.01762250065803528
v -0.01964237354695797 0.008426520973443985 0.01964237354695797
v -0.01762250065803528 0.008426520973443985 0.021473079919815063
v -0.015432913787662983 0.008426520973443985 0.02309698611497879
v -0.013094699941575527 0.008426520973443985 0.024498458951711655
v -0.01063037570565939 0.008426520973443985 0.02566399984061718
v -0.008063675835728645 0.008426520973443985 0.026582378894090652
v -0.005419318564236164 0.008426520973443985 0.027244754135608673
v -0.0027227704413235188 0.008426520973443985 0.027644749730825424
v -5.102829635954406e-18 0.008426520973443985 0.027778513729572296
v 0.0027227704413235188 0.008426520973443985 0.027644749730825424
v 0.005419318564236164 0.008426520973443985 0.027244754135608673
v 0.008063675835728645 0.008426520973443985 0.026582378894090652
v 0.01063037570565939 0.008426520973443985 0.02566399984061718
v 0.013094699941575527 0.008426520973443985 0.024498458951711655
v 0.015432913787662983 0.008426520973443985 0.02309698611497879
v 0.01762250065803528 0.008426520973443985 0.021473079919815063
v 0.01964237354695797 0.008426520973443985 0.01964237354695797
v 0.021473079919815063 0.008426520973443985 0.01762250065803528
v 0.02309698611497879 0.008426520973443985 0.015432913787662983
v 0.024498458951711655 0.008426520973443985 0.013094699941575527
v 0.02566399984061718 0.008426520973443985 0.01063037570565939
v 0.026582378894090652 0.008426520973443985 0.008063675835728645
v 0.027244754135608673 0.008426520973443985 0.005419318564236164
v 0.027644749730825424 0.008426520973443985 0.0027227704413235188
v 0.03156692534685135 0.011349479667842388 -0.0031090707052499056
v 0.03171966224908829 0.011349479667842388 2.5200907289507386e-18
v 0.031110180541872978 0.011349479667842388 -0.0061881993897259235
v 0.03035382740199566 0.011349479667842388 -0.009207732044160366
v 0.029305148869752884 0.011349479667842388 -0.012138590216636658
v 0.027974244207143784 0.011349479667842388 -0.01495254598557949
v 0.026373937726020813 0.011349479667842388 -0.01762250065803528
v 0.024519629776477814 0.011349479667842388 -0.020122742280364037
v 0.022429190576076508 0.011349479667842388 -0.022429190576076508
v 0.020122742280364037 0.011349479667842388 -0.024519629776477814
v 0.01762250065803528 0.011349479667842388 -0.026373937726020813
v 0.01495254598557949 0.011349479667842388 -0.027974244207143784
v 0.012138590216636658 0.011349479667842388 -0.029305148869752884
v 0.009207732044160366 0.011349479667842388 -0.03035382740199566
v 0.0061881993897259235 0.011349479667842388 -0.031110180541872978
v 0.0031090707052499056 0.011349479667842388 -0.03156692534685135
v 1.942269295520956e-18 0.011349479667842388 -0.03171966224908829
v -0.0031090707052499056 0.011349479667842388 -0.03156692534685135
v -0.0061881993897259235 0.011349479667842388 -0.031110180541872978
v -0.009207732044160366 0.011349479667842388 -0.03035382740199566
v -0.012138590216636658 0.011349479667842388 -0.029305148869752884
v -0.01495254598557949 0.011349479667842388 -0.027974244207143784
v -0.01762250065803528 0.011349479667842388 -0.026373937726020813
v -0.020122742280364037 0.011349479667842388 -0.024519629776477814
v -0.022429190576076508 0.011349479667842388 -0.022429190576076508
v -0.024519629776477814 0.011349479667842388 -0.020122742280364037
v -0.026373937726020813 0.011349479667842388 -0.01762250065803528
v -0.027974244207143784 0.011349479667842388 -0.01495254598557949
v -0.029305148869752884 0.011349479667842388 -0.012138590216636658
v -0.03035382740199566 0.011349479667842388 -0.009207732044160366
v -0.031110180541872978 0.011349479667842388 -0.0061881993897259235
v -0.03156692534685135 0.011349479667842388 -0.0031090707052499056
v -0.03171966224908829 0.011349479667842388 -1.36444765529602e-18
v -0.03156692534685135 0.011349479667842388 0.0031090707052499056
v -0.031110180541872978 0.011349479667842388 0.0061881993897259235
v -0.03035382740199566 0.011349479667842388 0.009207732044160366
v -0.029305148869752884 0.011349479667842388 0.012138590216636658
v -0.027974244207143784 0.011349479667842388 0.01495254598557949
v -0.026373937726020813 0.011349479667842388 0.01762250065803528
v -0.024519629776477814 0.011349479667842388 0.020122742280364037
v -0.022429190576076508 0.011349479667842388 0.022429190576076508
v -0.020122742280364037 0.011349479667842388 0.024519629776477814
v -0.01762250065803528 0.011349479667842388 0.026373937726020813
v -0.01495254598557949 0.011349479667842388 0.027974244207143784
v -0.012138590216636658 0.011349479667842388 0.029305148869752884
v -0.009207732044160366 0.011349479667842388 0.03035382740199566
v -0.0061881993897259235 0.011349479667842388 0.031110180541872978
v -0.0031090707052499056 0.011349479667842388 0.03156692534685135
v -5.826807886562868e-18 0.011349479667842388 0.03171966224908829
v 0.0031090707052499056 0.011349479667842388 0.03156692534685135
v 0.0061881993897259235 0.011349479667842388 0.031110180541872978
v 0.009207732044160366 0.011349479667842388 0.03035382740199566
v 0.012138590216636658 0.011349479667842388 0.029305148869752884
v 0.01495254598557949 0.011349479667842388 0.027974244207143784
v 0.01762250065803528 0.011349479667842388 0.026373937726020813
v 0.020122742280364037 0.011349479667842388 0.024519629776477814
v 0.022429190576076508 0.011349479667842388 0.022429190576076508
v 0.024519629776477814 0.011349479667842388 0.020122742280364037
v 0.026373937726020813 0.011349479667842388 0.01762250065803528
v 0.027974244207143784 0.011349479667842388 0.01495254598557949
v 0.029305148869752884 0.011349479667842388 0.012138590216636658
v 0.03035382740199566 0.011349479667842388 0.009207732044160366
v 0.031110180541872978 0.011349479667842388 0.0061881993897259235
v 0.03156692534685135 0.011349479667842388 0.0031090707052499056
v 0.03518509119749069 0.014644660986959934 -0.003465429414063692
v 0.0353553406894207 0.014644660986959934 3.2517679631105377e-18
v 0.034676000475883484 0.014644660986959934 -0.006897484418004751
v 0.03383295238018036 0.014644660986959934 -0.010263113304972649
v 0.03266407549381256 0.014644660986959934 -0.013529902324080467
v 0.031180625781416893 0.014644660986959934 -0.016666391864418983
v 0.029396887868642807 0.014644660986959934 -0.01964237354695797
v 0.027330048382282257 0.014644660986959934 -0.022429190576076508
v 0.02500000037252903 0.014644660986959934 -0.02500000037252903
v 0.022429190576076508 0.014644660986959934 -0.027330048382282257
v 0.01964237354695797 0.014644660986959934 -0.029396887868642807
v 0.016666391864418983 0.014644660986959934 -0.031180625781416893
v 0.013529902324080467 0.014644660986959934 -0.03266407549381256
v 0.010263113304972649 0.014644660986959934 -0.03383295238018036
v 0.006897484418004751 0.014644660986959934 -0.034676000475883484
v 0.003465429414063692 0.014644660986959934 -0.03518509119749069
v 2.1648902749337305e-18 0.014644660986959934 -0.0353553406894207
v -0.003465429414063692 0.014644660986959934 -0.03518509119749069
v -0.006897484418004751 0.014644660986959934 -0.034676000475883484
v -0.010263113304972649 0.014644660986959934 -0.03383295238018036
v -0.013529902324080467 0.014644660986959934 -0.03266407549381256
v -0.016666391864418983 0.014644660986959934 -0.031180625781416893
v -0.01964237354695797 0.014644660986959934 -0.029396887868642807
v -0.022429190576076508 0.014644660986959934 -0.027330048382282257
v -0.02500000037252903 0.014644660986959934 -0.02500000037252903
v -0.027330048382282257 0.014644660986959934 -0.022429190576076508
v -0.029396887868642807 0.014644660986959934 -0.01964237354695797
v -0.031180625781416893 0.014644660986959934 -0.016666391864418983
v -0.03266407549381256 0.014644660986959934 -0.013529902324080467
v -0.03383295238018036 0.014644660986959934 -0.010263113304972649
v -0.034676000475883484 0.014644660986959934 -0.006897484418004751
v -0.03518509119749069 0.014644660986959934 -0.003465429414063692
v -0.0353553406894207 0.014644660986959934 -1.0780124833593467e-18
v -0.03518509119749069 0.014644660986959934 0.003465429414063692
v -0.034676000475883484 0.014644660986959934 0.006897484418004751
v -0.03383295238018036 0.014644660986959934 0.010263113304972649
v -0.03266407549381256 0.014644660986959934 0.013529902324080467
v -0.031180625781416893 0.014644660986959934 0.016666391864418983
v -0.029396887868642807 0.014644660986959934 0.01964237354695797
v -0.027330048382282257 0.014644660986959934 0.022429190576076508
v -0.02500000037252903 0.014644660986959934 0.02500000037252903
v -0.022429190576076508 0.014644660986959934 0.027330048382282257
v -0.01964237354695797 0.014644660986959934 0.029396887868642807
v -0.016666391864418983 0.014644660986959934 0.031180625781416893
v -0.013529902324080467 0.014644660986959934 0.03266407549381256
v -0.010263113304972649 0.014644660986959934 0.03383295238018036
v -0.006897484418004751 0.014644660986959934 0.034676000475883484
v -0.003465429414063692 0.014644660986959934 0.03518509119749069
v -6.494670204415732e-18 0.014644660986959934 0.0353553406894207
v 0.003465429414063692 0.014644660986959934 0.03518509119749069
v 0.006897484418004751 0.014644660986959934 0.034676000475883484
v 0.010263113304972649 0.014644660986959934 0.03383295238018036
v 0.013529902324080467 0.014644660986959934 0.03266407549381256
v 0.016666391864418983 0.014644660986959934 0.031180625781416893
v 0.01964237354695797 0.014644660986959934 0.029396887868642807
v 0.022429190576076508 0.014644660986959934 0.027330048382282257
v 0.02500000037252903 0.014644660986959934 0.02500000037252903
v 0.027330048382282257 0.014644660986959934 0.022429190576076508
v 0.029396887868642807 0.014644660986959934 0.01964237354695797
v 0.031180625781416893 0.014644660986959934 0.016666391864418983
v 0.03266407549381256 0.014644660986959934 0.013529902324080467
v 0.03383295238018036 0.014644660986959934 0.010263113304972649
v 0.034676000475883484 0.014644660986959934 0.006897484418004751
v 0.03518509119749069 0.014644660986959934 0.003465429414063692
v 0.03846440836787224 0.018280336633324623 -0.0037884137127548456
v 0.0386505201458931 0.018280336633324623 4.059050125643143e-18
v 0.03790786489844322 0.018280336633324623 -0.00754034286364913
v 0.03698624297976494 0.018280336633324623 -0.011219654232263565
v 0.03570842742919922 0.018280336633324623 -0.014790914952754974
v 0.034086719155311584 0.018280336633324623 -0.018219729885458946
v 0.03213673457503319 0.018280336633324623 -0.021473079919815063
v 0.029877258464694023 0.018280336633324623 -0.024519629776477814
v 0.027330048382282257 0.018280336633324623 -0.027330048382282257
v 0.024519629776477814 0.018280336633324623 -0.029877258464694023
v 0.021473079919815063 0.018280336633324623 -0.03213673457503319
v 0.018219729885458946 0.018280336633324623 -0.034086719155311584
v 0.014790914952754974 0.018280336633324623 -0.03570842742919922
v 0.011219654232263565 0.018280336633324623 -0.03698624297976494
v 0.00754034286364913 0.018280336633324623 -0.03790786489844322
v 0.0037884137127548456 0.018280336633324623 -0.03846440836787224
v 2.366661960211953e-18 0.018280336633324623 -0.0386505201458931
v -0.0037884137127548456 0.018280336633324623 -0.03846440836787224
v -0.00754034286364913 0.018280336633324623 -0.03790786489844322
v -0.011219654232263565 0.018280336633324623 -0.03698624297976494
v -0.014790914952754974 0.018280336633324623 -0.03570842742919922
v -0.018219729885458946 0.018280336633324623 -0.034086719155311584
v -0.021473079919815063 0.018280336633324623 -0.03213673457503319
v -0.024519629776477814 0.018280336633324623 -0.029877258464694023
v -0.027330048382282257 0.018280336633324623 -0.027330048382282257
v -0.029877258464694023 0.018280336633324623 -0.024519629776477814
v -0.03213673457503319 0.018280336633324623 -0.021473079919815063
v -0.034086719155311584 0.018280336633324623 -0.018219729885458946
v -0.03570842742919922 0.018280336633324623 -0.014790914952754974
v -0.03698624297976494 0.018280336633324623 -0.011219654232263565
v -0.03790786489844322 0.018280336633324623 -0.00754034286364913
v -0.03846440836787224 0.018280336633324623 -0.0037884137127548456
v -0.0386505201458931 0.018280336633324623 -6.7427379478076285e-19
v -0.03846440836787224 0.018280336633324623 0.0037884137127548456
v -0.03790786489844322 0.018280336633324623 0.00754034286364913
v -0.03698624297976494 0.018280336633324623 0.011219654232263565
v -0.03570842742919922 0.018280336633324623 0.014790914952754974
v -0.034086719155311584 0.018280336633324623 0.018219729885458946
v -0.03213673457503319 0.018280336633324623 0.021473079919815063
v -0.029877258464694023 0.018280336633324623 0.024519629776477814
v -0.027330048382282257 0.018280336633324623 0.027330048382282257
v -0.024519629776477814 0.018280336633324623 0.029877258464694023
v -0.021473079919815063 0.018280336633324623 0.03213673457503319
v -0.018219729885458946 0.018280336633324623 0.034086719155311584
v -0.014790914952754974 0.018280336633324623 0.03570842742919922
v -0.011219654232263565 0.018280336633324623 0.03698624297976494
v -0.00754034286364913 0.018280336633324623 0.03790786489844322
v -0.0037884137127548456 0.018280336633324623 0.03846440836787224
v -7.099985673840705e-18 0.018280336633324623 0.0386505201458931
v 0.0037884137127548456 0.018280336633324623 0.03846440836787224
v 0.00754034286364913 0.018280336633324623 0.03790786489844322
v 0.011219654232263565 0.018280336633324623 0.03698624297976494
v 0.014790914952754974 0.018280336633324623 0.03570842742919922
v 0.018219729885458946 0.018280336633324623 0.034086719155311584
v 0.021473079919815063 0.018280336633324623 0.03213673457503319
v 0.024519629776477814 0.018280336633324623 0.029877258464694023
v 0.027330048382282257 0.018280336633324623 0.027330048382282257
v 0.029877258464694023 0.018280336633324623 0.024519629776477814
v 0.03213673457503319 0.018280336633324623 0.021473079919815063
v 0.034086719155311584 0.018280336633324623 0.018219729885458946
v 0.03570842742919922 0.018280336633324623 0.014790914952754974
v 0.03698624297976494 0.018280336633324623 0.011219654232263565
v 0.03790786489844322 0.018280336633324623 0.00754034286364913
v 0.03846440836787224 0.018280336633324623 0.0037884137127548456
v 0.04137329012155533 0.022221487015485764 -0.004074913449585438
v 0.041573479771614075 0.022221487015485764 4.9341613052002494e-18
v 0.04077465832233429 0.022221487015485764 -0.008110583759844303
v 0.03978333994746208 0.022221487015485764 -0.012068144045770168
v 0.03840888664126396 0.022221487015485764 -0.015909483656287193
v 0.036664534360170364 0.022221487015485764 -0.019597603008151054
v 0.03456708416342735 0.022221487015485764 -0.02309698611497879
v 0.03213673457503319 0.022221487015485764 -0.026373937726020813
v 0.029396887868642807 0.022221487015485764 -0.029396887868642807
v 0.026373937726020813 0.022221487015485764 -0.03213673457503319
v 0.02309698611497879 0.022221487015485764 -0.03456708416342735
v 0.019597603008151054 0.022221487015485764 -0.036664534360170364
v 0.015909483656287193 0.022221487015485764 -0.03840888664126396
v 0.012068144045770168 0.022221487015485764 -0.03978333994746208
v 0.008110583759844303 0.022221487015485764 -0.04077465832233429
v 0.004074913449585438 0.022221487015485764 -0.04137329012155533
v 2.545641510891889e-18 0.022221487015485764 -0.041573479771614075
v -0.004074913449585438 0.022221487015485764 -0.04137329012155533
v -0.008110583759844303 0.022221487015485764 -0.04077465832233429
v -0.012068144045770168 0.022221487015485764 -0.03978333994746208
v -0.015909483656287193 0.022221487015485764 -0.03840888664126396
v -0.019597603008151054 0.022221487015485764 -0.036664534360170364
v -0.02309698611497879 0.022221487015485764 -0.03456708416342735
v -0.026373937726020813 0.022221487015485764 -0.03213673457503319
v -0.029396887868642807 0.022221487015485764 -0.029396887868642807
v -0.03213673457503319 0.022221487015485764 -0.026373937726020813
v -0.03456708416342735 0.022221487015485764 -0.02309698611497879
v -0.036664534360170364 0.022221487015485764 -0.019597603008151054
v -0.03840888664126396 0.022221487015485764 -0.015909483656287193
v -0.03978333994746208 0.022221487015485764 -0.012068144045770168
v -0.04077465832233429 0.022221487015485764 -0.008110583759844303
v -0.04137329012155533 0.022221487015485764 -0.004074913449585438
v -0.041573479771614075 0.022221487015485764 -1.5712165196004342e-19
v -0.04137329012155533 0.022221487015485764 0.004074913449585438
v -0.04077465832233429 0.022221487015485764 0.008110583759844303
v -0.03978333994746208 0.022221487015485764 0.012068144045770168
v -0.03840888664126396 0.022221487015485764 0.015909483656287193
v -0.036664534360170364 0.022221487015485764 0.019597603008151054
v -0.03456708416342735 0.022221487015485764 0.02309698611497879
v -0.03213673457503319 0.022221487015485764 0.026373937726020813
v -0.029396887868642807 0.022221487015485764 0.029396887868642807
v -0.026373937726020813 0.022221487015485764 0.03213673457503319
v -0.02309698611497879 0.022221487015485764 0.03456708416342735
v -0.019597603008151054 0.022221487015485764 0.036664534360170364
v -0.015909483656287193 0.022221487015485764 0.03840888664126396
v -0.012068144045770168 0.022221487015485764 0.03978333994746208
v -0.008110583759844303 0.022221487015485764 0.04077465832233429
v -0.004074913449585438 0.022221487015485764 0.04137329012155533
v -7.636924325880514e-18 0.022221487015485764 0.041573479771614075
v 0.004074913449585438 0.022221487015485764 0.04137329012155533
v 0.008110583759844303 0.022221487015485764 0.04077465832233429
v 0.012068144045770168 0.022221487015485764 0.03978333994746208
v 0.015909483656287193 0.022221487015485764 0.03840888664126396
v 0.019597603008151054 0.022221487015485764 0.036664534360170364
v 0.02309698611497879 0.022221487015485764 0.03456708416342735
v 0.026373937726020813 0.022221487015485764 0.03213673457503319
v 0.029396887868642807 0.022221487015485764 0.029396887868642807
v 0.03213673457503319 0.022221487015485764 0.026373937726020813
v 0.03456708416342735 0.022221487015485764 0.02309698611497879
v 0.036664534360170364 0.022221487015485764 0.019597603008151054
v 0.03840888664126396 0.022221487015485764 0.015909483656287193
v 0.03978333994746208 0.022221487015485764 0.012068144045770168
v 0.04077465832233429 0.022221487015485764 0.008110583759844303
v 0.04137329012155533 0.022221487015485764 0.004074913449585438
v 0.043883729726076126 0.02643016166985035 -0.004322170279920101
v 0.04409606382250786 0.02643016166985035 5.8686748060866266e-18
v 0.04324876889586449 0.02643016166985035 -0.008602715097367764
v 0.04219730198383331 0.02643016166985035 -0.012800412252545357
v 0.04073944687843323 0.02643016166985035 -0.016874834895133972
v 0.03888925537467003 0.02643016166985035 -0.020786739885807037
v 0.036664534360170364 0.02643016166985035 -0.024498458951711655
v 0.034086719155311584 0.02643016166985035 -0.027974244207143784
v 0.031180625781416893 0.02643016166985035 -0.031180625781416893
v 0.027974244207143784 0.02643016166985035 -0.034086719155311584
v 0.024498458951711655 0.02643016166985035 -0.036664534360170364
v 0.020786739885807037 0.02643016166985035 -0.03888925537467003
v 0.016874834895133972 0.02643016166985035 -0.04073944687843323
v 0.012800412252545357 0.02643016166985035 -0.04219730198383331
v 0.008602715097367764 0.02643016166985035 -0.04324876889586449
v 0.004322170279920101 0.02643016166985035 -0.043883729726076126
v 2.7001050825769787e-18 0.02643016166985035 -0.04409606382250786
v -0.004322170279920101 0.02643016166985035 -0.043883729726076126
v -0.008602715097367764 0.02643016166985035 -0.04324876889586449
v -0.012800412252545357 0.02643016166985035 -0.04219730198383331
v -0.016874834895133972 0.02643016166985035 -0.04073944687843323
v -0.020786739885807037 0.02643016166985035 -0.03888925537467003
v -0.024498458951711655 0.02643016166985035 -0.036664534360170364
v -0.027974244207143784 0.02643016166985035 -0.034086719155311584
v -0.031180625781416893 0.02643016166985035 -0.031180625781416893
v -0.034086719155311584 0.02643016166985035 -0.027974244207143784
v -0.036664534360170364 0.02643016166985035 -0.024498458951711655
v -0.03888925537467003 0.02643016166985035 -0.020786739885807037
v -0.04073944687843323 0.02643016166985035 -0.016874834895133972
v -0.04219730198383331 0.02643016166985035 -0.012800412252545357
v -0.04324876889586449 0.02643016166985035 -0.008602715097367764
v -0.043883729726076126 0.02643016166985035 -0.004322170279920101
v -0.04409606382250786 0.02643016166985035 4.684646926314574e-19
v -0.043883729726076126 0.02643016166985035 0.004322170279920101
v -0.04324876889586449 0.02643016166985035 0.008602715097367764
v -0.04219730198383331 0.02643016166985035 0.012800412252545357
v -0.04073944687843323 0.02643016166985035 0.016874834895133972
v -0.03888925537467003 0.02643016166985035 0.020786739885807037
v -0.036664534360170364 0.02643016166985035 0.024498458951711655
v -0.034086719155311584 0.02643016166985035 0.027974244207143784
v -0.031180625781416893 0.02643016166985035 0.031180625781416893
v -0.027974244207143784 0.02643016166985035 0.034086719155311584
v -0.024498458951711655 0.02643016166985035 0.036664534360170364
v -0.020786739885807037 0.02643016166985035 0.03888925537467003
v -0.016874834895133972 0.02643016166985035 0.04073944687843323
v -0.012800412252545357 0.02643016166985035 0.04219730198383331
v -0.008602715097367764 0.02643016166985035 0.04324876889586449
v -0.004322170279920101 0.02643016166985035 0.043883729726076126
v -8.100315868116396e-18 0.02643016166985035 0.04409606382250786
v 0.004322170279920101 0.02643016166985035 0.043883729726076126
v 0.008602715097367764 0.02643016166985035 0.04324876889586449
v 0.012800412252545357 0.02643016166985035 0.04219730198383331
v 0.016874834895133972 0.02643016166985035 0.04073944687843323
v 0.020786739885807037 0.02643016166985035 0.03888925537467003
v 0.024498458951711655 0.02643016166985035 0.036664534360170364
v 0.027974244207143784 0.02643016166985035 0.034086719155311584
v 0.031180625781416893 0.02643016166985035 0.031180625781416893
v 0.034086719155311584 0.02643016166985035 0.027974244207143784
v 0.036664534360170364 0.02643016166985035 0.024498458951711655
v 0.03888925537467003 0.02643016166985035 0.020786739885807037
v 0.04073944687843323 0.02643016166985035 0.016874834895133972
v 0.04219730198383331 0.02643016166985035 0.012800412252545357
v 0.04324876889586449 0.02643016166985035 0.008602715097367764
v 0.043883729726076126 0.02643016166985035 0.004322170279920101
v 0.04597153887152672 0.030865829437971115 -0.004527801647782326
v 0.04619397222995758 0.030865829437971115 6.8535909032376974e-18
v 0.04530637338757515 0.030865829437971115 -0.00901199784129858
v 0.04420487955212593 0.030865829437971115 -0.013409403152763844
v 0.04267767071723938 0.030865829437971115 -0.01767767034471035
v 0.04073944687843323 0.030865829437971115 -0.021775690838694572
v 0.03840888664126396 0.030865829437971115 -0.02566399984061718
v 0.03570842742919922 0.030865829437971115 -0.029305148869752884
v 0.03266407549381256 0.030865829437971115 -0.03266407549381256
v 0.029305148869752884 0.030865829437971115 -0.03570842742919922
v 0.02566399984061718 0.030865829437971115 -0.03840888664126396
v 0.021775690838694572 0.030865829437971115 -0.04073944687843323
v 0.01767767034471035 0.030865829437971115 -0.04267767071723938
v 0.013409403152763844 0.030865829437971115 -0.04420487955212593
v 0.00901199784129858 0.030865829437971115 -0.04530637338757515
v 0.004527801647782326 0.030865829437971115 -0.04597153887152672
v 2.8285654045258514e-18 0.030865829437971115 -0.04619397222995758
v -0.004527801647782326 0.030865829437971115 -0.04597153887152672
v -0.00901199784129858 0.030865829437971115 -0.04530637338757515
v -0.013409403152763844 0.030865829437971115 -0.04420487955212593
v -0.01767767034471035 0.030865829437971115 -0.04267767071723938
v -0.021775690838694572 0.030865829437971115 -0.04073944687843323
v -0.02566399984061718 0.030865829437971115 -0.03840888664126396
v -0.029305148869752884 0.030865829437971115 -0.03570842742919922
v -0.03266407549381256 0.030865829437971115 -0.03266407549381256
v -0.03570842742919922 0.030865829437971115 -0.029305148869752884
v -0.03840888664126396 0.030865829437971115 -0.02566399984061718
v -0.04073944687843323 0.030865829437971115 -0.021775690838694572
v -0.04267767071723938 0.030865829437971115 -0.01767767034471035
v -0.04420487955212593 0.030865829437971115 -0.013409403152763844
v -0.04530637338757515 0.030865829437971115 -0.00901199784129858
v -0.04597153887152672 0.030865829437971115 -0.004527801647782326
v -0.04619397222995758 0.030865829437971115 1.1964603009811478e-18
v -0.04597153887152672 0.030865829437971115 0.004527801647782326
v -0.04530637338757515 0.030865829437971115 0.00901199784129858
v -0.04420487955212593 0.030865829437971115 0.013409403152763844
v -0.04267767071723938 0.030865829437971115 0.01767767034471035
v -0.04073944687843323 0.030865829437971115 0.021775690838694572
v -0.03840888664126396 0.030865829437971115 0.02566399984061718
v -0.03570842742919922 0.030865829437971115 0.029305148869752884
v -0.03266407549381256 0.030865829437971115 0.03266407549381256
v -0.029305148869752884 0.030865829437971115 0.03570842742919922
v -0.02566399984061718 0.030865829437971115 0.03840888664126396
v -0.021775690838694572 0.030865829437971115 0.04073944687843323
v -0.01767767034471035 0.030865829437971115 0.04267767071723938
v -0.013409403152763844 0.030865829437971115 0.04420487955212593
v -0.00901199784129858 0.030865829437971115 0.04530637338757515
v -0.004527801647782326 0.030865829437971115 0.04597153887152672
v -8.485695179601788e-18 0.030865829437971115 0.04619397222995758
v 0.004527801647782326 0.030865829437971115 0.04597153887152672
v 0.00901199784129858 0.030865829437971115 0.04530637338757515
v 0.013409403152763844 0.030865829437971115 0.04420487955212593
v 0.01767767034471035 0.030865829437971115 0.04267767071723938
v 0.021775690838694572 0.030865829437971115 0.04073944687843323
v 0.02566399984061718 0.030865829437971115 0.03840888664126396
v 0.029305148869752884 0.030865829437971115 0.03570842742919922
v 0.03266407549381256 0.030865829437971115 0.03266407549381256
v 0.03570842742919922 0.030865829437971115 0.029305148869752884
v 0.03840888664126396 0.030865829437971115 0.02566399984061718
v 0.04073944687843323 0.030865829437971115 0.021775690838694572
v 0.04267767071723938 0.030865829437971115 0.01767767034471035
v 0.04420487955212593 0.030865829437971115 0.013409403152763844
v 0.04530637338757515 0.030865829437971115 0.00901199784129858
v 0.04597153887152672 0.030865829437971115 0.004527801647782326
v 0.0476166196167469 0.03548576682806015 -0.004689828027039766
v 0.047847017645835876 0.03548576682806015 7.879423075798397e-18
v 0.04692764952778816 0.03548576682806015 -0.009334489703178406
v 0.045786742120981216 0.03548576682806015 -0.013889256864786148
v 0.04420487955212593 0.03548576682806015 -0.01831026002764702
v 0.04219730198383331 0.03548576682806015 -0.022554928436875343
v 0.03978333994746208 0.03548576682806015 -0.026582378894090652
v 0.03698624297976494 0.03548576682806015 -0.03035382740199566
v 0.03383295238018036 0.03548576682806015 -0.03383295238018036
v 0.03035382740199566 0.03548576682806015 -0.03698624297976494
v 0.026582378894090652 0.03548576682806015 -0.03978333994746208
v 0.022554928436875343 0.03548576682806015 -0.04219730198383331
v 0.01831026002764702 0.03548576682806015 -0.04420487955212593
v 0.013889256864786148 0.03548576682806015 -0.045786742120981216
v 0.009334489703178406 0.03548576682806015 -0.04692764952778816
v 0.004689828027039766 0.03548576682806015 -0.0476166196167469
v 2.9297846009518214e-18 0.03548576682806015 -0.047847017645835876
v -0.004689828027039766 0.03548576682806015 -0.0476166196167469
v -0.009334489703178406 0.03548576682806015 -0.04692764952778816
v -0.013889256864786148 0.03548576682806015 -0.045786742120981216
v -0.01831026002764702 0.03548576682806015 -0.04420487955212593
v -0.022554928436875343 0.03548576682806015 -0.04219730198383331
v -0.026582378894090652 0.03548576682806015 -0.03978333994746208
v -0.03035382740199566 0.03548576682806015 -0.03698624297976494
v -0.03383295238018036 0.03548576682806015 -0.03383295238018036
v -0.03698624297976494 0.03548576682806015 -0.03035382740199566
v -0.03978333994746208 0.03548576682806015 -0.026582378894090652
v -0.04219730198383331 0.03548576682806015 -0.022554928436875343
v -0.04420487955212593 0.03548576682806015 -0.01831026002764702
v -0.045786742120981216 0.03548576682806015 -0.013889256864786148
v -0.04692764952778816 0.03548576682806015 -0.009334489703178406
v -0.0476166196167469 0.03548576682806015 -0.004689828027039766
v -0.047847017645835876 0.03548576682806015 2.0198538738947546e-18
v -0.0476166196167469 0.03548576682806015 0.004689828027039766
v -0.04692764952778816 0.03548576682806015 0.009334489703178406
v -0.045786742120981216 0.03548576682806015 0.013889256864786148
v -0.04420487955212593 0.03548576682806015 0.01831026002764702
v -0.04219730198383331 0.03548576682806015 0.022554928436875343
v -0.03978333994746208 0.03548576682806015 0.026582378894090652
v -0.03698624297976494 0.03548576682806015 0.03035382740199566
v -0.03383295238018036 0.03548576682806015 0.03383295238018036
v -0.03035382740199566 0.03548576682806015 0.03698624297976494
v -0.026582378894090652 0.03548576682806015 0.03978333994746208
v -0.022554928436875343 0.03548576682806015 0.04219730198383331
v -0.01831026002764702 0.03548576682806015 0.04420487955212593
v -0.013889256864786148 0.03548576682806015 0.045786742120981216
v -0.009334489703178406 0.03548576682806015 0.04692764952778816
v -0.004689828027039766 0.03548576682806015 0.0476166196167469
v -8.789354009650617e-18 0.03548576682806015 0.047847017645835876
v 0.004689828027039766 0.03548576682806015 0.0476166196167469
v 0.009334489703178406 0.03548576682806015 0.04692764952778816
v 0.013889256864786148 0.03548576682806015 0.045786742120981216
v 0.01831026002764702 0.03548576682806015 0.04420487955212593
v 0.022554928436875343 0.03548576682806015 0.04219730198383331
v 0.026582378894090652 0.03548576682806015 0.03978333994746208
v 0.03035382740199566 0.03548576682806015 0.03698624297976494
v 0.03383295238018036 0.03548576682806015 0.03383295238018036
v 0.03698624297976494 0.03548576682806015 0.03035382740199566
v 0.03978333994746208 0.03548576682806015 0.026582378894090652
v 0.04219730198383331 0.03548576682806015 0.022554928436875343
v 0.04420487955212593 0.03548576682806015 0.01831026002764702
v 0.045786742120981216 0.03548576682806015 0.013889256864786148
v 0.04692764952778816 0.03548576682806015 0.009334489703178406
v 0.0476166196167469 0.03548576682806015 0.004689828027039766
v 0.04880312830209732 0.04024548456072807 -0.004806688521057367
v 0.04903925955295563 0.04024548456072807 8.936292719303312e-18
v 0.04809698835015297 0.04024548456072807 -0.009567085653543472
v 0.04692764952778816 0.04024548456072807 -0.014235347509384155
v 0.04530637338757515 0.04024548456072807 -0.018766513094305992
v 0.04324876889586449 0.04024548456072807 -0.023116949945688248
v 0.04077465832233429 0.04024548456072807 -0.027244754135608673
v 0.03790786489844322 0.04024548456072807 -0.031110180541872978
v 0.034676000475883484 0.04024548456072807 -0.034676000475883484
v 0.031110180541872978 0.04024548456072807 -0.03790786489844322
v 0.027244754135608673 0.04024548456072807 -0.04077465832233429
v 0.023116949945688248 0.04024548456072807 -0.04324876889586449
v 0.018766513094305992 0.04024548456072807 -0.04530637338757515
v 0.014235347509384155 0.04024548456072807 -0.04692764952778816
v 0.009567085653543472 0.04024548456072807 -0.04809698835015297
v 0.004806688521057367 0.04024548456072807 -0.04880312830209732
v 3.002788873478761e-18 0.04024548456072807 -0.04903925955295563
v -0.004806688521057367 0.04024548456072807 -0.04880312830209732
v -0.009567085653543472 0.04024548456072807 -0.04809698835015297
v -0.014235347509384155 0.04024548456072807 -0.04692764952778816
v -0.018766513094305992 0.04024548456072807 -0.04530637338757515
v -0.023116949945688248 0.04024548456072807 -0.04324876889586449
v -0.027244754135608673 0.04024548456072807 -0.04077465832233429
v -0.031110180541872978 0.04024548456072807 -0.03790786489844322
v -0.034676000475883484 0.04024548456072807 -0.034676000475883484
v -0.03790786489844322 0.04024548456072807 -0.031110180541872978
v -0.04077465832233429 0.04024548456072807 -0.027244754135608673
v -0.04324876889586449 0.04024548456072807 -0.023116949945688248
v -0.04530637338757515 0.04024548456072807 -0.018766513094305992
v -0.04692764952778816 0.04024548456072807 -0.014235347509384155
v -0.04809698835015297 0.04024548456072807 -0.009567085653543472
v -0.04880312830209732 0.04024548456072807 -0.004806688521057367
v -0.04903925955295563 0.04024548456072807 2.930714558755484e-18
v -0.04880312830209732 0.04024548456072807 0.004806688521057367
v -0.04809698835015297 0.04024548456072807 0.009567085653543472
v -0.04692764952778816 0.04024548456072807 0.014235347509384155
v -0.04530637338757515 0.04024548456072807 0.018766513094305992
v -0.04324876889586449 0.04024548456072807 0.023116949945688248
v -0.04077465832233429 0.04024548456072807 0.027244754135608673
v -0.03790786489844322 0.04024548456072807 0.031110180541872978
v -0.034676000475883484 0.04024548456072807 0.034676000475883484
v -0.031110180541872978 0.04024548456072807 0.03790786489844322
v -0.027244754135608673 0.04024548456072807 0.04077465832233429
v -0.023116949945688248 0.04024548456072807 0.04324876889586449
v -0.018766513094305992 0.04024548456072807 0.04530637338757515
v -0.014235347509384155 0.04024548456072807 0.04692764952778816
v -0.009567085653543472 0.04024548456072807 0.04809698835015297
v -0.004806688521057367 0.04024548456072807 0.04880312830209732
v -9.008366620436283e-18 0.04024548456072807 0.04903925955295563
v 0.004806688521057367 0.04024548456072807 0.04880312830209732
v 0.009567085653543472 0.04024548456072807 0.04809698835015297
v 0.014235347509384155 0.04024548456072807 0.04692764952778816
v 0.018766513094305992 0.04024548456072807 0.04530637338757515
v 0.023116949945688248 0.04024548456072807 0.04324876889586449
v 0.027244754135608673 0.04024548456072807 0.04077465832233429
v 0.031110180541872978 0.04024548456072807 0.03790786489844322
v 0.034676000475883484 0.04024548456072807 0.034676000475883484
v 0.03790786489844322 0.04024548456072807 0.031110180541872978
v 0.04077465832233429 0.04024548456072807 0.027244754135608673
v 0.04324876889586449 0.04024548456072807 0.023116949945688248
v 0.04530637338757515 0.04024548456072807 0.018766513094305992
v 0.04692764952778816 0.04024548456072807 0.014235347509384155
v 0.04809698835015297 0.04024548456072807 0.009567085653543472
v 0.04880312830209732 0.04024548456072807 0.004806688521057367
v 0.04951963201165199 0.04509914293885231 -0.004877258092164993
v 0.049759235233068466 0.04509914293885231 1.0014021376314977e-17
v 0.04880312830209732 0.04509914293885231 -0.009707544930279255
v 0.0476166196167469 0.04509914293885231 -0.014444343745708466
v 0.04597153887152672 0.04509914293885231 -0.019042035564780235
v 0.043883729726076126 0.04509914293885231 -0.02345634065568447
v 0.04137329012155533 0.04509914293885231 -0.027644749730825424
v 0.03846440836787224 0.04509914293885231 -0.03156692534685135
v 0.03518509119749069 0.04509914293885231 -0.03518509119749069
v 0.03156692534685135 0.04509914293885231 -0.03846440836787224
v 0.027644749730825424 0.04509914293885231 -0.04137329012155533
v 0.02345634065568447 0.04509914293885231 -0.043883729726076126
v 0.019042035564780235 0.04509914293885231 -0.04597153887152672
v 0.014444343745708466 0.04509914293885231 -0.0476166196167469
v 0.009707544930279255 0.04509914293885231 -0.04880312830209732
v 0.004877258092164993 0.04509914293885231 -0.04951963201165199
v 3.04687449820054e-18 0.04509914293885231 -0.049759235233068466
v -0.004877258092164993 0.04509914293885231 -0.04951963201165199
v -0.009707544930279255 0.04509914293885231 -0.04880312830209732
v -0.014444343745708466 0.04509914293885231 -0.0476166196167469
v -0.019042035564780235 0.04509914293885231 -0.04597153887152672
v -0.02345634065568447 0.04509914293885231 -0.043883729726076126
v -0.027644749730825424 0.04509914293885231 -0.04137329012155533
v -0.03156692534685135 0.04509914293885231 -0.03846440836787224
v -0.03518509119749069 0.04509914293885231 -0.03518509119749069
v -0.03846440836787224 0.04509914293885231 -0.03156692534685135
v -0.04137329012155533 0.04509914293885231 -0.027644749730825424
v -0.043883729726076126 0.04509914293885231 -0.02345634065568447
v -0.04597153887152672 0.04509914293885231 -0.019042035564780235
v -0.0476166196167469 0.04509914293885231 -0.014444343745708466
v -0.04880312830209732 0.04509914293885231 -0.009707544930279255
v -0.04951963201165199 0.04509914293885231 -0.004877258092164993
v -0.049759235233068466 0.04509914293885231 3.9202727935042026e-18
v -0.04951963201165199 0.04509914293885231 0.004877258092164993
v -0.04880312830209732 0.04509914293885231 0.009707544930279255
v -0.0476166196167469 0.04509914293885231 0.014444343745708466
v -0.04597153887152672 0.04509914293885231 0.019042035564780235
v -0.043883729726076126 0.04509914293885231 0.02345634065568447
v -0.04137329012155533 0.04509914293885231 0.027644749730825424
v -0.03846440836787224 0.04509914293885231 0.03156692534685135
v -0.03518509119749069 0.04509914293885231 0.03518509119749069
v -0.03156692534685135 0.04509914293885231 0.03846440836787224
v -0.027644749730825424 0.04509914293885231 0.04137329012155533
v -0.02345634065568447 0.04509914293885231 0.043883729726076126
v -0.019042035564780235 0.04509914293885231 0.04597153887152672
v -0.014444343745708466 0.04509914293885231 0.0476166196167469
v -0.009707544930279255 0.04509914293885231 0.04880312830209732
v -0.004877258092164993 0.04509914293885231 0.04951963201165199
v -9.140623701396774e-18 0.04509914293885231 0.049759235233068466
v 0.004877258092164993 0.04509914293885231 0.04951963201165199
v 0.009707544930279255 0.04509914293885231 0.04880312830209732
v 0.014444343745708466 0.04509914293885231 0.0476166196167469
v 0.019042035564780235 0.04509914293885231 0.04597153887152672
v 0.02345634065568447 0.04509914293885231 0.043883729726076126
v 0.027644749730825424 0.04509914293885231 0.04137329012155533
v 0.03156692534685135 0.04509914293885231 0.03846440836787224
v 0.03518509119749069 0.04509914293885231 0.03518509119749069
v 0.03846440836787224 0.04509914293885231 0.03156692534685135
v 0.04137329012155533 0.04509914293885231 0.027644749730825424
v 0.043883729726076126 0.04509914293885231 0.02345634065568447
v 0.04597153887152672 0.04509914293885231 0.019042035564780235
v 0.0476166196167469 0.04509914293885231 0.014444343745708466
v 0.04880312830209732 0.04509914293885231 0.009707544930279255
v 0.04951963201165199 0.04509914293885231 0.004877258092164993
v 0.049759235233068466 0.05000000074505806 -0.004900856874883175
v 0.05000000074505806 0.05000000074505806 1.1102230411687688e-17
v 0.04903925955295563 0.05000000074505806 -0.009754516184329987
v 0.047847017645835876 0.05000000074505806 -0.01451423391699791
v 0.04619397222995758 0.05000000074505806 -0.019134171307086945
v 0.04409606382250786 0.05000000074505806 -0.02356983721256256
v 0.041573479771614075 0.05000000074505806 -0.027778513729572296
v 0.0386505201458931 0.05000000074505806 -0.03171966224908829
v 0.0353553406894207 0.05000000074505806 -0.0353553406894207
v 0.03171966224908829 0.05000000074505806 -0.0386505201458931
v 0.027778513729572296 0.05000000074505806 -0.041573479771614075
v 0.02356983721256256 0.05000000074505806 -0.04409606382250786
v 0.019134171307086945 0.05000000074505806 -0.04619397222995758
v 0.01451423391699791 0.05000000074505806 -0.047847017645835876
v 0.009754516184329987 0.05000000074505806 -0.04903925955295563
v 0.004900856874883175 0.05000000074505806 -0.049759235233068466
v 3.0616171314629196e-18 0.05000000074505806 -0.05000000074505806
v -0.004900856874883175 0.05000000074505806 -0.049759235233068466
v -0.009754516184329987 0.05000000074505806 -0.04903925955295563
v -0.01451423391699791 0.05000000074505806 -0.047847017645835876
v -0.019134171307086945 0.05000000074505806 -0.04619397222995758
v -0.02356983721256256 0.05000000074505806 -0.04409606382250786
v -0.027778513729572296 0.05000000074505806 -0.041573479771614075
v -0.03171966224908829 0.05000000074505806 -0.0386505201458931
v -0.0353553406894207 0.05000000074505806 -0.0353553406894207
v -0.0386505201458931 0.05000000074505806 -0.03171966224908829
v -0.041573479771614075 0.05000000074505806 -0.027778513729572296
v -0.04409606382250786 0.05000000074505806 -0.02356983721256256
v -0.04619397222995758 0.05000000074505806 -0.019134171307086945
v -0.047847017645835876 0.05000000074505806 -0.01451423391699791
v -0.04903925955295563 0.05000000074505806 -0.009754516184329987
v -0.049759235233068466 0.05000000074505806 -0.004900856874883175
v -0.05000000074505806 0.05000000074505806 4.978996148761849e-18
v -0.049759235233068466 0.05000000074505806 0.004900856874883175
v -0.04903925955295563 0.05000000074505806 0.009754516184329987
v -0.047847017645835876 0.05000000074505806 0.01451423391699791
v -0.04619397222995758 0.05000000074505806 0.019134171307086945
v -0.04409606382250786 0.05000000074505806 0.02356983721256256
v -0.041573479771614075 0.05000000074505806 0.027778513729572296
v -0.0386505201458931 0.05000000074505806 0.03171966224908829
v -0.0353553406894207 0.05000000074505806 0.0353553406894207
v -0.03171966224908829 0.05000000074505806 0.0386505201458931
v -0.027778513729572296 0.05000000074505806 0.041573479771614075
v -0.02356983721256256 0.05000000074505806 0.04409606382250786
v -0.019134171307086945 0.05000000074505806 0.04619397222995758
v -0.01451423391699791 0.05000000074505806 0.047847017645835876
v -0.009754516184329987 0.05000000074505806 0.04903925955295563
v -0.004900856874883175 0.05000000074505806 0.049759235233068466
v -9.184850567208146e-18 0.05000000074505806 0.05000000074505806
v 0.004900856874883175 0.05000000074505806 0.049759235233068466
v 0.009754516184329987 0.05000000074505806 0.04903925955295563
v 0.01451423391699791 0.05000000074505806 0.047847017645835876
v 0.019134171307086945 0.05000000074505806 0.04619397222995758
v 0.02356983721256256 0.05000000074505806 0.04409606382250786
v 0.027778513729572296 0.05000000074505806 0.041573479771614075
v 0.03171966224908829 0.05000000074505806 0.0386505201458931
v 0.0353553406894207 0.05000000074505806 0.0353553406894207
v 0.0386505201458931 0.05000000074505806 0.03171966224908829
v 0.041573479771614075 0.05000000074505806 0.027778513729572296
v 0.04409606382250786 0.05000000074505806 0.02356983721256256
v 0.04619397222995758 0.05000000074505806 0.019134171307086945
v 0.047847017645835876 0.05000000074505806 0.01451423391699791
v 0.04903925955295563 0.05000000074505806 0.009754516184329987
v 0.049759235233068466 0.05000000074505806 0.004900856874883175
v 0.04951963201165199 0.05490085482597351 -0.004877258092164993
v 0.049759235233068466 0.05490085482597351 1.2190438619879787e-17
v 0.04880312830209732 0.05490085482597351 -0.009707544930279255
v 0.0476166196167469 0.05490085482597351 -0.014444343745708466
v 0.04597153887152672 0.05490085482597351 -0.019042035564780235
v 0.043883729726076126 0.05490085482597351 -0.02345634065568447
v 0.04137329012155533 0.05490085482597351 -0.027644749730825424
v 0.03846440836787224 0.05490085482597351 -0.03156692534685135
v 0.03518509119749069 0.05490085482597351 -0.03518509119749069
v 0.03156692534685135 0.05490085482597351 -0.03846440836787224
v 0.027644749730825424 0.05490085482597351 -0.04137329012155533
v 0.02345634065568447 0.05490085482597351 -0.043883729726076126
v 0.019042035564780235 0.05490085482597351 -0.04597153887152672
v 0.014444343745708466 0.05490085482597351 -0.0476166196167469
v 0.009707544930279255 0.05490085482597351 -0.04880312830209732
v 0.004877258092164993 0.05490085482597351 -0.04951963201165199
v 3.04687449820054e-18 0.05490085482597351 -0.049759235233068466
v -0.004877258092164993 0.05490085482597351 -0.04951963201165199
v -0.009707544930279255 0.05490085482597351 -0.04880312830209732
v -0.014444343745708466 0.05490085482597351 -0.0476166196167469
v -0.019042035564780235 0.05490085482597351 -0.04597153887152672
v -0.02345634065568447 0.05490085482597351 -0.043883729726076126
v -0.027644749730825424 0.05490085482597351 -0.04137329012155533
v -0.03156692534685135 0.05490085482597351 -0.03846440836787224
v -0.03518509119749069 0.05490085482597351 -0.03518509119749069
v -0.03846440836787224 0.05490085482597351 -0.03156692534685135
v -0.04137329012155533 0.05490085482597351 -0.027644749730825424
v -0.043883729726076126 0.05490085482597351 -0.02345634065568447
v -0.04597153887152672 0.05490085482597351 -0.019042035564780235
v -0.0476166196167469 0.05490085482597351 -0.014444343745708466
v -0.04880312830209732 0.05490085482597351 -0.009707544930279255
v -0.04951963201165199 0.05490085482597351 -0.004877258092164993
v -0.049759235233068466 0.05490085482597351 6.0966900370690126e-18
v -0.04951963201165199 0.05490085482597351 0.004877258092164993
v -0.04880312830209732 0.05490085482597351 0.009707544930279255
v -0.0476166196167469 0.05490085482597351 0.014444343745708466
v -0.04597153887152672 0.05490085482597351 0.019042035564780235
v -0.043883729726076126 0.05490085482597351 0.02345634065568447
v -0.04137329012155533 0.05490085482597351 0.027644749730825424
v -0.03846440836787224 0.05490085482597351 0.03156692534685135
v -0.03518509119749069 0.05490085482597351 0.03518509119749069
v -0.03156692534685135 0.05490085482597351 0.03846440836787224
v -0.027644749730825424 0.05490085482597351 0.04137329012155533
v -0.02345634065568447 0.05490085482597351 0.043883729726076126
v -0.019042035564780235 0.05490085482597351 0.04597153887152672
v -0.014444343745708466 0.05490085482597351 0.0476166196167469
v -0.009707544930279255 0.05490085482597351 0.04880312830209732
v -0.004877258092164993 0.05490085482597351 0.04951963201165199
v -9.140623701396774e-18 0.05490085482597351 0.049759235233068466
v 0.004877258092164993 0.05490085482597351 0.04951963201165199
v 0.009707544930279255 0.05490085482597351 0.04880312830209732
v 0.014444343745708466 0.05490085482597351 0.0476166196167469
v 0.019042035564780235 0.05490085482597351 0.04597153887152672
v 0.02345634065568447 0.05490085482597351 0.043883729726076126
v 0.027644749730825424 0.05490085482597351 0.04137329012155533
v 0.03156692534685135 0.05490085482597351 0.03846440836787224
v 0.03518509119749069 0.05490085482597351 0.03518509119749069
v 0.03846440836787224 0.05490085482597351 0.03156692534685135
v 0.04137329012155533 0.05490085482597351 0.027644749730825424
v 0.043883729726076126 0.05490085482597351 0.02345634065568447
v 0.04597153887152672 0.05490085482597351 0.019042035564780235
v 0.0476166196167469 0.05490085482597351 0.014444343745708466
v 0.04880312830209732 0.05490085482597351 0.009707544930279255
v 0.04951963201165199 0.05490085482597351 0.004877258092164993
v 0.04880312830209732 0.059754516929388046 -0.004806688521057367
v 0.04903925955295563 0.059754516929388046 1.3268168104072064e-17
v 0.04809698835015297 0.059754516929388046 -0.009567085653543472
v 0.04692764952778816 0.059754516929388046 -0.014235347509384155
v 0.04530637338757515 0.059754516929388046 -0.018766513094305992
v 0.04324876889586449 0.059754516929388046 -0.023116949945688248
v 0.04077465832233429 0.059754516929388046 -0.027244754135608673
v 0.03790786489844322 0.059754516929388046 -0.031110180541872978
v 0.034676000475883484 0.059754516929388046 -0.034676000475883484
v 0.031110180541872978 0.059754516929388046 -0.03790786489844322
v 0.027244754135608673 0.059754516929388046 -0.04077465832233429
v 0.023116949945688248 0.059754516929388046 -0.04324876889586449
v 0.018766513094305992 0.059754516929388046 -0.04530637338757515
v 0.014235347509384155 0.059754516929388046 -0.04692764952778816
v 0.009567085653543472 0.059754516929388046 -0.04809698835015297
v 0.004806688521057367 0.059754516929388046 -0.04880312830209732
v 3.002788873478761e-18 0.059754516929388046 -0.04903925955295563
v -0.004806688521057367 0.059754516929388046 -0.04880312830209732
v -0.009567085653543472 0.059754516929388046 -0.04809698835015297
v -0.014235347509384155 0.059754516929388046 -0.04692764952778816
v -0.018766513094305992 0.059754516929388046 -0.04530637338757515
v -0.023116949945688248 0.059754516929388046 -0.04324876889586449
v -0.027244754135608673 0.059754516929388046 -0.04077465832233429
v -0.031110180541872978 0.059754516929388046 -0.03790786489844322
v -0.034676000475883484 0.059754516929388046 -0.034676000475883484
v -0.03790786489844322 0.059754516929388046 -0.031110180541872978
v -0.04077465832233429 0.059754516929388046 -0.027244754135608673
v -0.04324876889586449 0.059754516929388046 -0.023116949945688248
v -0.04530637338757515 0.059754516929388046 -0.018766513094305992
v -0.04692764952778816 0.059754516929388046 -0.014235347509384155
v -0.04809698835015297 0.059754516929388046 -0.009567085653543472
v -0.04880312830209732 0.059754516929388046 -0.004806688521057367
v -0.04903925955295563 0.059754516929388046 7.262590357114542e-18
v -0.04880312830209732 0.059754516929388046 0.004806688521057367
v -0.04809698835015297 0.059754516929388046 0.009567085653543472
v -0.04692764952778816 0.059754516929388046 0.014235347509384155
v -0.04530637338757515 0.059754516929388046 0.018766513094305992
v -0.04324876889586449 0.059754516929388046 0.023116949945688248
v -0.04077465832233429 0.059754516929388046 0.027244754135608673
v -0.03790786489844322 0.059754516929388046 0.031110180541872978
v -0.034676000475883484 0.059754516929388046 0.034676000475883484
v -0.031110180541872978 0.059754516929388046 0.03790786489844322
v -0.027244754135608673 0.059754516929388046 0.04077465832233429
v -0.023116949945688248 0.059754516929388046 0.04324876889586449
v -0.018766513094305992 0.059754516929388046 0.04530637338757515
v -0.014235347509384155 0.059754516929388046 0.04692764952778816
v -0.009567085653543472 0.059754516929388046 0.04809698835015297
v -0.004806688521057367 0.059754516929388046 0.04880312830209732
v -9.008366620436283e-18 0.059754516929388046 0.04903925955295563
v 0.004806688521057367 0.059754516929388046 0.04880312830209732
v 0.009567085653543472 0.059754516929388046 0.04809698835015297
v 0.014235347509384155 0.059754516929388046 0.04692764952778816
v 0.018766513094305992 0.059754516929388046 0.04530637338757515
v 0.023116949945688248 0.059754516929388046 0.04324876889586449
v 0.027244754135608673 0.059754516929388046 0.04077465832233429
v 0.031110180541872978 0.059754516929388046 0.03790786489844322
v 0.034676000475883484 0.059754516929388046 0.034676000475883484
v 0.03790786489844322 0.059754516929388046 0.031110180541872978
v 0.04077465832233429 0.059754516929388046 0.027244754135608673
v 0.04324876889586449 0.059754516929388046 0.023116949945688248
v 0.04530637338757515 0.059754516929388046 0.018766513094305992
v 0.04692764952778816 0.059754516929388046 0.014235347509384155
v 0.04809698835015297 0.059754516929388046 0.009567085653543472
v 0.04880312830209732 0.059754516929388046 0.004806688521057367
v 0.0476166196167469 0.06451423466205597 -0.004689828027039766
v 0.047847017645835876 0.06451423466205597 1.4325037747576978e-17
v 0.04692764952778816 0.06451423466205597 -0.009334489703178406
v 0.045786742120981216 0.06451423466205597 -0.013889256864786148
v 0.04420487955212593 0.06451423466205597 -0.01831026002764702
v 0.04219730198383331 0.06451423466205597 -0.022554928436875343
v 0.03978333994746208 0.06451423466205597 -0.026582378894090652
v 0.03698624297976494 0.06451423466205597 -0.03035382740199566
v 0.03383295238018036 0.06451423466205597 -0.03383295238018036
v 0.03035382740199566 0.06451423466205597 -0.03698624297976494
v 0.026582378894090652 0.06451423466205597 -0.03978333994746208
v 0.022554928436875343 0.06451423466205597 -0.04219730198383331
v 0.01831026002764702 0.06451423466205597 -0.04420487955212593
v 0.013889256864786148 0.06451423466205597 -0.045786742120981216
v 0.009334489703178406 0.06451423466205597 -0.04692764952778816
v 0.004689828027039766 0.06451423466205597 -0.0476166196167469
v 2.9297846009518214e-18 0.06451423466205597 -0.047847017645835876
v -0.004689828027039766 0.06451423466205597 -0.0476166196167469
v -0.009334489703178406 0.06451423466205597 -0.04692764952778816
v -0.013889256864786148 0.06451423466205597 -0.045786742120981216
v -0.01831026002764702 0.06451423466205597 -0.04420487955212593
v -0.022554928436875343 0.06451423466205597 -0.04219730198383331
v -0.026582378894090652 0.06451423466205597 -0.03978333994746208
v -0.03035382740199566 0.06451423466205597 -0.03698624297976494
v -0.03383295238018036 0.06451423466205597 -0.03383295238018036
v -0.03698624297976494 0.06451423466205597 -0.03035382740199566
v -0.03978333994746208 0.06451423466205597 -0.026582378894090652
v -0.04219730198383331 0.06451423466205597 -0.022554928436875343
v -0.04420487955212593 0.06451423466205597 -0.01831026002764702
v -0.045786742120981216 0.06451423466205597 -0.013889256864786148
v -0.04692764952778816 0.06451423466205597 -0.009334489703178406
v -0.0476166196167469 0.06451423466205597 -0.004689828027039766
v -0.047847017645835876 0.06451423466205597 8.465468959263642e-18
v -0.0476166196167469 0.06451423466205597 0.004689828027039766
v -0.04692764952778816 0.06451423466205597 0.009334489703178406
v -0.045786742120981216 0.06451423466205597 0.013889256864786148
v -0.04420487955212593 0.06451423466205597 0.01831026002764702
v -0.04219730198383331 0.06451423466205597 0.022554928436875343
v -0.03978333994746208 0.06451423466205597 0.026582378894090652
v -0.03698624297976494 0.06451423466205597 0.03035382740199566
v -0.03383295238018036 0.06451423466205597 0.03383295238018036
v -0.03035382740199566 0.06451423466205597 0.03698624297976494
v -0.026582378894090652 0.06451423466205597 0.03978333994746208
v -0.022554928436875343 0.06451423466205597 0.04219730198383331
v -0.01831026002764702 0.06451423466205597 0.04420487955212593
v -0.013889256864786148 0.06451423466205597 0.045786742120981216
v -0.009334489703178406 0.06451423466205597 0.04692764952778816
v -0.004689828027039766 0.06451423466205597 0.0476166196167469
v -8.789354009650617e-18 0.06451423466205597 0.047847017645835876
v 0.004689828027039766 0.06451423466205597 0.0476166196167469
v 0.009334489703178406 0.06451423466205597 0.04692764952778816
v 0.013889256864786148 0.06451423466205597 0.045786742120981216
v 0.01831026002764702 0.06451423466205597 0.04420487955212593
v 0.022554928436875343 0.06451423466205597 0.04219730198383331
v 0.026582378894090652 0.06451423466205597 0.03978333994746208
v 0.03035382740199566 0.06451423466205597 0.03698624297976494
v 0.03383295238018036 0.06451423466205597 0.03383295238018036
v 0.03698624297976494 0.06451423466205597 0.03035382740199566
v 0.03978333994746208 0.06451423466205597 0.026582378894090652
v 0.04219730198383331 0.06451423466205597 0.022554928436875343
v 0.04420487955212593 0.06451423466205597 0.01831026002764702
v 0.045786742120981216 0.06451423466205597 0.013889256864786148
v 0.04692764952778816 0.06451423466205597 0.009334489703178406
v 0.0476166196167469 0.06451423466205597 0.004689828027039766
v 0.04597153887152672 0.0691341683268547 -0.004527801647782326
v 0.04619397222995758 0.0691341683268547 1.5350869092957066e-17
v 0.04530637338757515 0.0691341683268547 -0.00901199784129858
v 0.04420487955212593 0.0691341683268547 -0.013409403152763844
v 0.04267767071723938 0.0691341683268547 -0.01767767034471035
v 0.04073944687843323 0.0691341683268547 -0.021775690838694572
v 0.03840888664126396 0.0691341683268547 -0.02566399984061718
v 0.03570842742919922 0.0691341683268547 -0.029305148869752884
v 0.03266407549381256 0.0691341683268547 -0.03266407549381256
v 0.029305148869752884 0.0691341683268547 -0.03570842742919922
v 0.02566399984061718 0.0691341683268547 -0.03840888664126396
v 0.021775690838694572 0.0691341683268547 -0.04073944687843323
v 0.01767767034471035 0.0691341683268547 -0.04267767071723938
v 0.013409403152763844 0.0691341683268547 -0.04420487955212593
v 0.00901199784129858 0.0691341683268547 -0.04530637338757515
v 0.004527801647782326 0.0691341683268547 -0.04597153887152672
v 2.8285654045258514e-18 0.0691341683268547 -0.04619397222995758
v -0.004527801647782326 0.0691341683268547 -0.04597153887152672
v -0.00901199784129858 0.0691341683268547 -0.04530637338757515
v -0.013409403152763844 0.0691341683268547 -0.04420487955212593
v -0.01767767034471035 0.0691341683268547 -0.04267767071723938
v -0.021775690838694572 0.0691341683268547 -0.04073944687843323
v -0.02566399984061718 0.0691341683268547 -0.03840888664126396
v -0.029305148869752884 0.0691341683268547 -0.03570842742919922
v -0.03266407549381256 0.0691341683268547 -0.03266407549381256
v -0.03570842742919922 0.0691341683268547 -0.029305148869752884
v -0.03840888664126396 0.0691341683268547 -0.02566399984061718
v -0.04073944687843323 0.0691341683268547 -0.021775690838694572
v -0.04267767071723938 0.0691341683268547 -0.01767767034471035
v -0.04420487955212593 0.0691341683268547 -0.013409403152763844
v -0.04530637338757515 0.0691341683268547 -0.00901199784129858
v -0.04597153887152672 0.0691341683268547 -0.004527801647782326
v -0.04619397222995758 0.0691341683268547 9.69373869749567e-18
v -0.04597153887152672 0.0691341683268547 0.004527801647782326
v -0.04530637338757515 0.0691341683268547 0.00901199784129858
v -0.04420487955212593 0.0691341683268547 0.013409403152763844
v -0.04267767071723938 0.0691341683268547 0.01767767034471035
v -0.04073944687843323 0.0691341683268547 0.021775690838694572
v -0.03840888664126396 0.0691341683268547 0.02566399984061718
v -0.03570842742919922 0.0691341683268547 0.029305148869752884
v -0.03266407549381256 0.0691341683268547 0.03266407549381256
v -0.029305148869752884 0.0691341683268547 0.03570842742919922
v -0.02566399984061718 0.0691341683268547 0.03840888664126396
v -0.021775690838694572 0.0691341683268547 0.04073944687843323
v -0.01767767034471035 0.0691341683268547 0.04267767071723938
v -0.013409403152763844 0.0691341683268547 0.04420487955212593
v -0.00901199784129858 0.0691341683268547 0.04530637338757515
v -0.004527801647782326 0.0691341683268547 0.04597153887152672
v -8.485695179601788e-18 0.0691341683268547 0.04619397222995758
v 0.004527801647782326 0.0691341683268547 0.04597153887152672
v 0.00901199784129858 0.0691341683268547 0.04530637338757515
v 0.013409403152763844 0.0691341683268547 0.04420487955212593
v 0.01767767034471035 0.0691341683268547 0.04267767071723938
v 0.021775690838694572 0.0691341683268547 0.04073944687843323
v 0.02566399984061718 0.0691341683268547 0.03840888664126396
v 0.029305148869752884 0.0691341683268547 0.03570842742919922
v 0.03266407549381256 0.0691341683268547 0.03266407549381256
v 0.03570842742919922 0.0691341683268547 0.029305148869752884
v 0.03840888664126396 0.0691341683268547 0.02566399984061718
v 0.04073944687843323 0.0691341683268547 0.021775690838694572
v 0.04267767071723938 0.0691341683268547 0.01767767034471035
v 0.04420487955212593 0.0691341683268547 0.013409403152763844
v 0.04530637338757515 0.0691341683268547 0.00901199784129858
v 0.04597153887152672 0.0691341683268547 0.004527801647782326
v 0.043883729726076126 0.07356984168291092 -0.004322170279920101
v 0.04409606382250786 0.07356984168291092 1.6335786430879056e-17
v 0.04324876889586449 0.07356984168291092 -0.008602715097367764
v 0.04219730198383331 0.07356984168291092 -0.012800412252545357
v 0.04073944687843323 0.07356984168291092 -0.016874834895133972
v 0.03888925537467003 0.07356984168291092 -0.020786739885807037
v 0.036664534360170364 0.07356984168291092 -0.024498458951711655
v 0.034086719155311584 0.07356984168291092 -0.027974244207143784
v 0.031180625781416893 0.07356984168291092 -0.031180625781416893
v 0.027974244207143784 0.07356984168291092 -0.034086719155311584
v 0.024498458951711655 0.07356984168291092 -0.036664534360170364
v 0.020786739885807037 0.07356984168291092 -0.03888925537467003
v 0.016874834895133972 0.07356984168291092 -0.04073944687843323
v 0.012800412252545357 0.07356984168291092 -0.04219730198383331
v 0.008602715097367764 0.07356984168291092 -0.04324876889586449
v 0.004322170279920101 0.07356984168291092 -0.043883729726076126
v 2.7001050825769787e-18 0.07356984168291092 -0.04409606382250786
v -0.004322170279920101 0.07356984168291092 -0.043883729726076126
v -0.008602715097367764 0.07356984168291092 -0.04324876889586449
v -0.012800412252545357 0.07356984168291092 -0.04219730198383331
v -0.016874834895133972 0.07356984168291092 -0.04073944687843323
v -0.020786739885807037 0.07356984168291092 -0.03888925537467003
v -0.024498458951711655 0.07356984168291092 -0.036664534360170364
v -0.027974244207143784 0.07356984168291092 -0.034086719155311584
v -0.031180625781416893 0.07356984168291092 -0.031180625781416893
v -0.034086719155311584 0.07356984168291092 -0.027974244207143784
v -0.036664534360170364 0.07356984168291092 -0.024498458951711655
v -0.03888925537467003 0.07356984168291092 -0.020786739885807037
v -0.04073944687843323 0.07356984168291092 -0.016874834895133972
v -0.04219730198383331 0.07356984168291092 -0.012800412252545357
v -0.04324876889586449 0.07356984168291092 -0.008602715097367764
v -0.043883729726076126 0.07356984168291092 -0.004322170279920101
v -0.04409606382250786 0.07356984168291092 1.0935575852134792e-17
v -0.043883729726076126 0.07356984168291092 0.004322170279920101
v -0.04324876889586449 0.07356984168291092 0.008602715097367764
v -0.04219730198383331 0.07356984168291092 0.012800412252545357
v -0.04073944687843323 0.07356984168291092 0.016874834895133972
v -0.03888925537467003 0.07356984168291092 0.020786739885807037
v -0.036664534360170364 0.07356984168291092 0.024498458951711655
v -0.034086719155311584 0.07356984168291092 0.027974244207143784
v -0.031180625781416893 0.07356984168291092 0.031180625781416893
v -0.027974244207143784 0.07356984168291092 0.034086719155311584
v -0.024498458951711655 0.07356984168291092 0.036664534360170364
v -0.020786739885807037 0.07356984168291092 0.03888925537467003
v -0.016874834895133972 0.07356984168291092 0.04073944687843323
v -0.012800412252545357 0.07356984168291092 0.04219730198383331
v -0.008602715097367764 0.07356984168291092 0.04324876889586449
v -0.004322170279920101 0.07356984168291092 0.043883729726076126
v -8.100315868116396e-18 0.07356984168291092 0.04409606382250786
v 0.004322170279920101 0.07356984168291092 0.043883729726076126
v 0.008602715097367764 0.07356984168291092 0.04324876889586449
v 0.012800412252545357 0.07356984168291092 0.04219730198383331
v 0.016874834895133972 0.07356984168291092 0.04073944687843323
v 0.020786739885807037 0.07356984168291092 0.03888925537467003
v 0.024498458951711655 0.07356984168291092 0.036664534360170364
v 0.027974244207143784 0.07356984168291092 0.034086719155311584
v 0.031180625781416893 0.07356984168291092 0.031180625781416893
v 0.034086719155311584 0.07356984168291092 0.027974244207143784
v 0.036664534360170364 0.07356984168291092 0.024498458951711655
v 0.03888925537467003 0.07356984168291092 0.020786739885807037
v 0.04073944687843323 0.07356984168291092 0.016874834895133972
v 0.04219730198383331 0.07356984168291092 0.012800412252545357
v 0.04324876889586449 0.07356984168291092 0.008602715097367764
v 0.043883729726076126 0.07356984168291092 0.004322170279920101
v 0.04137329012155533 0.07777851074934006 -0.004074913449585438
v 0.041573479771614075 0.07777851074934006 1.7270298690994514e-17
v 0.04077465832233429 0.07777851074934006 -0.008110583759844303
v 0.03978333994746208 0.07777851074934006 -0.012068144045770168
v 0.03840888664126396 0.07777851074934006 -0.015909483656287193
v 0.036664534360170364 0.07777851074934006 -0.019597603008151054
v 0.03456708416342735 0.07777851074934006 -0.02309698611497879
v 0.03213673457503319 0.07777851074934006 -0.026373937726020813
v 0.029396887868642807 0.07777851074934006 -0.029396887868642807
v 0.026373937726020813 0.07777851074934006 -0.03213673457503319
v 0.02309698611497879 0.07777851074934006 -0.03456708416342735
v 0.019597603008151054 0.07777851074934006 -0.036664534360170364
v 0.015909483656287193 0.07777851074934006 -0.03840888664126396
v 0.012068144045770168 0.07777851074934006 -0.03978333994746208
v 0.008110583759844303 0.07777851074934006 -0.04077465832233429
v 0.004074913449585438 0.07777851074934006 -0.04137329012155533
v 2.545641510891889e-18 0.07777851074934006 -0.041573479771614075
v -0.004074913449585438 0.07777851074934006 -0.04137329012155533
v -0.008110583759844303 0.07777851074934006 -0.04077465832233429
v -0.012068144045770168 0.07777851074934006 -0.03978333994746208
v -0.015909483656287193 0.07777851074934006 -0.03840888664126396
v -0.019597603008151054 0.07777851074934006 -0.036664534360170364
v -0.02309698611497879 0.07777851074934006 -0.03456708416342735
v -0.026373937726020813 0.07777851074934006 -0.03213673457503319
v -0.029396887868642807 0.07777851074934006 -0.029396887868642807
v -0.03213673457503319 0.07777851074934006 -0.026373937726020813
v -0.03456708416342735 0.07777851074934006 -0.02309698611497879
v -0.036664534360170364 0.07777851074934006 -0.019597603008151054
v -0.03840888664126396 0.07777851074934006 -0.015909483656287193
v -0.03978333994746208 0.07777851074934006 -0.012068144045770168
v -0.04077465832233429 0.07777851074934006 -0.008110583759844303
v -0.04137329012155533 0.07777851074934006 -0.004074913449585438
v -0.041573479771614075 0.07777851074934006 1.2179016082801042e-17
v -0.04137329012155533 0.07777851074934006 0.004074913449585438
v -0.04077465832233429 0.07777851074934006 0.008110583759844303
v -0.03978333994746208 0.07777851074934006 0.012068144045770168
v -0.03840888664126396 0.07777851074934006 0.015909483656287193
v -0.036664534360170364 0.07777851074934006 0.019597603008151054
v -0.03456708416342735 0.07777851074934006 0.02309698611497879
v -0.03213673457503319 0.07777851074934006 0.026373937726020813
v -0.029396887868642807 0.07777851074934006 0.029396887868642807
v -0.026373937726020813 0.07777851074934006 0.03213673457503319
v -0.02309698611497879 0.07777851074934006 0.03456708416342735
v -0.019597603008151054 0.07777851074934006 0.036664534360170364
v -0.015909483656287193 0.07777851074934006 0.03840888664126396
v -0.012068144045770168 0.07777851074934006 0.03978333994746208
v -0.008110583759844303 0.07777851074934006 0.04077465832233429
v -0.004074913449585438 0.07777851074934006 0.04137329012155533
v -7.636924325880514e-18 0.07777851074934006 0.041573479771614075
v 0.004074913449585438 0.07777851074934006 0.04137329012155533
v 0.008110583759844303 0.07777851074934006 0.04077465832233429
v 0.012068144045770168 0.07777851074934006 0.03978333994746208
v 0.015909483656287193 0.07777851074934006 0.03840888664126396
v 0.019597603008151054 0.07777851074934006 0.036664534360170364
v 0.02309698611497879 0.07777851074934006 0.03456708416342735
v 0.026373937726020813 0.07777851074934006 0.03213673457503319
v 0.029396887868642807 0.07777851074934006 0.029396887868642807
v 0.03213673457503319 0.07777851074934006 0.026373937726020813
v 0.03456708416342735 0.07777851074934006 0.02309698611497879
v 0.036664534360170364 0.07777851074934006 0.019597603008151054
v 0.03840888664126396 0.07777851074934006 0.015909483656287193
v 0.03978333994746208 0.07777851074934006 0.012068144045770168
v 0.04077465832233429 0.07777851074934006 0.008110583759844303
v 0.04137329012155533 0.07777851074934006 0.004074913449585438
v 0.03846440836787224 0.08171966671943665 -0.0037884137127548456
v 0.0386505201458931 0.08171966671943665 1.814541111132254e-17
v 0.03790786489844322 0.08171966671943665 -0.00754034286364913
v 0.03698624297976494 0.08171966671943665 -0.011219654232263565
v 0.03570842742919922 0.08171966671943665 -0.014790914952754974
v 0.034086719155311584 0.08171966671943665 -0.018219729885458946
v 0.03213673457503319 0.08171966671943665 -0.021473079919815063
v 0.029877258464694023 0.08171966671943665 -0.024519629776477814
v 0.027330048382282257 0.08171966671943665 -0.027330048382282257
v 0.024519629776477814 0.08171966671943665 -0.029877258464694023
v 0.021473079919815063 0.08171966671943665 -0.03213673457503319
v 0.018219729885458946 0.08171966671943665 -0.034086719155311584
v 0.014790914952754974 0.08171966671943665 -0.03570842742919922
v 0.011219654232263565 0.08171966671943665 -0.03698624297976494
v 0.00754034286364913 0.08171966671943665 -0.03790786489844322
v 0.0037884137127548456 0.08171966671943665 -0.03846440836787224
v 2.366661960211953e-18 0.08171966671943665 -0.0386505201458931
v -0.0037884137127548456 0.08171966671943665 -0.03846440836787224
v -0.00754034286364913 0.08171966671943665 -0.03790786489844322
v -0.011219654232263565 0.08171966671943665 -0.03698624297976494
v -0.014790914952754974 0.08171966671943665 -0.03570842742919922
v -0.018219729885458946 0.08171966671943665 -0.034086719155311584
v -0.021473079919815063 0.08171966671943665 -0.03213673457503319
v -0.024519629776477814 0.08171966671943665 -0.029877258464694023
v -0.027330048382282257 0.08171966671943665 -0.027330048382282257
v -0.029877258464694023 0.08171966671943665 -0.024519629776477814
v -0.03213673457503319 0.08171966671943665 -0.021473079919815063
v -0.034086719155311584 0.08171966671943665 -0.018219729885458946
v -0.03570842742919922 0.08171966671943665 -0.014790914952754974
v -0.03698624297976494 0.08171966671943665 -0.011219654232263565
v -0.03790786489844322 0.08171966671943665 -0.00754034286364913
v -0.03846440836787224 0.08171966671943665 -0.0037884137127548456
v -0.0386505201458931 0.08171966671943665 1.3412086777308327e-17
v -0.03846440836787224 0.08171966671943665 0.0037884137127548456
v -0.03790786489844322 0.08171966671943665 0.00754034286364913
v -0.03698624297976494 0.08171966671943665 0.011219654232263565
v -0.03570842742919922 0.08171966671943665 0.014790914952754974
v -0.034086719155311584 0.08171966671943665 0.018219729885458946
v -0.03213673457503319 0.08171966671943665 0.021473079919815063
v -0.029877258464694023 0.08171966671943665 0.024519629776477814
v -0.027330048382282257 0.08171966671943665 0.027330048382282257
v -0.024519629776477814 0.08171966671943665 0.029877258464694023
v -0.021473079919815063 0.08171966671943665 0.03213673457503319
v -0.018219729885458946 0.08171966671943665 0.034086719155311584
v -0.014790914952754974 0.08171966671943665 0.03570842742919922
v -0.011219654232263565 0.08171966671943665 0.03698624297976494
v -0.00754034286364913 0.08171966671943665 0.03790786489844322
v -0.0037884137127548456 0.08171966671943665 0.03846440836787224
v -7.099985673840705e-18 0.08171966671943665 0.0386505201458931
v 0.0037884137127548456 0.08171966671943665 0.03846440836787224
v 0.00754034286364913 0.08171966671943665 0.03790786489844322
v 0.011219654232263565 0.08171966671943665 0.03698624297976494
v 0.014790914952754974 0.08171966671943665 0.03570842742919922
v 0.018219729885458946 0.08171966671943665 0.034086719155311584
v 0.021473079919815063 0.08171966671943665 0.03213673457503319
v 0.024519629776477814 0.08171966671943665 0.029877258464694023
v 0.027330048382282257 0.08171966671943665 0.027330048382282257
v 0.029877258464694023 0.08171966671943665 0.024519629776477814
v 0.03213673457503319 0.08171966671943665 0.021473079919815063
v 0.034086719155311584 0.08171966671943665 0.018219729885458946
v 0.03570842742919922 0.08171966671943665 0.014790914952754974
v 0.03698624297976494 0.08171966671943665 0.011219654232263565
v 0.03790786489844322 0.08171966671943665 0.00754034286364913
v 0.03846440836787224 0.08171966671943665 0.0037884137127548456
v 0.03518509119749069 0.08535534143447876 -0.003465429414063692
v 0.0353553406894207 0.08535534143447876 1.895269306705999e-17
v 0.034676000475883484 0.08535534143447876 -0.006897484418004751
v 0.03383295238018036 0.08535534143447876 -0.010263113304972649
v 0.03266407549381256 0.08535534143447876 -0.013529902324080467
v 0.031180625781416893 0.08535534143447876 -0.016666391864418983
v 0.029396887868642807 0.08535534143447876 -0.01964237354695797
v 0.027330048382282257 0.08535534143447876 -0.022429190576076508
v 0.02500000037252903 0.08535534143447876 -0.02500000037252903
v 0.022429190576076508 0.08535534143447876 -0.027330048382282257
v 0.01964237354695797 0.08535534143447876 -0.029396887868642807
v 0.016666391864418983 0.08535534143447876 -0.031180625781416893
v 0.013529902324080467 0.08535534143447876 -0.03266407549381256
v 0.010263113304972649 0.08535534143447876 -0.03383295238018036
v 0.006897484418004751 0.08535534143447876 -0.034676000475883484
v 0.003465429414063692 0.08535534143447876 -0.03518509119749069
v 2.1648902749337305e-18 0.08535534143447876 -0.0353553406894207
v -0.003465429414063692 0.08535534143447876 -0.03518509119749069
v -0.006897484418004751 0.08535534143447876 -0.034676000475883484
v -0.010263113304972649 0.08535534143447876 -0.03383295238018036
v -0.013529902324080467 0.08535534143447876 -0.03266407549381256
v -0.016666391864418983 0.08535534143447876 -0.031180625781416893
v -0.01964237354695797 0.08535534143447876 -0.029396887868642807
v -0.022429190576076508 0.08535534143447876 -0.027330048382282257
v -0.02500000037252903 0.08535534143447876 -0.02500000037252903
v -0.027330048382282257 0.08535534143447876 -0.022429190576076508
v -0.029396887868642807 0.08535534143447876 -0.01964237354695797
v -0.031180625781416893 0.08535534143447876 -0.016666391864418983
v -0.03266407549381256 0.08535534143447876 -0.013529902324080467
v -0.03383295238018036 0.08535534143447876 -0.010263113304972649
v -0.034676000475883484 0.08535534143447876 -0.006897484418004751
v -0.03518509119749069 0.08535534143447876 -0.003465429414063692
v -0.0353553406894207 0.08535534143447876 1.4622912103602224e-17
v -0.03518509119749069 0.08535534143447876 0.003465429414063692
v -0.034676000475883484 0.08535534143447876 0.006897484418004751
v -0.03383295238018036 0.08535534143447876 0.010263113304972649
v -0.03266407549381256 0.08535534143447876 0.013529902324080467
v -0.031180625781416893 0.08535534143447876 0.016666391864418983
v -0.029396887868642807 0.08535534143447876 0.01964237354695797
v -0.027330048382282257 0.08535534143447876 0.022429190576076508
v -0.02500000037252903 0.08535534143447876 0.02500000037252903
v -0.022429190576076508 0.08535534143447876 0.027330048382282257
v -0.01964237354695797 0.08535534143447876 0.029396887868642807
v -0.016666391864418983 0.08535534143447876 0.031180625781416893
v -0.013529902324080467 0.08535534143447876 0.03266407549381256
v -0.010263113304972649 0.08535534143447876 0.03383295238018036
v -0.006897484418004751 0.08535534143447876 0.034676000475883484
v -0.003465429414063692 0.08535534143447876 0.03518509119749069
v -6.494670204415732e-18 0.08535534143447876 0.0353553406894207
v 0.003465429414063692 0.08535534143447876 0.03518509119749069
v 0.006897484418004751 0.08535534143447876 0.034676000475883484
v 0.010263113304972649 0.08535534143447876 0.03383295238018036
v 0.013529902324080467 0.08535534143447876 0.03266407549381256
v 0.016666391864418983 0.08535534143447876 0.031180625781416893
v 0.01964237354695797 0.08535534143447876 0.029396887868642807
v 0.022429190576076508 0.08535534143447876 0.027330048382282257
v 0.02500000037252903 0.08535534143447876 0.02500000037252903
v 0.027330048382282257 0.08535534143447876 0.022429190576076508
v 0.029396887868642807 0.08535534143447876 0.01964237354695797
v 0.031180625781416893 0.08535534143447876 0.016666391864418983
v 0.03266407549381256 0.08535534143447876 0.013529902324080467
v 0.03383295238018036 0.08535534143447876 0.010263113304972649
v 0.034676000475883484 0.08535534143447876 0.006897484418004751
v 0.03518509119749069 0.08535534143447876 0.003465429414063692
v 0.03156692534685135 0.08865051716566086 -0.0031090707052499056
v 0.03171966224908829 0.08865051716566086 1.968436906044887e-17
v 0.031110180541872978 0.08865051716566086 -0.0061881993897259235
v 0.03035382740199566 0.08865051716566086 -0.009207732044160366
v 0.029305148869752884 0.08865051716566086 -0.012138590216636658
v 0.027974244207143784 0.08865051716566086 -0.01495254598557949
v 0.026373937726020813 0.08865051716566086 -0.01762250065803528
v 0.024519629776477814 0.08865051716566086 -0.020122742280364037
v 0.022429190576076508 0.08865051716566086 -0.022429190576076508
v 0.020122742280364037 0.08865051716566086 -0.024519629776477814
v 0.01762250065803528 0.08865051716566086 -0.026373937726020813
v 0.01495254598557949 0.08865051716566086 -0.027974244207143784
v 0.012138590216636658 0.08865051716566086 -0.029305148869752884
v 0.009207732044160366 0.08865051716566086 -0.03035382740199566
v 0.0061881993897259235 0.08865051716566086 -0.031110180541872978
v 0.0031090707052499056 0.08865051716566086 -0.03156692534685135
v 1.942269295520956e-18 0.08865051716566086 -0.03171966224908829
v -0.0031090707052499056 0.08865051716566086 -0.03156692534685135
v -0.0061881993897259235 0.08865051716566086 -0.031110180541872978
v -0.009207732044160366 0.08865051716566086 -0.03035382740199566
v -0.012138590216636658 0.08865051716566086 -0.029305148869752884
v -0.01495254598557949 0.08865051716566086 -0.027974244207143784
v -0.01762250065803528 0.08865051716566086 -0.026373937726020813
v -0.020122742280364037 0.08865051716566086 -0.024519629776477814
v -0.022429190576076508 0.08865051716566086 -0.022429190576076508
v -0.024519629776477814 0.08865051716566086 -0.020122742280364037
v -0.026373937726020813 0.08865051716566086 -0.01762250065803528
v -0.027974244207143784 0.08865051716566086 -0.01495254598557949
v -0.029305148869752884 0.08865051716566086 -0.012138590216636658
v -0.03035382740199566 0.08865051716566086 -0.009207732044160366
v -0.031110180541872978 0.08865051716566086 -0.0061881993897259235
v -0.03156692534685135 0.08865051716566086 -0.0031090707052499056
v -0.03171966224908829 0.08865051716566086 1.5799831296587572e-17
v -0.03156692534685135 0.08865051716566086 0.0031090707052499056
v -0.031110180541872978 0.08865051716566086 0.0061881993897259235
v -0.03035382740199566 0.08865051716566086 0.009207732044160366
v -0.029305148869752884 0.08865051716566086 0.012138590216636658
v -0.027974244207143784 0.08865051716566086 0.01495254598557949
v -0.026373937726020813 0.08865051716566086 0.01762250065803528
v -0.024519629776477814 0.08865051716566086 0.020122742280364037
v -0.022429190576076508 0.08865051716566086 0.022429190576076508
v -0.020122742280364037 0.08865051716566086 0.024519629776477814
v -0.01762250065803528 0.08865051716566086 0.026373937726020813
v -0.01495254598557949 0.08865051716566086 0.027974244207143784
v -0.012138590216636658 0.08865051716566086 0.029305148869752884
v -0.009207732044160366 0.08865051716566086 0.03035382740199566
v -0.0061881993897259235 0.08865051716566086 0.031110180541872978
v -0.0031090707052499056 0.08865051716566086 0.03156692534685135
v -5.826807886562868e-18 0.08865051716566086 0.03171966224908829
v 0.0031090707052499056 0.08865051716566086 0.03156692534685135
v 0.0061881993897259235 0.08865051716566086 0.031110180541872978
v 0.009207732044160366 0.08865051716566086 0.03035382740199566
v 0.012138590216636658 0.08865051716566086 0.029305148869752884
v 0.01495254598557949 0.08865051716566086 0.027974244207143784
v 0.01762250065803528 0.08865051716566086 0.026373937726020813
v 0.020122742280364037 0.08865051716566086 0.024519629776477814
v 0.022429190576076508 0.08865051716566086 0.022429190576076508
v 0.024519629776477814 0.08865051716566086 0.020122742280364037
v 0.026373937726020813 0.08865051716566086 0.01762250065803528
v 0.027974244207143784 0.08865051716566086 0.01495254598557949
v 0.029305148869752884 0.08865051716566086 0.012138590216636658
v 0.03035382740199566 0.08865051716566086 0.009207732044160366
v 0.031110180541872978 0.08865051716566086 0.0061881993897259235
v 0.03156692534685135 0.08865051716566086 0.0031090707052499056
v 0.027644749730825424 0.09157347679138184 -0.0027227704413235188
v 0.027778513729572296 0.09157347679138184 2.0333396475753903e-17
v 0.027244754135608673 0.09157347679138184 -0.005419318564236164
v 0.026582378894090652 0.09157347679138184 -0.008063675835728645
v 0.02566399984061718 0.09157347679138184 -0.01063037570565939
v 0.024498458951711655 0.09157347679138184 -0.013094699941575527
v 0.02309698611497879 0.09157347679138184 -0.015432913787662983
v 0.021473079919815063 0.09157347679138184 -0.01762250065803528
v 0.01964237354695797 0.09157347679138184 -0.01964237354695797
v 0.01762250065803528 0.09157347679138184 -0.021473079919815063
v 0.015432913787662983 0.09157347679138184 -0.02309698611497879
v 0.013094699941575527 0.09157347679138184 -0.024498458951711655
v 0.01063037570565939 0.09157347679138184 -0.02566399984061718
v 0.008063675835728645 0.09157347679138184 -0.026582378894090652
v 0.005419318564236164 0.09157347679138184 -0.027244754135608673
v 0.0027227704413235188 0.09157347679138184 -0.027644749730825424
v 1.7009432809165197e-18 0.09157347679138184 -0.027778513729572296
v -0.0027227704413235188 0.09157347679138184 -0.027644749730825424
v -0.005419318564236164 0.09157347679138184 -0.027244754135608673
v -0.008063675835728645 0.09157347679138184 -0.026582378894090652
v -0.01063037570565939 0.09157347679138184 -0.02566399984061718
v -0.013094699941575527 0.09157347679138184 -0.024498458951711655
v -0.015432913787662983 0.09157347679138184 -0.02309698611497879
v -0.01762250065803528 0.09157347679138184 -0.021473079919815063
v -0.01964237354695797 0.09157347679138184 -0.01964237354695797
v -0.021473079919815063 0.09157347679138184 -0.01762250065803528
v -0.02309698611497879 0.09157347679138184 -0.015432913787662983
v -0.024498458951711655 0.09157347679138184 -0.013094699941575527
v -0.02566399984061718 0.09157347679138184 -0.01063037570565939
v -0.026582378894090652 0.09157347679138184 -0.008063675835728645
v -0.027244754135608673 0.09157347679138184 -0.005419318564236164
v -0.027644749730825424 0.09157347679138184 -0.0027227704413235188
v -0.027778513729572296 0.09157347679138184 1.693151032751117e-17
v -0.027644749730825424 0.09157347679138184 0.0027227704413235188
v -0.027244754135608673 0.09157347679138184 0.005419318564236164
v -0.026582378894090652 0.09157347679138184 0.008063675835728645
v -0.02566399984061718 0.09157347679138184 0.01063037570565939
v -0.024498458951711655 0.09157347679138184 0.013094699941575527
v -0.02309698611497879 0.09157347679138184 0.015432913787662983
v -0.021473079919815063 0.09157347679138184 0.01762250065803528
v -0.01964237354695797 0.09157347679138184 0.01964237354695797
v -0.01762250065803528 0.09157347679138184 0.021473079919815063
v -0.015432913787662983 0.09157347679138184 0.02309698611497879
v -0.013094699941575527 0.09157347679138184 0.024498458951711655
v -0.01063037570565939 0.09157347679138184 0.02566399984061718
v -0.008063675835728645 0.09157347679138184 0.026582378894090652
v -0.005419318564236164 0.09157347679138184 0.027244754135608673
v -0.0027227704413235188 0.09157347679138184 0.027644749730825424
v -5.102829635954406e-18 0.09157347679138184 0.027778513729572296
v 0.0027227704413235188 0.09157347679138184 0.027644749730825424
v 0.005419318564236164 0.09157347679138184 0.027244754135608673
v 0.008063675835728645 0.09157347679138184 0.026582378894090652
v 0.01063037570565939 0.09157347679138184 0.02566399984061718
v 0.013094699941575527 0.09157347679138184 0.024498458951711655
v 0.015432913787662983 0.09157347679138184 0.02309698611497879
v 0.01762250065803528 0.09157347679138184 0.021473079919815063
v 0.01964237354695797 0.09157347679138184 0.01964237354695797
v 0.021473079919815063 0.09157347679138184 0.01762250065803528
v 0.02309698611497879 0.09157347679138184 0.015432913787662983
v 0.024498458951711655 0.09157347679138184 0.013094699941575527
v 0.02566399984061718 0.09157347679138184 0.01063037570565939
v 0.026582378894090652 0.09157347679138184 0.008063675835728645
v 0.027244754135608673 0.09157347679138184 0.005419318564236164
v 0.027644749730825424 0.09157347679138184 0.0027227704413235188
v 0.02345634065568447 0.09409607201814651 -0.002310248091816902
v 0.02356983721256256 0.09409607201814651 2.0893525136266636e-17
v 0.023116949945688248 0.09409607201814651 -0.0045982468873262405
v 0.022554928436875343 0.09409607201814651 -0.006841962691396475
v 0.021775690838694572 0.09409607201814651 -0.009019785560667515
v 0.020786739885807037 0.09409607201814651 -0.011110743507742882
v 0.019597603008151054 0.09409607201814651 -0.013094699941575527
v 0.018219729885458946 0.09409607201814651 -0.01495254598557949
v 0.016666391864418983 0.09409607201814651 -0.016666391864418983
v 0.01495254598557949 0.09409607201814651 -0.018219729885458946
v 0.013094699941575527 0.09409607201814651 -0.019597603008151054
v 0.011110743507742882 0.09409607201814651 -0.020786739885807037
v 0.009019785560667515 0.09409607201814651 -0.021775690838694572
v 0.006841962691396475 0.09409607201814651 -0.022554928436875343
v 0.0045982468873262405 0.09409607201814651 -0.023116949945688248
v 0.002310248091816902 0.09409607201814651 -0.02345634065568447
v 1.4432362984489662e-18 0.09409607201814651 -0.02356983721256256
v -0.002310248091816902 0.09409607201814651 -0.02345634065568447
v -0.0045982468873262405 0.09409607201814651 -0.023116949945688248
v -0.006841962691396475 0.09409607201814651 -0.022554928436875343
v -0.009019785560667515 0.09409607201814651 -0.021775690838694572
v -0.011110743507742882 0.09409607201814651 -0.020786739885807037
v -0.013094699941575527 0.09409607201814651 -0.019597603008151054
v -0.01495254598557949 0.09409607201814651 -0.018219729885458946
v -0.016666391864418983 0.09409607201814651 -0.016666391864418983
v -0.018219729885458946 0.09409607201814651 -0.01495254598557949
v -0.019597603008151054 0.09409607201814651 -0.013094699941575527
v -0.020786739885807037 0.09409607201814651 -0.011110743507742882
v -0.021775690838694572 0.09409607201814651 -0.009019785560667515
v -0.022554928436875343 0.09409607201814651 -0.006841962691396475
v -0.023116949945688248 0.09409607201814651 -0.0045982468873262405
v -0.02345634065568447 0.09409607201814651 -0.002310248091816902
v -0.02356983721256256 0.09409607201814651 1.8007051918983245e-17
v -0.02345634065568447 0.09409607201814651 0.002310248091816902
v -0.023116949945688248 0.09409607201814651 0.0045982468873262405
v -0.022554928436875343 0.09409607201814651 0.006841962691396475
v -0.021775690838694572 0.09409607201814651 0.009019785560667515
v -0.020786739885807037 0.09409607201814651 0.011110743507742882
v -0.019597603008151054 0.09409607201814651 0.013094699941575527
v -0.018219729885458946 0.09409607201814651 0.01495254598557949
v -0.016666391864418983 0.09409607201814651 0.016666391864418983
v -0.01495254598557949 0.09409607201814651 0.018219729885458946
v -0.013094699941575527 0.09409607201814651 0.019597603008151054
v -0.011110743507742882 0.09409607201814651 0.020786739885807037
v -0.009019785560667515 0.09409607201814651 0.021775690838694572
v -0.006841962691396475 0.09409607201814651 0.022554928436875343
v -0.0045982468873262405 0.09409607201814651 0.023116949945688248
v -0.002310248091816902 0.09409607201814651 0.02345634065568447
v -4.329708998744475e-18 0.09409607201814651 0.02356983721256256
v 0.002310248091816902 0.09409607201814651 0.02345634065568447
v 0.0045982468873262405 0.09409607201814651 0.023116949945688248
v 0.006841962691396475 0.09409607201814651 0.022554928436875343
v 0.009019785560667515 0.09409607201814651 0.021775690838694572
v 0.011110743507742882 0.09409607201814651 0.020786739885807037
v 0.013094699941575527 0.09409607201814651 0.019597603008151054
v 0.01495254598557949 0.09409607201814651 0.018219729885458946
v 0.016666391864418983 0.09409607201814651 0.016666391864418983
v 0.018219729885458946 0.09409607201814651 0.01495254598557949
v 0.019597603008151054 0.09409607201814651 0.013094699941575527
v 0.020786739885807037 0.09409607201814651 0.011110743507742882
v 0.021775690838694572 0.09409607201814651 0.009019785560667515
v 0.022554928436875343 0.09409607201814651 0.006841962691396475
v 0.023116949945688248 0.09409607201814651 0.0045982468873262405
v 0.02345634065568447 0.09409607201814651 0.002310248091816902
v 0.019042035564780235 0.09619396924972534 -0.0018754766788333654
v 0.019134171307086945 0.09619396924972534 2.1359351898225874e-17
v 0.018766513094305992 0.09619396924972534 -0.0037328917533159256
v 0.01831026002764702 0.09619396924972534 -0.00555435661226511
v 0.01767767034471035 0.09619396924972534 -0.007322330959141254
v 0.016874834895133972 0.09619396924972534 -0.009019785560667515
v 0.015909483656287193 0.09619396924972534 -0.01063037570565939
v 0.014790914952754974 0.09619396924972534 -0.012138590216636658
v 0.013529902324080467 0.09619396924972534 -0.013529902324080467
v 0.012138590216636658 0.09619396924972534 -0.014790914952754974
v 0.01063037570565939 0.09619396924972534 -0.015909483656287193
v 0.009019785560667515 0.09619396924972534 -0.016874834895133972
v 0.007322330959141254 0.09619396924972534 -0.01767767034471035
v 0.00555435661226511 0.09619396924972534 -0.01831026002764702
v 0.0037328917533159256 0.09619396924972534 -0.018766513094305992
v 0.0018754766788333654 0.09619396924972534 -0.019042035564780235
v 1.1716302001486841e-18 0.09619396924972534 -0.019134171307086945
v -0.0018754766788333654 0.09619396924972534 -0.019042035564780235
v -0.0037328917533159256 0.09619396924972534 -0.018766513094305992
v -0.00555435661226511 0.09619396924972534 -0.01831026002764702
v -0.007322330959141254 0.09619396924972534 -0.01767767034471035
v -0.009019785560667515 0.09619396924972534 -0.016874834895133972
v -0.01063037570565939 0.09619396924972534 -0.015909483656287193
v -0.012138590216636658 0.09619396924972534 -0.014790914952754974
v -0.013529902324080467 0.09619396924972534 -0.013529902324080467
v -0.014790914952754974 0.09619396924972534 -0.012138590216636658
v -0.015909483656287193 0.09619396924972534 -0.01063037570565939
v -0.016874834895133972 0.09619396924972534 -0.009019785560667515
v -0.01767767034471035 0.09619396924972534 -0.007322330959141254
v -0.01831026002764702 0.09619396924972534 -0.00555435661226511
v -0.018766513094305992 0.09619396924972534 -0.0037328917533159256
v -0.019042035564780235 0.09619396924972534 -0.0018754766788333654
v -0.019134171307086945 0.09619396924972534 1.9016091497928506e-17
v -0.019042035564780235 0.09619396924972534 0.0018754766788333654
v -0.018766513094305992 0.09619396924972534 0.0037328917533159256
v -0.01831026002764702 0.09619396924972534 0.00555435661226511
v -0.01767767034471035 0.09619396924972534 0.007322330959141254
v -0.016874834895133972 0.09619396924972534 0.009019785560667515
v -0.015909483656287193 0.09619396924972534 0.01063037570565939
v -0.014790914952754974 0.09619396924972534 0.012138590216636658
v -0.013529902324080467 0.09619396924972534 0.013529902324080467
v -0.012138590216636658 0.09619396924972534 0.014790914952754974
v -0.01063037570565939 0.09619396924972534 0.015909483656287193
v -0.009019785560667515 0.09619396924972534 0.016874834895133972
v -0.007322330959141254 0.09619396924972534 0.01767767034471035
v -0.00555435661226511 0.09619396924972534 0.01831026002764702
v -0.0037328917533159256 0.09619396924972534 0.018766513094305992
v -0.0018754766788333654 0.09619396924972534 0.019042035564780235
v -3.514890186855746e-18 0.09619396924972534 0.019134171307086945
v 0.0018754766788333654 0.09619396924972534 0.019042035564780235
v 0.0037328917533159256 0.09619396924972534 0.018766513094305992
v 0.00555435661226511 0.09619396924972534 0.01831026002764702
v 0.007322330959141254 0.09619396924972534 0.01767767034471035
v 0.009019785560667515 0.09619396924972534 0.016874834895133972
v 0.01063037570565939 0.09619396924972534 0.015909483656287193
v 0.012138590216636658 0.09619396924972534 0.014790914952754974
v 0.013529902324080467 0.09619396924972534 0.013529902324080467
v 0.014790914952754974 0.09619396924972534 0.012138590216636658
v 0.015909483656287193 0.09619396924972534 0.01063037570565939
v 0.016874834895133972 0.09619396924972534 0.009019785560667515
v 0.01767767034471035 0.09619396924972534 0.007322330959141254
v 0.01831026002764702 0.09619396924972534 0.00555435661226511
v 0.018766513094305992 0.09619396924972534 0.0037328917533159256
v 0.019042035564780235 0.09619396924972534 0.0018754766788333654
v 0.014444343745708466 0.09784701466560364 -0.0014226436614990234
v 0.01451423391699791 0.09784701466560364 2.1726401714517704e-17
v 0.014235347509384155 0.09784701466560364 -0.0028315866366028786
v 0.013889256864786148 0.09784701466560364 -0.004213259555399418
v 0.013409403152763844 0.09784701466560364 -0.00555435661226511
v 0.012800412252545357 0.09784701466560364 -0.006841962691396475
v 0.012068144045770168 0.09784701466560364 -0.008063675835728645
v 0.011219654232263565 0.09784701466560364 -0.009207732044160366
v 0.010263113304972649 0.09784701466560364 -0.010263113304972649
v 0.009207732044160366 0.09784701466560364 -0.011219654232263565
v 0.008063675835728645 0.09784701466560364 -0.012068144045770168
v 0.006841962691396475 0.09784701466560364 -0.012800412252545357
v 0.00555435661226511 0.09784701466560364 -0.013409403152763844
v 0.004213259555399418 0.09784701466560364 -0.013889256864786148
v 0.0028315866366028786 0.09784701466560364 -0.014235347509384155
v 0.0014226436614990234 0.09784701466560364 -0.014444343745708466
v 8.887404277149897e-19 0.09784701466560364 -0.01451423391699791
v -0.0014226436614990234 0.09784701466560364 -0.014444343745708466
v -0.0028315866366028786 0.09784701466560364 -0.014235347509384155
v -0.004213259555399418 0.09784701466560364 -0.013889256864786148
v -0.00555435661226511 0.09784701466560364 -0.013409403152763844
v -0.006841962691396475 0.09784701466560364 -0.012800412252545357
v -0.008063675835728645 0.09784701466560364 -0.012068144045770168
v -0.009207732044160366 0.09784701466560364 -0.011219654232263565
v -0.010263113304972649 0.09784701466560364 -0.010263113304972649
v -0.011219654232263565 0.09784701466560364 -0.009207732044160366
v -0.012068144045770168 0.09784701466560364 -0.008063675835728645
v -0.012800412252545357 0.09784701466560364 -0.006841962691396475
v -0.013409403152763844 0.09784701466560364 -0.00555435661226511
v -0.013889256864786148 0.09784701466560364 -0.004213259555399418
v -0.014235347509384155 0.09784701466560364 -0.0028315866366028786
v -0.014444343745708466 0.09784701466560364 -0.0014226436614990234
v -0.01451423391699791 0.09784701466560364 1.994892127267803e-17
v -0.014444343745708466 0.09784701466560364 0.0014226436614990234
v -0.014235347509384155 0.09784701466560364 0.0028315866366028786
v -0.013889256864786148 0.09784701466560364 0.004213259555399418
v -0.013409403152763844 0.09784701466560364 0.00555435661226511
v -0.012800412252545357 0.09784701466560364 0.006841962691396475
v -0.012068144045770168 0.09784701466560364 0.008063675835728645
v -0.011219654232263565 0.09784701466560364 0.009207732044160366
v -0.010263113304972649 0.09784701466560364 0.010263113304972649
v -0.009207732044160366 0.09784701466560364 0.011219654232263565
v -0.008063675835728645 0.09784701466560364 0.012068144045770168
v -0.006841962691396475 0.09784701466560364 0.012800412252545357
v -0.00555435661226511 0.09784701466560364 0.013409403152763844
v -0.004213259555399418 0.09784701466560364 0.013889256864786148
v -0.0028315866366028786 0.09784701466560364 0.014235347509384155
v -0.0014226436614990234 0.09784701466560364 0.014444343745708466
v -2.6662214899401222e-18 0.09784701466560364 0.01451423391699791
v 0.0014226436614990234 0.09784701466560364 0.014444343745708466
v 0.0028315866366028786 0.09784701466560364 0.014235347509384155
v 0.004213259555399418 0.09784701466560364 0.013889256864786148
v 0.00555435661226511 0.09784701466560364 0.013409403152763844
v 0.006841962691396475 0.09784701466560364 0.012800412252545357
v 0.008063675835728645 0.09784701466560364 0.012068144045770168
v 0.009207732044160366 0.09784701466560364 0.011219654232263565
v 0.010263113304972649 0.09784701466560364 0.010263113304972649
v 0.011219654232263565 0.09784701466560364 0.009207732044160366
v 0.012068144045770168 0.09784701466560364 0.008063675835728645
v 0.012800412252545357 0.09784701466560364 0.006841962691396475
v 0.013409403152763844 0.09784701466560364 0.00555435661226511
v 0.013889256864786148 0.09784701466560364 0.004213259555399418
v 0.014235347509384155 0.09784701466560364 0.0028315866366028786
v 0.014444343745708466 0.09784701466560364 0.0014226436614990234
v 0.009707544930279255 0.09903926402330399 -0.0009561098413541913
v 0.009754516184329987 0.09903926402330399 2.19911342521204e-17
v 0.009567085653543472 0.09903926402330399 -0.0019030116964131594
v 0.009334489703178406 0.09903926402330399 -0.0028315866366028786
v 0.00901199784129858 0.09903926402330399 -0.0037328917533159256
v 0.008602715097367764 0.09903926402330399 -0.0045982468873262405
v 0.008110583759844303 0.09903926402330399 -0.005419318564236164
v 0.00754034286364913 0.09903926402330399 -0.0061881993897259235
v 0.006897484418004751 0.09903926402330399 -0.006897484418004751
v 0.0061881993897259235 0.09903926402330399 -0.00754034286364913
v 0.005419318564236164 0.09903926402330399 -0.008110583759844303
v 0.0045982468873262405 0.09903926402330399 -0.008602715097367764
v 0.0037328917533159256 0.09903926402330399 -0.00901199784129858
v 0.0028315866366028786 0.09903926402330399 -0.009334489703178406
v 0.0019030116964131594 0.09903926402330399 -0.009567085653543472
v 0.0009561098413541913 0.09903926402330399 -0.009707544930279255
v 5.972918691819973e-19 0.09903926402330399 -0.009754516184329987
v -0.0009561098413541913 0.09903926402330399 -0.009707544930279255
v -0.0019030116964131594 0.09903926402330399 -0.009567085653543472
v -0.0028315866366028786 0.09903926402330399 -0.009334489703178406
v -0.0037328917533159256 0.09903926402330399 -0.00901199784129858
v -0.0045982468873262405 0.09903926402330399 -0.008602715097367764
v -0.005419318564236164 0.09903926402330399 -0.008110583759844303
v -0.0061881993897259235 0.09903926402330399 -0.00754034286364913
v -0.006897484418004751 0.09903926402330399 -0.006897484418004751
v -0.00754034286364913 0.09903926402330399 -0.0061881993897259235
v -0.008110583759844303 0.09903926402330399 -0.005419318564236164
v -0.008602715097367764 0.09903926402330399 -0.0045982468873262405
v -0.00901199784129858 0.09903926402330399 -0.0037328917533159256
v -0.009334489703178406 0.09903926402330399 -0.0028315866366028786
v -0.009567085653543472 0.09903926402330399 -0.0019030116964131594
v -0.009707544930279255 0.09903926402330399 -0.0009561098413541913
v -0.009754516184329987 0.09903926402330399 2.079654978997337e-17
v -0.009707544930279255 0.09903926402330399 0.0009561098413541913
v -0.009567085653543472 0.09903926402330399 0.0019030116964131594
v -0.009334489703178406 0.09903926402330399 0.0028315866366028786
v -0.00901199784129858 0.09903926402330399 0.0037328917533159256
v -0.008602715097367764 0.09903926402330399 0.0045982468873262405
v -0.008110583759844303 0.09903926402330399 0.005419318564236164
v -0.00754034286364913 0.09903926402330399 0.0061881993897259235
v -0.006897484418004751 0.09903926402330399 0.006897484418004751
v -0.0061881993897259235 0.09903926402330399 0.00754034286364913
v -0.005419318564236164 0.09903926402330399 0.008110583759844303
v -0.0045982468873262405 0.09903926402330399 0.008602715097367764
v -0.0037328917533159256 0.09903926402330399 0.00901199784129858
v -0.0028315866366028786 0.09903926402330399 0.009334489703178406
v -0.0019030116964131594 0.09903926402330399 0.009567085653543472
v -0.0009561098413541913 0.09903926402330399 0.009707544930279255
v -1.791875452449627e-18 0.09903926402330399 0.009754516184329987
v 0.0009561098413541913 0.09903926402330399 0.009707544930279255
v 0.0019030116964131594 0.09903926402330399 0.009567085653543472
v 0.0028315866366028786 0.09903926402330399 0.009334489703178406
v 0.0037328917533159256 0.09903926402330399 0.00901199784129858
v 0.0045982468873262405 0.09903926402330399 0.008602715097367764
v 0.005419318564236164 0.09903926402330399 0.008110583759844303
v 0.0061881993897259235 0.09903926402330399 0.00754034286364913
v 0.006897484418004751 0.09903926402330399 0.006897484418004751
v 0.00754034286364913 0.09903926402330399 0.0061881993897259235
v 0.008110583759844303 0.09903926402330399 0.005419318564236164
v 0.008602715097367764 0.09903926402330399 0.0045982468873262405
v 0.00901199784129858 0.09903926402330399 0.0037328917533159256
v 0.009334489703178406 0.09903926402330399 0.0028315866366028786
v 0.009567085653543472 0.09903926402330399 0.0019030116964131594
v 0.009707544930279255 0.09903926402330399 0.0009561098413541913
v 0.004877258092164993 0.09975922852754593 -0.000480367976706475
v 0.004900856874883175 0.09975922852754593 2.215099848602485e-17
v 0.004806688521057367 0.09975922852754593 -0.0009561098413541913
v 0.004689828027039766 0.09975922852754593 -0.0014226436614990234
v 0.004527801647782326 0.09975922852754593 -0.0018754766788333654
v 0.004322170279920101 0.09975922852754593 -0.002310248091816902
v 0.004074913449585438 0.09975922852754593 -0.0027227704413235188
v 0.0037884137127548456 0.09975922852754593 -0.0031090707052499056
v 0.003465429414063692 0.09975922852754593 -0.003465429414063692
v 0.0031090707052499056 0.09975922852754593 -0.0037884137127548456
v 0.0027227704413235188 0.09975922852754593 -0.004074913449585438
v 0.002310248091816902 0.09975922852754593 -0.004322170279920101
v 0.0018754766788333654 0.09975922852754593 -0.004527801647782326
v 0.0014226436614990234 0.09975922852754593 -0.004689828027039766
v 0.0009561098413541913 0.09975922852754593 -0.004806688521057367
v 0.000480367976706475 0.09975922852754593 -0.004877258092164993
v 3.000909674223405e-19 0.09975922852754593 -0.004900856874883175
v -0.000480367976706475 0.09975922852754593 -0.004877258092164993
v -0.0009561098413541913 0.09975922852754593 -0.004806688521057367
v -0.0014226436614990234 0.09975922852754593 -0.004689828027039766
v -0.0018754766788333654 0.09975922852754593 -0.004527801647782326
v -0.002310248091816902 0.09975922852754593 -0.004322170279920101
v -0.0027227704413235188 0.09975922852754593 -0.004074913449585438
v -0.0031090707052499056 0.09975922852754593 -0.0037884137127548456
v -0.003465429414063692 0.09975922852754593 -0.003465429414063692
v -0.0037884137127548456 0.09975922852754593 -0.0031090707052499056
v -0.004074913449585438 0.09975922852754593 -0.0027227704413235188
v -0.004322170279920101 0.09975922852754593 -0.002310248091816902
v -0.004527801647782326 0.09975922852754593 -0.0018754766788333654
v -0.004689828027039766 0.09975922852754593 -0.0014226436614990234
v -0.004806688521057367 0.09975922852754593 -0.0009561098413541913
v -0.004877258092164993 0.09975922852754593 -0.000480367976706475
v -0.004900856874883175 0.09975922852754593 2.1550817740252298e-17
v -0.004877258092164993 0.09975922852754593 0.000480367976706475
v -0.004806688521057367 0.09975922852754593 0.0009561098413541913
v -0.004689828027039766 0.09975922852754593 0.0014226436614990234
v -0.004527801647782326 0.09975922852754593 0.0018754766788333654
v -0.004322170279920101 0.09975922852754593 0.002310248091816902
v -0.004074913449585438 0.09975922852754593 0.0027227704413235188
v -0.0037884137127548456 0.09975922852754593 0.0031090707052499056
v -0.003465429414063692 0.09975922852754593 0.003465429414063692
v -0.0031090707052499056 0.09975922852754593 0.0037884137127548456
v -0.0027227704413235188 0.09975922852754593 0.004074913449585438
v -0.002310248091816902 0.09975922852754593 0.004322170279920101
v -0.0018754766788333654 0.09975922852754593 0.004527801647782326
v -0.0014226436614990234 0.09975922852754593 0.004689828027039766
v -0.0009561098413541913 0.09975922852754593 0.004806688521057367
v -0.000480367976706475 0.09975922852754593 0.004877258092164993
v -9.002728764176274e-19 0.09975922852754593 0.004900856874883175
v 0.000480367976706475 0.09975922852754593 0.004877258092164993
v 0.0009561098413541913 0.09975922852754593 0.004806688521057367
v 0.0014226436614990234 0.09975922852754593 0.004689828027039766
v 0.0018754766788333654 0.09975922852754593 0.004527801647782326
v 0.002310248091816902 0.09975922852754593 0.004322170279920101
v 0.0027227704413235188 0.09975922852754593 0.004074913449585438
v 0.0031090707052499056 0.09975922852754593 0.0037884137127548456
v 0.003465429414063692 0.09975922852754593 0.003465429414063692
v 0.0037884137127548456 0.09975922852754593 0.0031090707052499056
v 0.004074913449585438 0.09975922852754593 0.0027227704413235188
v 0.004322170279920101 0.09975922852754593 0.002310248091816902
v 0.004527801647782326 0.09975922852754593 0.0018754766788333654
v 0.004689828027039766 0.09975922852754593 0.0014226436614990234
v 0.004806688521057367 0.09975922852754593 0.0009561098413541913
v 0.004877258092164993 0.09975922852754593 0.000480367976706475
v 3.057929146701852e-18 0.10000000149011612 2.205423324360717e-17
vt 0 1
vt 0 1
vt 0 1
vt 0 1
vt 0 1
vt 0 1
vt 0 1
vt 0 1
vt 0 1
vt 0 1
vt 0 1
vt 0 1
vt 0 1
vt 0 1
vt 0 1
vt 0 1
vt 0 1
vt 0 1
vt 0 1
vt 0 1
vt 0 1
vt 0 1
vt 0 1
vt 0 1
vt 0 1
vt 0 1
vt 0 1
vt 0 1
vt 0 1
vt 0 1
vt 0 1
vt 0 1
vt 0 1
vt 0 1
vt 0 1
vt 0 1
vt 0 1
vt 0 1
vt 0 1
vt 0 1
vt 0 1
vt 0 1
vt 0 1
vt 0 1
vt 0 1
vt 0 1
vt 0 1
vt 0 1
vt 0 1
vt 0 1
vt 0 1
vt 0 1
vt 0 1
vt 0 1
vt 0 1
vt 0 1
vt 0 1
vt 0 1
vt 0 1
vt 0 1
vt 0 1
vt 0 1
vt 0 1
vt 0 1
vt 0 1
vt 0 1
vt 0 1
vt 0 1
vt 0 1
vt 0 1
vt 0 1
vt 0 1
vt 0 1
vt 0 1
vt 0 1
vt 0 1
vt 0 1
vt 0 1
vt 0 1
vt 0 1
vt 0 1
vt 0 1
vt 0 1
vt 0 1
vt 0 1
vt 0 1
vt 0 1
vt 0 1
vt 0 1
vt 0 1
vt 0 1
vt 0 1
vt 0 1
vt 0 1
vt 0 1
vt 0 1
vt 0 1
vt 0 1
vt 0 1
vt 0 1
vt 0 1
vt 0 1
vt 0 1
vt 0 1
vt 0 1
vt 0 1
vt 0 1
vt 0 1
vt 0 1
vt 0 1
vt 0 1
vt 0 1
vt 0 1
vt 0 1
vt 0 1
vt 0 1
vt 0 1
vt 0 1
vt 0 1
vt 0 1
vt 0 1
vt 0 1
vt 0 1
vt 0 1
vt 0 1
vt 0 1
vt 0 1
vt 0 1
vt 0 1
vt 0 1
vt 0 1
vt 0 1
vt 0 1
vt 0 1
vt 0 1
vt 0 1
vt 0 1
vt 0 1
vt 0 1
vt 0 1
vt 0 1
vt 0 1
vt 0 1
vt 0 1
vt 0 1
vt 0 1
vt 0 1
vt 0 1
vt 0 1
vt 0 1
vt 0 1
vt 0 1
vt 0 1
vt 0 1
vt 0 1
vt 0 1
vt 0 1
vt 0 1
vt 0 1
vt 0 1
vt 0 1
vt 0 1
vt 0 1
vt 0 1
vt 0 1
vt 0 1
vt 0 1
vt 0 1
vt 0 1
vt 0 1
vt 0 1
vt 0 1
vt 0 1
vt 0 1
vt 0 1
vt 0 1
vt 0 1
vt 0 1
vt 0 1
vt 0 1
vt 0 1
vt 0 1
vt 0 1
vt 0 1
vt 0 1
vt 0 1
vt 0 1
vt 0 1
vt 0 1
vt 0 1
vt 0 1
vt 0 1
vt 0 1
vt 0 1
vt 0 1
vt 0 1
vt 0 1
vt 0 1
vt 0 1
vt 0 1
vt 0 1
vt 0 1
vt 0 1
vt 0 1
vt 0 1
vt 0 1
vt 0 1
vt 0 1
vt 0 1
vt 0 1
vt 0 1
vt 0 1
vt 0 1
vt 0 1
vt 0 1
vt 0 1
vt 0 1
vt 0 1
vt 0 1
vt 0 1
vt 0 1
vt 0 1
vt 0 1
vt 0 1
vt 0 1
vt 0 1
vt 0 1
vt 0 1
vt 0 1
vt 0 1
vt 0 1
vt 0 1
vt 0 1
vt 0 1
vt 0 1
vt 0 1
vt 0 1
vt 0 1
vt 0 1
vt 0 1
vt 0 1
vt 0 1
vt 0 1
vt 0 1
vt 0 1
vt 0 1
vt 0 1
vt 0 1
vt 0 1
vt 0 1
vt 0 1
vt 0 1
vt 0 1
vt 0 1
vt 0 1
vt 0 1
vt 0 1
vt 0 1
vt 0 1
vt 0 1
vt 0 1
vt 0 1
vt 0 1
vt 0 1
vt 0 1
vt 0 1
vt 0 1
vt 0 1
vt 0 1
vt 0 1
vt 0 1
vt 0 1
vt 0 1
vt 0 1
vt 0 1
vt 0 1
vt 0 1
vt 0 1
vt 0 1
vt 0 1
vt 0 1
vt 0 1
vt 0 1
vt 0 1
vt 0 1
vt 0 1
vt 0 1
vt 0 1
vt 0 1
vt 0 1
vt 0 1
vt 0 1
vt 0 1
vt 0 1
vt 0 1
vt 0 1
vt 0 1
vt 0 1
vt 0 1
vt 0 1
vt 0 1
vt 0 1
vt 0 1
vt 0 1
vt 0 1
vt 0 1
vt 0 1
vt 0 1
vt 0 1
vt 0 1
vt 0 1
vt 0 1
vt 0 1
vt 0 1
vt 0 1
vt 0 1
vt 0 1
vt 0 1
vt 0 1
vt 0 1
vt 0 1
vt 0 1
vt 0 1
vt 0 1
vt 0 1
vt 0 1
vt 0 1
vt 0 1
vt 0 1
vt 0 1
vt 0 1
vt 0 1
vt 0 1
vt 0 1
vt 0 1
vt 0 1
vt 0 1
vt 0 1
vt 0 1
vt 0 1
vt 0 1
vt 0 1
vt 0 1
vt 0 1
vt 0 1
vt 0 1
vt 0 1
vt 0 1
vt 0 1
vt 0 1
vt 0 1
vt 0 1
vt 0 1
vt 0 1
vt 0 1
vt 0 1
vt 0 1
vt 0 1
vt 0 1
vt 0 1
vt 0 1
vt 0 1
vt 0 1
vt 0 1
vt 0 1
vt 0 1
vt 0 1
vt 0 1
vt 0 1
vt 0 1
vt 0 1
vt 0 1
vt 0 1
vt 0 1
vt 0 1
vt 0 1
vt 0 1
vt 0 1
vt 0 1
vt 0 1
vt 0 1
vt 0 1
vt 0 1
vt 0 1
vt 0 1
vt 0 1
vt 0 1
vt 0 1
vt 0 1
vt 0 1
vt 0 1
vt 0 1
vt 0 1
vt 0 1
vt 0 1
vt 0 1
vt 0 1
vt 0 1
vt 0 1
vt 0 1
vt 0 1
vt 0 1
vt 0 1
vt 0 1
vt 0 1
vt 0 1
vt 0 1
vt 0 1
vt 0 1
vt 0 1
vt 0 1
vt 0 1
vt 0 1
vt 0 1
vt 0 1
vt 0 1
vt 0 1
vt 0 1
vt 0 1
vt 0 1
vt 0 1
vt 0 1
vt 0 1
vt 0 1
vt 0 1
vt 0 1
vt 0 1
vt 0 1
vt 0 1
vt 0 1
vt 0 1
vt 0 1
vt 0 1
vt 0 1
vt 0 1
vt 0 1
vt 0 1
vt 0 1
vt 0 1
vt 0 1
vt 0 1
vt 0 1
vt 0 1
vt 0 1
vt 0 1
vt 0 1
vt 0 1
vt 0 1
vt 0 1
vt 0 1
vt 0 1
vt 0 1
vt 0 1
vt 0 1
vt 0 1
vt 0 1
vt 0 1
vt 0 1
vt 0 1
vt 0 1
vt 0 1
vt 0 1
vt 0 1
vt 0 1
vt 0 1
vt 0 1
vt 0 1
vt 0 1
vt 0 1
vt 0 1
vt 0 1
vt 0 1
vt 0 1
vt 0 1
vt 0 1
vt 0 1
vt 0 1
vt 0 1
vt 0 1
vt 0 1
vt 0 1
vt 0 1
vt 0 1
vt 0 1
vt 0 1
vt 0 1
vt 0 1
vt 0 1
vt 0 1
vt 0 1
vt 0 1
vt 0 1
vt 0 1
vt 0 1
vt 0 1
vt 0 1
vt 0 1
vt 0 1
vt 0 1
vt 0 1
vt 0 1
vt 0 1
vt 0 1
vt 0 1
vt 0 1
vt 0 1
vt 0 1
vt 0 1
vt 0 1
vt 0 1
vt 0 1
vt 0 1
vt 0 1
vt 0 1
vt 0 1
vt 0 1
vt 0 1
vt 0 1
vt 0 1
vt 0 1
vt 0 1
vt 0 1
vt 0 1
vt 0 1
vt 0 1
vt 0 1
vt 0 1
vt 0 1
vt 0 1
vt 0 1
vt 0 1
vt 0 1
vt 0 1
vt 0 1
vt 0 1
vt 0 1
vt 0 1
vt 0 1
vt 0 1
vt 0 1
vt 0 1
vt 0 1
vt 0 1
vt 0 1
vt 0 1
vt 0 1
vt 0 1
vt 0 1
vt 0 1
vt 0 1
vt 0 1
vt 0 1
vt 0 1
vt 0 1
vt 0 1
vt 0 1
vt 0 1
vt 0 1
vt 0 1
vt 0 1
vt 0 1
vt 0 1
vt 0 1
vt 0 1
vt 0 1
vt 0 1
vt 0 1
vt 0 1
vt 0 1
vt 0 1
vt 0 1
vt 0 1
vt 0 1
vt 0 1
vt 0 1
vt 0 1
vt 0 1
vt 0 1
vt 0 1
vt 0 1
vt 0 1
vt 0 1
vt 0 1
vt 0 1
vt 0 1
vt 0 1
vt 0 1
vt 0 1
vt 0 1
vt 0 1
vt 0 1
vt 0 1
vt 0 1
vt 0 1
vt 0 1
vt 0 1
vt 0 1
vt 0 1
vt 0 1
vt 0 1
vt 0 1
vt 0 1
vt 0 1
vt 0 1
vt 0 1
vt 0 1
vt 0 1
vt 0 1
vt 0 1
vt 0 1
vt 0 1
vt 0 1
vt 0 1
vt 0 1
vt 0 1
vt 0 1
vt 0 1
vt 0 1
vt 0 1
vt 0 1
vt 0 1
vt 0 1
vt 0 1
vt 0 1
vt 0 1
vt 0 1
vt 0 1
vt 0 1
vt 0 1
vt 0 1
vt 0 1
vt 0 1
vt 0 1
vt 0 1
vt 0 1
vt 0 1
vt 0 1
vt 0 1
vt 0 1
vt 0 1
vt 0 1
vt 0 1
vt 0 1
vt 0 1
vt 0 1
vt 0 1
vt 0 1
vt 0 1
vt 0 1
vt 0 1
vt 0 1
vt 0 1
vt 0 1
vt 0 1
vt 0 1
vt 0 1
vt 0 1
vt 0 1
vt 0 1
vt 0 1
vt 0 1
vt 0 1
vt 0 1
vt 0 1
vt 0 1
vt 0 1
vt 0 1
vt 0 1
vt 0 1
vt 0 1
vt 0 1
vt 0 1
vt 0 1
vt 0 1
vt 0 1
vt 0 1
vt 0 1
vt 0 1
vt 0 1
vt 0 1
vt 0 1
vt 0 1
vt 0 1
vt 0 1
vt 0 1
vt 0 1
vt 0 1
vt 0 1
vt 0 1
vt 0 1
vt 0 1
vt 0 1
vt 0 1
vt 0 1
vt 0 1
vt 0 1
vt 0 1
vt 0 1
vt 0 1
vt 0 1
vt 0 1
vt 0 1
vt 0 1
vt 0 1
vt 0 1
vt 0 1
vt 0 1
vt 0 1
vt 0 1
vt 0 1
vt 0 1
vt 0 1
vt 0 1
vt 0 1
vt 0 1
vt 0 1
vt 0 1
vt 0 1
vt 0 1
vt 0 1
vt 0 1
vt 0 1
vt 0 1
vt 0 1
vt 0 1
vt 0 1
vt 0 1
vt 0 1
vt 0 1
vt 0 1
vt 0 1
vt 0 1
vt 0 1
vt 0 1
vt 0 1
vt 0 1
vt 0 1
vt 0 1
vt 0 1
vt 0 1
vt 0 1
vt 0 1
vt 0 1
vt 0 1
vt 0 1
vt 0 1
vt 0 1
vt 0 1
vt 0 1
vt 0 1
vt 0 1
vt 0 1
vt 0 1
vt 0 1
vt 0 1
vt 0 1
vt 0 1
vt 0 1
vt 0 1
vt 0 1
vt 0 1
vt 0 1
vt 0 1
vt 0 1
vt 0 1
vt 0 1
vt 0 1
vt 0 1
vt 0 1
vt 0 1
vt 0 1
vt 0 1
vt 0 1
vt 0 1
vt 0 1
vt 0 1
vt 0 1
vt 0 1
vt 0 1
vt 0 1
vt 0 1
vt 0 1
vt 0 1
vt 0 1
vt 0 1
vt 0 1
vt 0 1
vt 0 1
vt 0 1
vt 0 1
vt 0 1
vt 0 1
vt 0 1
vt 0 1
vt 0 1
vt 0 1
vt 0 1
vt 0 1
vt 0 1
vt 0 1
vt 0 1
vt 0 1
vt 0 1
vt 0 1
vt 0 1
vt 0 1
vt 0 1
vt 0 1
vt 0 1
vt 0 1
vt 0 1
vt 0 1
vt 0 1
vt 0 1
vt 0 1
vt 0 1
vt 0 1
vt 0 1
vt 0 1
vt 0 1
vt 0 1
vt 0 1
vt 0 1
vt 0 1
vt 0 1
vt 0 1
vt 0 1
vt 0 1
vt 0 1
vt 0 1
vt 0 1
vt 0 1
vt 0 1
vt 0 1
vt 0 1
vt 0 1
vt 0 1
vt 0 1
vt 0 1
vt 0 1
vt 0 1
vt 0 1
vt 0 1
vt 0 1
vt 0 1
vt 0 1
vt 0 1
vt 0 1
vt 0 1
vt 0 1
vt 0 1
vt 0 1
vt 0 1
vt 0 1
vt 0 1
vt 0 1
vt 0 1
vt 0 1
vt 0 1
vt 0 1
vt 0 1
vt 0 1
vt 0 1
vt 0 1
vt 0 1
vt 0 1
vt 0 1
vt 0 1
vt 0 1
vt 0 1
vt 0 1
vt 0 1
vt 0 1
vt 0 1
vt 0 1
vt 0 1
vt 0 1
vt 0 1
vt 0 1
vt 0 1
vt 0 1
vt 0 1
vt 0 1
vt 0 1
vt 0 1
vt 0 1
vt 0 1
vt 0 1
vt 0 1
vt 0 1
vt 0 1
vt 0 1
vt 0 1
vt 0 1
vt 0 1
vt 0 1
vt 0 1
vt 0 1
vt 0 1
vt 0 1
vt 0 1
vt 0 1
vt 0 1
vt 0 1
vt 0 1
vt 0 1
vt 0 1
vt 0 1
vt 0 1
vt 0 1
vt 0 1
vt 0 1
vt 0 1
vt 0 1
vt 0 1
vt 0 1
vt 0 1
vt 0 1
vt 0 1
vt 0 1
vt 0 1
vt 0 1
vt 0 1
vt 0 1
vt 0 1
vt 0 1
vt 0 1
vt 0 1
vt 0 1
vt 0 1
vt 0 1
vt 0 1
vt 0 1
vt 0 1
vt 0 1
vt 0 1
vt 0 1
vt 0 1
vt 0 1
vt 0 1
vt 0 1
vt 0 1
vt 0 1
vt 0 1
vt 0 1
vt 0 1
vt 0 1
vt 0 1
vt 0 1
vt 0 1
vt 0 1
vt 0 1
vt 0 1
vt 0 1
vt 0 1
vt 0 1
vt 0 1
vt 0 1
vt 0 1
vt 0 1
vt 0 1
vt 0 1
vt 0 1
vt 0 1
vt 0 1
vt 0 1
vt 0 1
vt 0 1
vt 0 1
vt 0 1
vt 0 1
vt 0 1
vt 0 1
vt 0 1
vt 0 1
vt 0 1
vt 0 1
vt 0 1
vt 0 1
vt 0 1
vt 0 1
vt 0 1
vt 0 1
vt 0 1
vt 0 1
vt 0 1
vt 0 1
vt 0 1
vt 0 1
vt 0 1
vt 0 1
vt 0 1
vt 0 1
vt 0 1
vt 0 1
vt 0 1
vt 0 1
vt 0 1
vt 0 1
vt 0 1
vt 0 1
vt 0 1
vt 0 1
vt 0 1
vt 0 1
vt 0 1
vt 0 1
vt 0 1
vt 0 1
vt 0 1
vt 0 1
vt 0 1
vt 0 1
vt 0 1
vt 0 1
vt 0 1
vt 0 1
vt 0 1
vt 0 1
vt 0 1
vt 0 1
vt 0 1
vt 0 1
vt 0 1
vt 0 1
vt 0 1
vt 0 1
vt 0 1
vt 0 1
vt 0 1
vt 0 1
vt 0 1
vt 0 1
vt 0 1
vt 0 1
vt 0 1
vt 0 1
vt 0 1
vt 0 1
vt 0 1
vt 0 1
vt 0 1
vt 0 1
vt 0 1
vt 0 1
vt 0 1
vt 0 1
vt 0 1
vt 0 1
vt 0 1
vt 0 1
vt 0 1
vt 0 1
vt 0 1
vt 0 1
vt 0 1
vt 0 1
vt 0 1
vt 0 1
vt 0 1
vt 0 1
vt 0 1
vt 0 1
vt 0 1
vt 0 1
vt 0 1
vt 0 1
vt 0 1
vt 0 1
vt 0 1
vt 0 1
vt 0 1
vt 0 1
vt 0 1
vt 0 1
vt 0 1
vt 0 1
vt 0 1
vt 0 1
vt 0 1
vt 0 1
vt 0 1
vt 0 1
vt 0 1
vt 0 1
vt 0 1
vt 0 1
vt 0 1
vt 0 1
vt 0 1
vt 0 1
vt 0 1
vt 0 1
vt 0 1
vt 0 1
vt 0 1
vt 0 1
vt 0 1
vt 0 1
vt 0 1
vt 0 1
vt 0 1
vt 0 1
vt 0 1
vt 0 1
vt 0 1
vt 0 1
vt 0 1
vt 0 1
vt 0 1
vt 0 1
vt 0 1
vt 0 1
vt 0 1
vt 0 1
vt 0 1
vt 0 1
vt 0 1
vt 0 1
vt 0 1
vt 0 1
vt 0 1
vt 0 1
vt 0 1
vt 0 1
vt 0 1
vt 0 1
vt 0 1
vt 0 1
vt 0 1
vt 0 1
vt 0 1
vt 0 1
vt 0 1
vt 0 1
vt 0 1
vt 0 1
vt 0 1
vt 0 1
vt 0 1
vt 0 1
vt 0 1
vt 0 1
vt 0 1
vt 0 1
vt 0 1
vt 0 1
vt 0 1
vt 0 1
vt 0 1
vt 0 1
vt 0 1
vt 0 1
vt 0 1
vt 0 1
vt 0 1
vt 0 1
vt 0 1
vt 0 1
vt 0 1
vt 0 1
vt 0 1
vt 0 1
vt 0 1
vt 0 1
vt 0 1
vt 0 1
vt 0 1
vt 0 1
vt 0 1
vt 0 1
vt 0 1
vt 0 1
vt 0 1
vt 0 1
vt 0 1
vt 0 1
vt 0 1
vt 0 1
vt 0 1
vt 0 1
vt 0 1
vt 0 1
vt 0 1
vt 0 1
vt 0 1
vt 0 1
vt 0 1
vt 0 1
vt 0 1
vt 0 1
vt 0 1
vt 0 1
vt 0 1
vt 0 1
vt 0 1
vt 0 1
vt 0 1
vt 0 1
vt 0 1
vt 0 1
vt 0 1
vt 0 1
vt 0 1
vt 0 1
vt 0 1
vt 0 1
vt 0 1
vt 0 1
vt 0 1
vt 0 1
vt 0 1
vt 0 1
vt 0 1
vt 0 1
vt 0 1
vt 0 1
vt 0 1
vt 0 1
vt 0 1
vt 0 1
vt 0 1
vt 0 1
vt 0 1
vt 0 1
vt 0 1
vt 0 1
vt 0 1
vt 0 1
vt 0 1
vt 0 1
vt 0 1
vt 0 1
vt 0 1
vt 0 1
vt 0 1
vt 0 1
vt 0 1
vt 0 1
vt 0 1
vt 0 1
vt 0 1
vt 0 1
vt 0 1
vt 0 1
vt 0 1
vt 0 1
vt 0 1
vt 0 1
vt 0 1
vt 0 1
vt 0 1
vt 0 1
vt 0 1
vt 0 1
vt 0 1
vt 0 1
vt 0 1
vt 0 1
vt 0 1
vt 0 1
vt 0 1
vt 0 1
vt 0 1
vt 0 1
vt 0 1
vt 0 1
vt 0 1
vt 0 1
vt 0 1
vt 0 1
vt 0 1
vt 0 1
vt 0 1
vt 0 1
vt 0 1
vt 0 1
vt 0 1
vt 0 1
vt 0 1
vt 0 1
vt 0 1
vt 0 1
vt 0 1
vt 0 1
vt 0 1
vt 0 1
vt 0 1
vt 0 1
vt 0 1
vt 0 1
vt 0 1
vt 0 1
vt 0 1
vt 0 1
vt 0 1
vt 0 1
vt 0 1
vt 0 1
vt 0 1
vt 0 1
vt 0 1
vt 0 1
vt 0 1
vt 0 1
vt 0 1
vt 0 1
vt 0 1
vt 0 1
vt 0 1
vt 0 1
vt 0 1
vt 0 1
vt 0 1
vt 0 1
vt 0 1
vt 0 1
vt 0 1
vt 0 1
vt 0 1
vt 0 1
vt 0 1
vt 0 1
vt 0 1
vt 0 1
vt 0 1
vt 0 1
vt 0 1
vt 0 1
vt 0 1
vt 0 1
vt 0 1
vt 0 1
vt 0 1
vt 0 1
vt 0 1
vt 0 1
vt 0 1
vt 0 1
vt 0 1
vt 0 1
vt 0 1
vt 0 1
vt 0 1
vt 0 1
vt 0 1
vt 0 1
vt 0 1
vt 0 1
vt 0 1
vt 0 1
vt 0 1
vt 0 1
vt 0 1
vt 0 1
vt 0 1
vt 0 1
vt 0 1
vt 0 1
vt 0 1
vt 0 1
vt 0 1
vt 0 1
vt 0 1
vt 0 1
vt 0 1
vt 0 1
vt 0 1
vt 0 1
vt 0 1
vt 0 1
vt 0 1
vt 0 1
vt 0 1
vt 0 1
vt 0 1
vt 0 1
vt 0 1
vt 0 1
vt 0 1
vt 0 1
vt 0 1
vt 0 1
vt 0 1
vt 0 1
vt 0 1
vt 0 1
vt 0 1
vt 0 1
vt 0 1
vt 0 1
vt 0 1
vt 0 1
vt 0 1
vt 0 1
vt 0 1
vt 0 1
vt 0 1
vt 0 1
vt 0 1
vt 0 1
vt 0 1
vt 0 1
vt 0 1
vt 0 1
vt 0 1
vt 0 1
vt 0 1
vt 0 1
vt 0 1
vt 0 1
vt 0 1
vt 0 1
vt 0 1
vt 0 1
vt 0 1
vt 0 1
vt 0 1
vt 0 1
vt 0 1
vt 0 1
vt 0 1
vt 0 1
vt 0 1
vt 0 1
vt 0 1
vt 0 1
vt 0 1
vt 0 1
vt 0 1
vt 0 1
vt 0 1
vt 0 1
vt 0 1
vt 0 1
vt 0 1
vt 0 1
vt 0 1
vt 0 1
vt 0 1
vt 0 1
vt 0 1
vt 0 1
vt 0 1
vt 0 1
vt 0 1
vt 0 1
vt 0 1
vt 0 1
vt 0 1
vt 0 1
vt 0 1
vt 0 1
vt 0 1
vt 0 1
vt 0 1
vt 0 1
vt 0 1
vt 0 1
vt 0 1
vt 0 1
vt 0 1
vt 0 1
vt 0 1
vt 0 1
vt 0 1
vt 0 1
vt 0 1
vt 0 1
vt 0 1
vt 0 1
vt 0 1
vt 0 1
vt 0 1
vt 0 1
vt 0 1
vt 0 1
vt 0 1
vt 0 1
vt 0 1
vt 0 1
vt 0 1
vt 0 1
vt 0 1
vt 0 1
vt 0 1
vt 0 1
vt 0 1
vt 0 1
vt 0 1
vt 0 1
vt 0 1
vt 0 1
vt 0 1
vt 0 1
vt 0 1
vt 0 1
vt 0 1
vt 0 1
vt 0 1
vt 0 1
vt 0 1
vt 0 1
vt 0 1
vt 0 1
vt 0 1
vt 0 1
vt 0 1
vt 0 1
vt 0 1
vt 0 1
vt 0 1
vt 0 1
vt 0 1
vt 0 1
vt 0 1
vt 0 1
vt 0 1
vt 0 1
vt 0 1
vt 0 1
vt 0 1
vt 0 1
vt 0 1
vt 0 1
vt 0 1
vt 0 1
vt 0 1
vt 0 1
vt 0 1
vt 0 1
vt 0 1
vt 0 1
vt 0 1
vt 0 1
vt 0 1
vt 0 1
vt 0 1
vt 0 1
vt 0 1
vt 0 1
vt 0 1
vt 0 1
vt 0 1
vt 0 1
vt 0 1
vt 0 1
vt 0 1
vt 0 1
vt 0 1
vt 0 1
vt 0 1
vt 0 1
vt 0 1
vt 0 1
vt 0 1
vt 0 1
vt 0 1
vt 0 1
vt 0 1
vt 0 1
vt 0 1
vt 0 1
vt 0 1
vt 0 1
vt 0 1
vt 0 1
vt 0 1
vt 0 1
vt 0 1
vt 0 1
vt 0 1
vt 0 1
vt 0 1
vt 0 1
vt 0 1
vt 0 1
vt 0 1
vt 0 1
vt 0 1
vt 0 1
vt 0 1
vt 0 1
vt 0 1
vt 0 1
vt 0 1
vt 0 1
vt 0 1
vt 0 1
vt 0 1
vt 0 1
vt 0 1
vt 0 1
vt 0 1
vt 0 1
vt 0 1
vt 0 1
vt 0 1
vt 0 1
vt 0 1
vt 0 1
vt 0 1
vt 0 1
vt 0 1
vt 0 1
vt 0 1
vt 0 1
vt 0 1
vt 0 1
vt 0 1
vt 0 1
vt 0 1
vt 0 1
vt 0 1
vt 0 1
vt 0 1
vt 0 1
vt 0 1
vt 0 1
vt 0 1
vt 0 1
vt 0 1
vt 0 1
vt 0 1
vt 0 1
vt 0 1
vt 0 1
vt 0 1
vt 0 1
vt 0 1
vt 0 1
vt 0 1
vt 0 1
vt 0 1
vt 0 1
vt 0 1
vt 0 1
vt 0 1
vt 0 1
vt 0 1
vt 0 1
vt 0 1
vt 0 1
vt 0 1
vt 0 1
vt 0 1
vt 0 1
vt 0 1
vt 0 1
vt 0 1
vt 0 1
vt 0 1
vt 0 1
vt 0 1
vt 0 1
vt 0 1
vt 0 1
vt 0 1
vt 0 1
vt 0 1
vt 0 1
vt 0 1
vt 0 1
vt 0 1
vt 0 1
vt 0 1
vt 0 1
vt 0 1
vt 0 1
vt 0 1
vt 0 1
vt 0 1
vt 0 1
vt 0 1
vt 0 1
vt 0 1
vt 0 1
vt 0 1
vt 0 1
vt 0 1
vt 0 1
vt 0 1
vt 0 1
vt 0 1
vt 0 1
vt 0 1
vt 0 1
vt 0 1
vt 0 1
vt 0 1
vt 0 1
vt 0 1
vt 0 1
vt 0 1
vt 0 1
vt 0 1
vt 0 1
vt 0 1
vt 0 1
vt 0 1
vt 0 1
vt 0 1
vt 0 1
vt 0 1
vt 0 1
vt 0 1
vt 0 1
vt 0 1
vt 0 1
vt 0 1
vt 0 1
vt 0 1
vt 0 1
vt 0 1
vt 0 1
vt 0 1
vt 0 1
vt 0 1
vt 0 1
vt 0 1
vt 0 1
vt 0 1
vt 0 1
vt 0 1
vt 0 1
vt 0 1
vt 0 1
vt 0 1
vt 0 1
vt 0 1
vt 0 1
vt 0 1
vt 0 1
vt 0 1
vt 0 1
vt 0 1
vt 0 1
vt 0 1
vt 0 1
vt 0 1
vt 0 1
vt 0 1
vt 0 1
vt 0 1
vt 0 1
vt 0 1
vt 0 1
vt 0 1
vt 0 1
vt 0 1
vt 0 1
vt 0 1
vt 0 1
vt 0 1
vt 0 1
vt 0 1
vt 0 1
vt 0 1
vt 0 1
vt 0 1
vt 0 1
vt 0 1
vt 0 1
vt 0 1
vt 0 1
vt 0 1
vt 0 1
vt 0 1
vt 0 1
vt 0 1
vt 0 1
vt 0 1
vt 0 1
vt 0 1
vt 0 1
vt 0 1
vt 0 1
vt 0 1
vt 0 1
vt 0 1
vt 0 1
vt 0 1
vt 0 1
vt 0 1
vt 0 1
vt 0 1
vt 0 1
vt 0 1
vt 0 1
vt 0 1
vt 0 1
vt 0 1
vt 0 1
vt 0 1
vt 0 1
vt 0 1
vt 0 1
vt 0 1
vt 0 1
vt 0 1
vt 0 1
vt 0 1
vt 0 1
vt 0 1
vt 0 1
vt 0 1
vt 0 1
vt 0 1
vt 0 1
vt 0 1
vt 0 1
vt 0 1
vt 0 1
vt 0 1
vt 0 1
vt 0 1
vt 0 1
vt 0 1
vt 0 1
vt 0 1
vt 0 1
vt 0 1
vt 0 1
vt 0 1
vt 0 1
vt 0 1
vt 0 1
vt 0 1
vt 0 1
vt 0 1
vt 0 1
vt 0 1
vt 0 1
vt 0 1
vt 0 1
vt 0 1
vt 0 1
vt 0 1
vt 0 1
vt 0 1
vt 0 1
vt 0 1
vt 0 1
vt 0 1
vt 0 1
vt 0 1
vt 0 1
vt 0 1
vt 0 1
vt 0 1
vt 0 1
vt 0 1
vt 0 1
vt 0 1
vt 0 1
vt 0 1
vt 0 1
vt 0 1
vt 0 1
vt 0 1
vt 0 1
vt 0 1
vt 0 1
vt 0 1
vt 0 1
vt 0 1
vt 0 1
vt 0 1
vt 0 1
vt 0 1
vt 0 1
vt 0 1
vt 0 1
vt 0 1
vt 0 1
vt 0 1
vt 0 1
vt 0 1
vt 0 1
vt 0 1
vt 0 1
vt 0 1
vt 0 1
vt 0 1
vt 0 1
vt 0 1
vt 0 1
vt 0 1
vt 0 1
vt 0 1
vt 0 1
vt 0 1
vt 0 1
vt 0 1
vt 0 1
vt 0 1
vt 0 1
vt 0 1
vt 0 1
vt 0 1
vt 0 1
vt 0 1
vt 0 1
vt 0 1
vt 0 1
vt 0 1
vt 0 1
vt 0 1
vt 0 1
vt 0 1
vt 0 1
vt 0 1
vt 0 1
vt 0 1
vt 0 1
vt 0 1
vt 0 1
vt 0 1
vt 0 1
vt 0 1
vt 0 1
vt 0 1
vt 0 1
vt 0 1
vt 0 1
vt 0 1
vt 0 1
vt 0 1
vt 0 1
vt 0 1
vt 0 1
vt 0 1
vt 0 1
vt 0 1
vt 0 1
vt 0 1
vt 0 1
vt 0 1
vt 0 1
vt 0 1
vt 0 1
vt 0 1
vt 0 1
vt 0 1
vt 0 1
vt 0 1
vt 0 1
vt 0 1
vt 0 1
vt 0 1
vt 0 1
vt 0 1
vt 0 1
vt 0 1
vt 0 1
vt 0 1
vt 0 1
vt 0 1
vt 0 1
vt 0 1
vt 0 1
vt 0 1
vt 0 1
vt 0 1
vt 0 1
vt 0 1
vt 0 1
vt 0 1
vt 0 1
vt 0 1
vt 0 1
vt 0 1
vt 0 1
vt 0 1
vt 0 1
vt 0 1
vt 0 1
vt 0 1
vt 0 1
vt 0 1
vt 0 1
vt 0 1
vt 0 1
vt 0 1
vt 0 1
vt 0 1
vn 0 -1 1.509086744455601e-9
vn 0.11346118069077547 -0.9934495614755092 -0.0135841554898936
vn 0.11424632273323095 -0.9934495603007194 -0.002397682264547723
vn 0.11158335121087996 -0.9934495609310297 -0.024639919206323874
vn 0.10863091704272924 -0.9934495603016492 -0.03545835584055868
vn 0.10463228009151224 -0.993449562335279 -0.045935313852129914
vn 0.09962601136348664 -0.9934495609407 -0.055969882316590024
vn 0.09366026454438817 -0.993449561717102 -0.06546543492235708
vn 0.08679256517306533 -0.9934495606314717 -0.07433048574989314
vn 0.07908896299569997 -0.9934495615570733 -0.08247972220081491
vn 0.07062368779244778 -0.993449560205086 -0.08983465951911883
vn 0.06147829775114211 -0.9934495627763831 -0.09632437451151839
vn 0.05174082784745413 -0.9934495604324846 -0.1018864937573343
vn 0.04150502838856274 -0.9934495589611181 -0.10646739603477058
vn 0.030869556345777146 -0.9934495608594128 -0.1100229090655885
vn 0.019936748908254663 -0.9934495619271806 -0.11251886041754149
vn 0.008812020984067803 -0.9934495600203387 -0.11393120723301425
vn -0.002397682264547723 -0.9934495603007194 -0.11424632273323095
vn -0.0135841554898936 -0.9934495614755092 -0.11346118069077547
vn -0.024639919206323874 -0.9934495609310297 -0.11158335121087996
vn -0.03545835584055868 -0.9934495603016492 -0.10863091704272924
vn -0.045935313852129914 -0.993449562335279 -0.10463228009151224
vn -0.055969882316590024 -0.9934495609407 -0.09962601136348664
vn -0.06546543492235708 -0.993449561717102 -0.09366026454438817
vn -0.07433048574989314 -0.9934495606314717 -0.08679256517306533
vn -0.08247972220081491 -0.9934495615570733 -0.07908896299569997
vn -0.08983465951911883 -0.993449560205086 -0.07062368779244778
vn -0.09632437451151839 -0.9934495627763831 -0.06147829775114211
vn -0.1018864937573343 -0.9934495604324846 -0.05174082784745413
vn -0.10646739603477058 -0.9934495589611181 -0.04150502838856274
vn -0.1100229090655885 -0.9934495608594128 -0.030869556345777146
vn -0.11251886041754149 -0.9934495619271806 -0.019936748908254663
vn -0.11393120723301425 -0.9934495600203387 -0.008812020984067803
vn -0.11424632273323095 -0.9934495603007194 0.002397682264547723
vn -0.11346118069077547 -0.9934495614755092 0.0135841554898936
vn -0.11158335121087996 -0.9934495609310297 0.024639919206323874
vn -0.10863091704272924 -0.9934495603016492 0.03545835584055868
vn -0.10463228009151224 -0.993449562335279 0.045935313852129914
vn -0.09962601136348664 -0.9934495609407 0.055969882316590024
vn -0.09366026454438817 -0.993449561717102 0.06546543492235708
vn -0.08679256517306533 -0.9934495606314717 0.07433048574989314
vn -0.07908896299569997 -0.9934495615570733 0.08247972220081491
vn -0.07062368779244778 -0.993449560205086 0.08983465951911883
vn -0.06147829775114211 -0.9934495627763831 0.09632437451151839
vn -0.05174082784745413 -0.9934495604324846 0.1018864937573343
vn -0.04150502838856274 -0.9934495589611181 0.10646739603477058
vn -0.030869556345777146 -0.9934495608594128 0.1100229090655885
vn -0.019936748908254663 -0.9934495619271806 0.11251886041754149
vn -0.008812020984067803 -0.9934495600203387 0.11393120723301425
vn 0.002397682264547723 -0.9934495603007194 0.11424632273323095
vn 0.0135841554898936 -0.9934495614755092 0.11346118069077547
vn 0.024639919206323874 -0.9934495609310297 0.11158335121087996
vn 0.03545835584055868 -0.9934495603016492 0.10863091704272924
vn 0.045935313852129914 -0.993449562335279 0.10463228009151224
vn 0.055969882316590024 -0.9934495609407 0.09962601136348664
vn 0.06546543492235708 -0.993449561717102 0.09366026454438817
vn 0.07433048574989314 -0.9934495606314717 0.08679256517306533
vn 0.08247972220081491 -0.9934495615570733 0.07908896299569997
vn 0.08983465951911883 -0.993449560205086 0.07062368779244778
vn 0.09632437451151839 -0.9934495627763831 0.06147829775114211
vn 0.1018864937573343 -0.9934495604324846 0.05174082784745413
vn 0.10646739603477058 -0.9934495589611181 0.04150502838856274
vn 0.1100229090655885 -0.9934495608594128 0.030869556345777146
vn 0.11251886041754149 -0.9934495619271806 0.019936748908254663
vn 0.11393120723301425 -0.9934495600203387 0.008812020984067803
vn 0.20180050609393962 -0.9791738783500025 -0.022250206678690102
vn 0.2030096878368897 -0.9791738773089325 -0.0023631843263613316
vn 0.19864785128234244 -0.9791738857774553 -0.0419229363521597
vn 0.19358215477785976 -0.9791738766139121 -0.06119206409694297
vn 0.18665216483234837 -0.9791738787663372 -0.07987167523649448
vn 0.1779245255669359 -0.9791738813556449 -0.09778227483906438
vn 0.16748347064698293 -0.9791738786348063 -0.11475104556957497
vn 0.15542945877910885 -0.9791738776558842 -0.13061470307730588
vn 0.14187849833221855 -0.9791738831784088 -0.14522051581064735
vn 0.12696122822081024 -0.9791738754758397 -0.15842780095137343
vn 0.11082125971371382 -0.979173884704373 -0.17010923522376042
vn 0.09361392824210733 -0.9791738798228775 -0.1801525617683374
vn 0.07550521426383736 -0.9791738691072288 -0.18846086245306132
vn 0.05666915213674586 -0.9791738790619877 -0.19495415296628674
vn 0.03728740606755263 -0.9791738841012079 -0.19956992269104054
vn 0.01754665523581672 -0.9791738778045991 -0.20226376817200709
vn -0.0023631843263613316 -0.9791738773089325 -0.2030096878368897
vn -0.022250206678690102 -0.9791738783500025 -0.20180050609393962
vn -0.0419229363521597 -0.9791738857774553 -0.19864785128234244
vn -0.06119206409694297 -0.9791738766139121 -0.19358215477785976
vn -0.07987167523649448 -0.9791738787663372 -0.18665216483234837
vn -0.09778227483906438 -0.9791738813556449 -0.1779245255669359
vn -0.11475104556957497 -0.9791738786348063 -0.16748347064698293
vn -0.13061470307730588 -0.9791738776558842 -0.15542945877910885
vn -0.14522051581064735 -0.9791738831784088 -0.14187849833221855
vn -0.15842780095137343 -0.9791738754758397 -0.12696122822081024
vn -0.17010923522376042 -0.979173884704373 -0.11082125971371382
vn -0.1801525617683374 -0.9791738798228775 -0.09361392824210733
vn -0.18846086245306132 -0.9791738691072288 -0.07550521426383736
vn -0.19495415296628674 -0.9791738790619877 -0.05666915213674586
vn -0.19956992269104054 -0.9791738841012079 -0.03728740606755263
vn -0.20226376817200709 -0.9791738778045991 -0.01754665523581672
vn -0.2030096878368897 -0.9791738773089325 0.0023631843263613316
vn -0.20180050609393962 -0.9791738783500025 0.022250206678690102
vn -0.19864785128234244 -0.9791738857774553 0.0419229363521597
vn -0.19358215477785976 -0.9791738766139121 0.06119206409694297
vn -0.18665216483234837 -0.9791738787663372 0.07987167523649448
vn -0.1779245255669359 -0.9791738813556449 0.09778227483906438
vn -0.16748347064698293 -0.9791738786348063 0.11475104556957497
vn -0.15542945877910885 -0.9791738776558842 0.13061470307730588
vn -0.14187849833221855 -0.9791738831784088 0.14522051581064735
vn -0.12696122822081024 -0.9791738754758397 0.15842780095137343
vn -0.11082125971371382 -0.979173884704373 0.17010923522376042
vn -0.09361392824210733 -0.9791738798228775 0.1801525617683374
vn -0.07550521426383736 -0.9791738691072288 0.18846086245306132
vn -0.05666915213674586 -0.9791738790619877 0.19495415296628674
vn -0.03728740606755263 -0.9791738841012079 0.19956992269104054
vn -0.01754665523581672 -0.9791738778045991 0.20226376817200709
vn 0.0023631843263613316 -0.9791738773089325 0.2030096878368897
vn 0.022250206678690102 -0.9791738783500025 0.20180050609393962
vn 0.0419229363521597 -0.9791738857774553 0.19864785128234244
vn 0.06119206409694297 -0.9791738766139121 0.19358215477785976
vn 0.07987167523649448 -0.9791738787663372 0.18665216483234837
vn 0.09778227483906438 -0.9791738813556449 0.1779245255669359
vn 0.11475104556957497 -0.9791738786348063 0.16748347064698293
vn 0.13061470307730588 -0.9791738776558842 0.15542945877910885
vn 0.14522051581064735 -0.9791738831784088 0.14187849833221855
vn 0.15842780095137343 -0.9791738754758397 0.12696122822081024
vn 0.17010923522376042 -0.979173884704373 0.11082125971371382
vn 0.1801525617683374 -0.9791738798228775 0.09361392824210733
vn 0.18846086245306132 -0.9791738691072288 0.07550521426383736
vn 0.19495415296628674 -0.9791738790619877 0.05666915213674586
vn 0.19956992269104054 -0.9791738841012079 0.03728740606755263
vn 0.20226376817200709 -0.9791738778045991 0.01754665523581672
vn 0.29370322095230195 -0.955385899694968 -0.031244210124115213
vn 0.29535145429027604 -0.9553858916495103 -0.002305750569532012
vn 0.2892265072779331 -0.9553859013852956 -0.05988160754367038
vn 0.2819643543804983 -0.9553858986944644 -0.08794252347163663
vn 0.27198672016643455 -0.9553859136214771 -0.11515632899133761
vn 0.2593896965893163 -0.9553859163282815 -0.14126123383601136
vn 0.24429461184499088 -0.9553859151937399 -0.16600570976001136
vn 0.22684697284924726 -0.9553859014049043 -0.1891513423316671
vn 0.20721457435869334 -0.9553859020501326 -0.21047541029108388
vn 0.18558652065537948 -0.9553859078812288 -0.22977251875059151
vn 0.16217133224802863 -0.9553859128979915 -0.24685667184212576
vn 0.13719411745316226 -0.9553859175919641 -0.2615636110073584
vn 0.11089577336514603 -0.9553859070737002 -0.2737515223970628
vn 0.08352954951299839 -0.9553858941608573 -0.28330303139326796
vn 0.05535867690995839 -0.9553859028047267 -0.29012616843845035
vn 0.02665473893736148 -0.9553859163892447 -0.2941551897506895
vn -0.0023057504585256225 -0.955385905258746 -0.29535141026876727
vn -0.031244210124115213 -0.955385899694968 -0.29370322095230195
vn -0.05988160754367038 -0.9553859013852956 -0.2892265072779331
vn -0.08794252347163663 -0.9553858986944644 -0.2819643543804983
vn -0.11515632899133761 -0.9553859136214771 -0.27198672016643455
vn -0.14126123383601136 -0.9553859163282815 -0.2593896965893163
vn -0.16600570976001136 -0.9553859151937399 -0.24429461184499088
vn -0.1891513423316671 -0.9553859014049043 -0.22684697284924726
vn -0.21047541029108388 -0.9553859020501326 -0.20721457435869334
vn -0.22977251875059151 -0.9553859078812288 -0.18558652065537948
vn -0.24685667184212576 -0.9553859128979915 -0.16217133224802863
vn -0.2615636110073584 -0.9553859175919641 -0.13719411745316226
vn -0.2737515223970628 -0.9553859070737002 -0.11089577336514603
vn -0.28330303139326796 -0.9553858941608573 -0.08352954951299839
vn -0.29012616843845035 -0.9553859028047267 -0.05535867690995839
vn -0.2941551897506895 -0.9553859163892447 -0.02665473893736148
vn -0.29535141026876716 -0.9553859052587458 0.002305750458525622
vn -0.29370322095230195 -0.955385899694968 0.031244210124115213
vn -0.2892265072779331 -0.9553859013852956 0.05988160754367038
vn -0.2819643543804983 -0.9553858986944644 0.08794252347163663
vn -0.27198672016643455 -0.9553859136214771 0.11515632899133761
vn -0.2593896965893163 -0.9553859163282815 0.14126123383601136
vn -0.24429461184499088 -0.9553859151937399 0.16600570976001136
vn -0.22684697284924726 -0.9553859014049043 0.1891513423316671
vn -0.20721457435869334 -0.9553859020501326 0.21047541029108388
vn -0.18558652065537948 -0.9553859078812288 0.22977251875059151
vn -0.16217133224802863 -0.9553859128979915 0.24685667184212576
vn -0.13719411745316226 -0.9553859175919641 0.2615636110073584
vn -0.11089577336514603 -0.9553859070737002 0.2737515223970628
vn -0.08352954951299839 -0.9553858941608573 0.28330303139326796
vn -0.05535867690995839 -0.9553859028047267 0.29012616843845035
vn -0.02665473893736148 -0.9553859163892447 0.2941551897506895
vn 0.0023057504585256225 -0.955385905258746 0.29535141026876727
vn 0.031244210124115213 -0.955385899694968 0.29370322095230195
vn 0.05988160754367038 -0.9553859013852956 0.2892265072779331
vn 0.08794252347163663 -0.9553858986944644 0.2819643543804983
vn 0.11515632899133761 -0.9553859136214771 0.27198672016643455
vn 0.14126123383601136 -0.9553859163282815 0.2593896965893163
vn 0.16600570976001136 -0.9553859151937399 0.24429461184499088
vn 0.1891513423316671 -0.9553859014049043 0.22684697284924726
vn 0.21047541029108388 -0.9553859020501326 0.20721457435869334
vn 0.22977251875059151 -0.9553859078812288 0.18558652065537948
vn 0.24685667184212576 -0.9553859128979915 0.16217133224802863
vn 0.2615636110073584 -0.9553859175919641 0.13719411745316226
vn 0.2737515223970628 -0.9553859070737002 0.11089577336514603
vn 0.28330303139326796 -0.9553858941608573 0.08352954951299839
vn 0.29012616843845035 -0.9553859028047267 0.05535867690995839
vn 0.2941551897506895 -0.9553859163892447 0.02665473893736148
vn 0.3841871844915308 -0.9223850195792298 -0.04007596447117028
vn 0.38626535838757603 -0.9223850157356535 -0.002226130287197172
vn 0.3784090289720151 -0.9223850391847825 -0.07753996569862602
vn 0.36898671980095044 -0.9223850219310753 -0.11425704323036148
vn 0.35601078092264615 -0.9223850190161624 -0.14987394890841224
vn 0.3396063043245764 -0.9223850082287366 -0.1840474250237606
vn 0.3199310651890931 -0.922385025369798 -0.21644855855498138
vn 0.297174870259817 -0.922385034747671 -0.24676495731687417
vn 0.2715567454010802 -0.9223850305189838 -0.2747049135011357
vn 0.24332336962517512 -0.922385035555186 -0.29999930662937974
vn 0.21274661582256643 -0.9223850180609438 -0.3224046462332047
vn 0.18012106085365093 -0.9223850198801671 -0.3417049583158245
vn 0.14576050707502844 -0.9223850412706099 -0.35771456528557205
vn 0.10999657242870432 -0.9223850393924679 -0.3702790746975753
vn 0.07317326818277813 -0.9223850187089742 -0.3792776688452624
vn 0.03564529409311235 -0.9223850151726605 -0.38462357805255065
vn -0.002226130338449833 -0.9223850369719158 -0.38626530767599904
vn -0.04007596447117028 -0.9223850195792298 -0.3841871844915308
vn -0.07753996569862602 -0.9223850391847825 -0.3784090289720151
vn -0.11425704323036148 -0.9223850219310753 -0.36898671980095044
vn -0.14987394890841224 -0.9223850190161624 -0.35601078092264615
vn -0.1840474250237606 -0.9223850082287366 -0.3396063043245764
vn -0.21644855855498138 -0.922385025369798 -0.3199310651890931
vn -0.24676495731687417 -0.922385034747671 -0.297174870259817
vn -0.2747049135011357 -0.9223850305189838 -0.2715567454010802
vn -0.29999930662937974 -0.922385035555186 -0.24332336962517512
vn -0.3224046462332047 -0.9223850180609438 -0.21274661582256643
vn -0.3417049583158245 -0.9223850198801671 -0.18012106085365093
vn -0.35771456528557205 -0.9223850412706099 -0.14576050707502844
vn -0.3702790746975753 -0.9223850393924679 -0.10999657242870432
vn -0.3792776688452624 -0.9223850187089742 -0.07317326818277813
vn -0.38462357805255065 -0.9223850151726605 -0.03564529409311235
vn -0.38626530767599904 -0.9223850369719158 0.002226130338449833
vn -0.3841871844915308 -0.9223850195792298 0.04007596447117028
vn -0.3784090289720151 -0.9223850391847825 0.07753996569862602
vn -0.36898671980095044 -0.9223850219310753 0.11425704323036148
vn -0.35601078092264615 -0.9223850190161624 0.14987394890841224
vn -0.3396063043245764 -0.9223850082287366 0.1840474250237606
vn -0.3199310651890931 -0.922385025369798 0.21644855855498138
vn -0.297174870259817 -0.922385034747671 0.24676495731687417
vn -0.2715567454010802 -0.9223850305189838 0.2747049135011357
vn -0.24332336962517512 -0.922385035555186 0.29999930662937974
vn -0.21274661582256643 -0.9223850180609438 0.3224046462332047
vn -0.18012106085365093 -0.9223850198801671 0.3417049583158245
vn -0.14576050707502844 -0.9223850412706099 0.35771456528557205
vn -0.10999657242870432 -0.9223850393924679 0.3702790746975753
vn -0.07317326818277813 -0.9223850187089742 0.3792776688452624
vn -0.03564529409311235 -0.9223850151726605 0.38462357805255065
vn 0.002226130338449833 -0.9223850369719158 0.38626530767599904
vn 0.04007596447117028 -0.9223850195792298 0.3841871844915308
vn 0.07753996569862602 -0.9223850391847825 0.3784090289720151
vn 0.11425704323036148 -0.9223850219310753 0.36898671980095044
vn 0.14987394890841224 -0.9223850190161624 0.35601078092264615
vn 0.1840474250237606 -0.9223850082287366 0.3396063043245764
vn 0.21644855855498138 -0.922385025369798 0.3199310651890931
vn 0.24676495731687417 -0.922385034747671 0.297174870259817
vn 0.2747049135011357 -0.9223850305189838 0.2715567454010802
vn 0.29999930662937974 -0.922385035555186 0.24332336962517512
vn 0.3224046462332047 -0.9223850180609438 0.21274661582256643
vn 0.3417049583158245 -0.9223850198801671 0.18012106085365093
vn 0.35771456528557205 -0.9223850412706099 0.14576050707502844
vn 0.3702790746975753 -0.9223850393924679 0.10999657242870432
vn 0.3792776688452624 -0.9223850187089742 0.07317326818277813
vn 0.38462357805255065 -0.9223850151726605 0.03564529409311235
vn 0.47155517080242015 -0.8804974507521514 -0.048579420627085215
vn 0.47404594733897315 -0.8804975431482199 -0.0021251638628783666
vn 0.46452287614603793 -0.8804974702892032 -0.094565862505063
vn 0.45301687919583555 -0.8804975191305366 -0.1396417773040578
vn 0.43714814594934626 -0.88049749942537 -0.1833729860113517
vn 0.41706960732808024 -0.8804974416517435 -0.22533796370770587
vn 0.3929744178579974 -0.8804974214840212 -0.2651327925194432
vn 0.3650944883611398 -0.8804974687706468 -0.3023743078649401
vn 0.33369854771273993 -0.8804974735044795 -0.33670384376575924
vn 0.29908892891555294 -0.8804974667613097 -0.36779073347090135
vn 0.2615990030319727 -0.8804974514344924 -0.3953355532077043
vn 0.22158976952319384 -0.8804974382318763 -0.41907306679117556
vn 0.1794463466647509 -0.8804974902263372 -0.4387746327829301
vn 0.13557465907562766 -0.8804974902189586 -0.45425068138049307
vn 0.0903974730035774 -0.8804974877807333 -0.46535198601315203
vn 0.04434991682711574 -0.8804975117221607 -0.4719716270375917
vn -0.0021251640356607284 -0.8804975182690252 -0.47404599354905336
vn -0.048579420627085215 -0.8804974507521514 -0.47155517080242015
vn -0.094565862505063 -0.8804974702892032 -0.46452287614603793
vn -0.1396417773040578 -0.8804975191305366 -0.45301687919583555
vn -0.1833729860113517 -0.88049749942537 -0.43714814594934626
vn -0.22533796370770587 -0.8804974416517435 -0.41706960732808024
vn -0.2651327925194432 -0.8804974214840212 -0.3929744178579974
vn -0.3023743078649401 -0.8804974687706468 -0.3650944883611398
vn -0.33670384376575924 -0.8804974735044795 -0.33369854771273993
vn -0.36779073347090135 -0.8804974667613097 -0.29908892891555294
vn -0.3953355532077043 -0.8804974514344924 -0.2615990030319727
vn -0.41907306679117556 -0.8804974382318763 -0.22158976952319384
vn -0.4387746338199584 -0.8804974921071134 -0.17944633490056397
vn -0.45425068138049307 -0.8804974902189586 -0.13557465907562766
vn -0.46535198601315203 -0.8804974877807333 -0.0903974730035774
vn -0.4719716270375916 -0.8804975117221605 -0.044349916827115726
vn -0.47404594733873867 -0.8804975431477843 0.0021251640957079664
vn -0.47155517080242015 -0.8804974507521514 0.048579420627085215
vn -0.46452287614603793 -0.8804974702892032 0.094565862505063
vn -0.45301687919583555 -0.8804975191305366 0.1396417773040578
vn -0.43714814594934626 -0.88049749942537 0.1833729860113517
vn -0.41706960732808024 -0.8804974416517435 0.22533796370770587
vn -0.3929744178579974 -0.8804974214840212 0.2651327925194432
vn -0.3650944883611398 -0.8804974687706468 0.3023743078649401
vn -0.33369854771273993 -0.8804974735044795 0.33670384376575924
vn -0.29908892891555294 -0.8804974667613097 0.36779073347090135
vn -0.2615990030319727 -0.8804974514344924 0.3953355532077043
vn -0.22158976952319384 -0.8804974382318763 0.41907306679117556
vn -0.1794463466647509 -0.8804974902263372 0.4387746327829301
vn -0.13557465907562766 -0.8804974902189586 0.45425068138049307
vn -0.0903974730035774 -0.8804974877807333 0.46535198601315203
vn -0.04434991682711574 -0.8804975117221607 0.4719716270375917
vn 0.0021251640356607284 -0.8804975182690252 0.47404599354905336
vn 0.048579420627085215 -0.8804974507521514 0.47155517080242015
vn 0.094565862505063 -0.8804974702892032 0.46452287614603793
vn 0.1396417773040578 -0.8804975191305366 0.45301687919583555
vn 0.1833729860113517 -0.88049749942537 0.43714814594934626
vn 0.22533796370770587 -0.8804974416517435 0.41706960732808024
vn 0.2651327925194432 -0.8804974214840212 0.3929744178579974
vn 0.3023743078649401 -0.8804974687706468 0.3650944883611398
vn 0.33670384376575924 -0.8804974735044795 0.33369854771273993
vn 0.36779073347090135 -0.8804974667613097 0.29908892891555294
vn 0.3953355532077043 -0.8804974514344924 0.2615990030319727
vn 0.41907306679117556 -0.8804974382318763 0.22158976952319384
vn 0.4387746338199584 -0.8804974921071134 0.17944633490056397
vn 0.45425068138049307 -0.8804974902189586 0.13557465907562766
vn 0.46535198601315203 -0.8804974877807333 0.0903974730035774
vn 0.4719716270375916 -0.8804975117221605 0.044349916827115726
vn 0.554687066522753 -0.8301286454273704 -0.056645302305683376
vn 0.5575684091883691 -0.8301285778081874 -0.0020033425337032764
vn 0.5464639959050301 -0.8301286240608475 -0.11074099825426517
vn 0.5329781757411082 -0.8301285748321018 -0.1637706122321832
vn 0.5143592983079549 -0.8301285552739824 -0.21522335831149714
vn 0.49078686219136053 -0.8301286299896441 -0.26460293568264726
vn 0.46248808335186276 -0.8301286010074022 -0.31143422828426204
vn 0.4297353026751059 -0.830128609651187 -0.3552661834080502
vn 0.392843634847651 -0.8301286155288988 -0.39567709087052194
vn 0.35216891134873773 -0.8301285952668472 -0.4322771948642862
vn 0.3081024580125967 -0.8301286082404385 -0.4647142876514434
vn 0.2610692868678342 -0.8301285754029627 -0.49267573083496635
vn 0.21152137863556733 -0.8301286353945987 -0.5158925809487964
vn 0.1599361769377317 -0.8301286633542507 -0.5341412000437971
vn 0.10681110499296133 -0.8301286007143475 -0.5472457346807025
vn 0.05265754382253229 -0.8301285380698419 -0.5550799882544907
vn -0.0020033426008301334 -0.8301285687498664 -0.5575684226744926
vn -0.056645302305683376 -0.8301286454273704 -0.554687066522753
vn -0.11074101297268411 -0.8301286226909946 -0.5464639950032719
vn -0.1637706122321832 -0.8301285748321018 -0.5329781757411082
vn -0.21522335831149714 -0.8301285552739824 -0.5143592983079549
vn -0.26460293568264726 -0.8301286299896441 -0.49078686219136053
vn -0.31143423549383653 -0.8301286003910294 -0.4624880796033559
vn -0.3552661834080502 -0.830128609651187 -0.4297353026751059
vn -0.395677091796619 -0.830128614551363 -0.3928436359805316
vn -0.4322771948642862 -0.8301285952668472 -0.35216891134873773
vn -0.4647142876514434 -0.8301286082404385 -0.3081024580125967
vn -0.49267573083496635 -0.8301285754029627 -0.2610692868678342
vn -0.5158925809487964 -0.8301286353945987 -0.21152137863556733
vn -0.5341412000437971 -0.8301286633542507 -0.1599361769377317
vn -0.5472457346807025 -0.8301286007143475 -0.10681110499296133
vn -0.5550799882544907 -0.8301285380698419 -0.05265754382253229
vn -0.5575684226744927 -0.8301285687498666 0.002003342600830134
vn -0.554687066522753 -0.8301286454273704 0.056645302305683376
vn -0.5464639959050301 -0.8301286240608475 0.11074099825426517
vn -0.5329781757411082 -0.8301285748321018 0.1637706122321832
vn -0.5143592983079549 -0.8301285552739824 0.21522335831149714
vn -0.49078686219136053 -0.8301286299896441 0.26460293568264726
vn -0.46248808335186276 -0.8301286010074022 0.31143422828426204
vn -0.4297353026751059 -0.830128609651187 0.3552661834080502
vn -0.392843634847651 -0.8301286155288988 0.39567709087052194
vn -0.35216891134873773 -0.8301285952668472 0.4322771948642862
vn -0.3081024580125967 -0.8301286082404385 0.4647142876514434
vn -0.2610692868678342 -0.8301285754029627 0.49267573083496635
vn -0.21152137863556733 -0.8301286353945987 0.5158925809487964
vn -0.1599361769377317 -0.8301286633542507 0.5341412000437971
vn -0.10681110499296133 -0.8301286007143475 0.5472457346807025
vn -0.05265754382253229 -0.8301285380698419 0.5550799882544907
vn 0.0020033426008301334 -0.8301285687498664 0.5575684226744926
vn 0.056645302305683376 -0.8301286454273704 0.554687066522753
vn 0.11074101297268411 -0.8301286226909946 0.5464639950032719
vn 0.1637706122321832 -0.8301285748321018 0.5329781757411082
vn 0.21522335831149714 -0.8301285552739824 0.5143592983079549
vn 0.26460293568264726 -0.8301286299896441 0.49078686219136053
vn 0.31143423549383653 -0.8301286003910294 0.4624880796033559
vn 0.3552661834080502 -0.830128609651187 0.4297353026751059
vn 0.395677091796619 -0.830128614551363 0.3928436359805316
vn 0.4322771948642862 -0.8301285952668472 0.35216891134873773
vn 0.4647142876514434 -0.8301286082404385 0.3081024580125967
vn 0.49267573083496635 -0.8301285754029627 0.2610692868678342
vn 0.5158925809487964 -0.8301286353945987 0.21152137863556733
vn 0.5341412000437971 -0.8301286633542507 0.1599361769377317
vn 0.5472457346807025 -0.8301286007143475 0.10681110499296133
vn 0.5550799882544907 -0.8301285380698419 0.05265754382253229
vn 0.6326605823117916 -0.7717649518137111 -0.06418291626971169
vn 0.6359052016876614 -0.7717649285823681 -0.0018626531686607704
vn 0.6233228527019349 -0.7717651230255159 -0.12588572667674533
vn 0.6079824761257231 -0.7717650779511758 -0.1863758921616479
vn 0.5867868273641825 -0.7717650209992959 -0.24507136020725406
vn 0.5599402222268933 -0.7717649386132973 -0.30140641509382415
vn 0.5277010527736119 -0.7717650136796015 -0.3548385020847462
vn 0.49037964331506895 -0.7717650718365352 -0.4048536517253283
vn 0.44833573272919996 -0.771765037634817 -0.45096984094582315
vn 0.40197392318637265 -0.7717650344662267 -0.49274303308469003
vn 0.351741241309038 -0.7717649708840936 -0.5297706379921892
vn 0.29812092076197205 -0.7717650658853121 -0.5616961809404386
vn 0.24162984162967413 -0.771765002247294 -0.5882123774116393
vn 0.1828111553384298 -0.7717650508370696 -0.6090638618324716
vn 0.12223173130404648 -0.7717651253495595 -0.6240496736291065
vn 0.06047591999168301 -0.7717650133377005 -0.6330256134541623
vn -0.0018626538671502732 -0.771764928581364 -0.6359052016868342
vn -0.06418291626971169 -0.7717649518137111 -0.6326605823117916
vn -0.1258857224795925 -0.7717651290437256 -0.6233228460981615
vn -0.1863758921616479 -0.7717650779511758 -0.6079824761257231
vn -0.24507136020725406 -0.7717650209992959 -0.5867868273641825
vn -0.30140641509382415 -0.7717649386132973 -0.5599402222268933
vn -0.3548385020847462 -0.7717650136796015 -0.5277010527736119
vn -0.4048536517253283 -0.7717650718365352 -0.49037964331506895
vn -0.45096984094582315 -0.771765037634817 -0.44833573272919996
vn -0.49274303308469003 -0.7717650344662267 -0.40197392318637265
vn -0.5297706379921892 -0.7717649708840936 -0.351741241309038
vn -0.5616961809404386 -0.7717650658853121 -0.29812092076197205
vn -0.5882123774116393 -0.771765002247294 -0.24162984162967413
vn -0.6090638618324716 -0.7717650508370696 -0.1828111553384298
vn -0.6240496736291065 -0.7717651253495595 -0.12223173130404648
vn -0.6330256134541623 -0.7717650133377005 -0.06047591999168301
vn -0.6359052016868342 -0.771764928581364 0.0018626538671502732
vn -0.6326605823117916 -0.7717649518137111 0.06418291626971169
vn -0.6233228527019349 -0.7717651230255159 0.12588572667674533
vn -0.6079824761257231 -0.7717650779511758 0.1863758921616479
vn -0.5867868273641825 -0.7717650209992959 0.24507136020725406
vn -0.5599402222268933 -0.7717649386132973 0.30140641509382415
vn -0.5277010527736119 -0.7717650136796015 0.3548385020847462
vn -0.49037964331506895 -0.7717650718365352 0.4048536517253283
vn -0.44833573272919996 -0.771765037634817 0.45096984094582315
vn -0.40197392318637265 -0.7717650344662267 0.49274303308469003
vn -0.351741241309038 -0.7717649708840936 0.5297706379921892
vn -0.29812092076197205 -0.7717650658853121 0.5616961809404386
vn -0.24162984162967413 -0.771765002247294 0.5882123774116393
vn -0.1828111553384298 -0.7717650508370696 0.6090638618324716
vn -0.12223173130404648 -0.7717651253495595 0.6240496736291065
vn -0.06047591999168301 -0.7717650133377005 0.6330256134541623
vn 0.0018626538671502732 -0.771764928581364 0.6359052016868342
vn 0.06418291626971169 -0.7717649518137111 0.6326605823117916
vn 0.1258857224795925 -0.7717651290437256 0.6233228460981615
vn 0.1863758921616479 -0.7717650779511758 0.6079824761257231
vn 0.24507136020725406 -0.7717650209992959 0.5867868273641825
vn 0.30140641509382415 -0.7717649386132973 0.5599402222268933
vn 0.3548385020847462 -0.7717650136796015 0.5277010527736119
vn 0.4048536517253283 -0.7717650718365352 0.49037964331506895
vn 0.45096984094582315 -0.771765037634817 0.44833573272919996
vn 0.49274303308469003 -0.7717650344662267 0.40197392318637265
vn 0.5297706379921892 -0.7717649708840936 0.351741241309038
vn 0.5616961809404386 -0.7717650658853121 0.29812092076197205
vn 0.5882123774116393 -0.771765002247294 0.24162984162967413
vn 0.6090638618324716 -0.7717650508370696 0.1828111553384298
vn 0.6240496736291065 -0.7717651253495595 0.12223173130404648
vn 0.6330256134541623 -0.7717650133377005 0.06047591999168301
vn 0.7046643021673439 -0.7059680344748401 -0.0711150866605772
vn 0.7082415910560219 -0.7059680910610168 -0.0017038492007255145
vn 0.6943006191925837 -0.7059680500513054 -0.13984191966485732
vn 0.6772503261740278 -0.7059680824663479 -0.2072222532354109
vn 0.6536777783557826 -0.705968159700837 -0.2726065288514963
vn 0.6238098274045205 -0.7059682675720375 -0.33536562795682945
vn 0.5879348594642657 -0.7059680913384863 -0.39489448595622195
vn 0.5463974000193431 -0.7059680975046438 -0.45062060156829875
vn 0.49959754860147776 -0.7059681403730451 -0.5020072451764201
vn 0.44798643041512204 -0.7059681517136096 -0.5485591371310724
vn 0.3920612386887522 -0.705968150862026 -0.5898279029397413
vn 0.3323601946244208 -0.7059681763746102 -0.625416369289711
vn 0.26945830901974016 -0.7059681030493489 -0.6549818754569673
vn 0.2039615353427941 -0.7059680190739693 -0.67823952122048
vn 0.13649960342628334 -0.7059681664015999 -0.6949653274027636
vn 0.06772395945796021 -0.7059680795909803 -0.7049982524190822
vn -0.0017038491287983924 -0.7059680612589351 -0.7082416207626085
vn -0.0711150866605772 -0.7059680344748401 -0.7046643021673439
vn -0.13984191966485732 -0.7059680500513054 -0.6943006191925837
vn -0.2072222532354109 -0.7059680824663479 -0.6772503261740278
vn -0.2726065288514963 -0.705968159700837 -0.6536777783557826
vn -0.33536562795682945 -0.7059682675720375 -0.6238098274045205
vn -0.39489448595622195 -0.7059680913384863 -0.5879348594642657
vn -0.45062060156829875 -0.7059680975046438 -0.5463974000193431
vn -0.5020072451764201 -0.7059681403730451 -0.49959754860147776
vn -0.5485591371310724 -0.7059681517136096 -0.44798643041512204
vn -0.5898279029397413 -0.705968150862026 -0.3920612386887522
vn -0.625416369289711 -0.7059681763746102 -0.3323601946244208
vn -0.6549818754569673 -0.7059681030493489 -0.26945830901974016
vn -0.67823952122048 -0.7059680190739693 -0.2039615353427941
vn -0.6949653274027636 -0.7059681664015999 -0.13649960342628334
vn -0.7049982524190822 -0.7059680795909803 -0.06772395945796021
vn -0.7082416207626085 -0.7059680612589351 0.0017038491287983924
vn -0.7046643021673439 -0.7059680344748401 0.0711150866605772
vn -0.6943006191925837 -0.7059680500513054 0.13984191966485732
vn -0.6772503261740278 -0.7059680824663479 0.2072222532354109
vn -0.6536777783557826 -0.705968159700837 0.2726065288514963
vn -0.6238098274045205 -0.7059682675720375 0.33536562795682945
vn -0.5879348594642657 -0.7059680913384863 0.39489448595622195
vn -0.5463974000193431 -0.7059680975046438 0.45062060156829875
vn -0.49959754860147776 -0.7059681403730451 0.5020072451764201
vn -0.44798643041512204 -0.7059681517136096 0.5485591371310724
vn -0.3920612386887522 -0.705968150862026 0.5898279029397413
vn -0.3323601946244208 -0.7059681763746102 0.625416369289711
vn -0.26945830901974016 -0.7059681030493489 0.6549818754569673
vn -0.2039615353427941 -0.7059680190739693 0.67823952122048
vn -0.13649960342628334 -0.7059681664015999 0.6949653274027636
vn -0.06772395945796021 -0.7059680795909803 0.7049982524190822
vn 0.0017038491287983924 -0.7059680612589351 0.7082416207626085
vn 0.0711150866605772 -0.7059680344748401 0.7046643021673439
vn 0.13984191966485732 -0.7059680500513054 0.6943006191925837
vn 0.2072222532354109 -0.7059680824663479 0.6772503261740278
vn 0.2726065288514963 -0.705968159700837 0.6536777783557826
vn 0.33536562795682945 -0.7059682675720375 0.6238098274045205
vn 0.39489448595622195 -0.7059680913384863 0.5879348594642657
vn 0.45062060156829875 -0.7059680975046438 0.5463974000193431
vn 0.5020072451764201 -0.7059681403730451 0.49959754860147776
vn 0.5485591371310724 -0.7059681517136096 0.44798643041512204
vn 0.5898279029397413 -0.705968150862026 0.3920612386887522
vn 0.625416369289711 -0.7059681763746102 0.3323601946244208
vn 0.6549818754569673 -0.7059681030493489 0.26945830901974016
vn 0.67823952122048 -0.7059680190739693 0.2039615353427941
vn 0.6949653274027636 -0.7059681664015999 0.13649960342628334
vn 0.7049982524190822 -0.7059680795909803 0.06772395945796021
vn 0.769969874080689 -0.6333720034534752 -0.07737117195376479
vn 0.7738459373333105 -0.63337203033233 -0.0015285501077732034
vn 0.7586784993974459 -0.6333720614938045 -0.15246890263633445
vn 0.7400807050652844 -0.6333719413561845 -0.22609850484417027
vn 0.7143555038036812 -0.6333719802756523 -0.29755024581923545
vn 0.6817505902965382 -0.6333720039016235 -0.3661366374783648
vn 0.6425799690022201 -0.6333721839262902 -0.4311967765018046
vn 0.5972214475957326 -0.633371963491153 -0.49210415401113916
vn 0.5461108790401481 -0.633371961473556 -0.5482726203387666
vn 0.4897408310522242 -0.6333720457869306 -0.599160888256197
vn 0.4286547729866815 -0.633372043377977 -0.6442786200573032
vn 0.36344049440348536 -0.6333720349322682 -0.6831916805652039
vn 0.2947256334897093 -0.6333720829811823 -0.7155254051843076
vn 0.22317294737590662 -0.6333720076979593 -0.740968106887339
vn 0.14947057100148392 -0.6333719035672829 -0.7592750359231144
vn 0.07432853376301246 -0.6333721233905688 -0.7702694479079141
vn -0.0015285500831800772 -0.633371971903887 -0.7738459851554604
vn -0.07737117195376479 -0.6333720034534752 -0.769969874080689
vn -0.152468891889586 -0.6333720741589408 -0.7586784909838706
vn -0.22609850484417027 -0.6333719413561845 -0.7400807050652844
vn -0.29755024581923545 -0.6333719802756523 -0.7143555038036812
vn -0.3661366374783648 -0.6333720039016235 -0.6817505902965382
vn -0.4311967765018046 -0.6333721839262902 -0.6425799690022201
vn -0.49210415401113916 -0.633371963491153 -0.5972214475957326
vn -0.5482726203387666 -0.633371961473556 -0.5461108790401481
vn -0.599160888256197 -0.6333720457869306 -0.4897408310522242
vn -0.6442786200573032 -0.633372043377977 -0.4286547729866815
vn -0.6831917063569972 -0.6333719992386307 -0.36344050812405954
vn -0.7155254384815891 -0.6333720528507747 -0.29472561740256853
vn -0.740968106887339 -0.6333720076979593 -0.22317294737590662
vn -0.7592750359231144 -0.6333719035672829 -0.14947057100148392
vn -0.7702694479079141 -0.6333721233905688 -0.07432853376301246
vn -0.7738459851554604 -0.633371971903887 0.0015285500831800772
vn -0.769969874080689 -0.6333720034534752 0.07737117195376479
vn -0.7586784993974459 -0.6333720614938045 0.15246890263633445
vn -0.7400807050652844 -0.6333719413561845 0.22609850484417027
vn -0.7143555038036812 -0.6333719802756523 0.29755024581923545
vn -0.6817505902965382 -0.6333720039016235 0.3661366374783648
vn -0.6425799690022201 -0.6333721839262902 0.4311967765018046
vn -0.5972214475957326 -0.633371963491153 0.49210415401113916
vn -0.5461108790401481 -0.633371961473556 0.5482726203387666
vn -0.4897408310522242 -0.6333720457869306 0.599160888256197
vn -0.4286547729866815 -0.633372043377977 0.6442786200573032
vn -0.36344049440348536 -0.6333720349322682 0.6831916805652039
vn -0.2947256334897093 -0.6333720829811823 0.7155254051843076
vn -0.22317294737590662 -0.6333720076979593 0.740968106887339
vn -0.14947057100148392 -0.6333719035672829 0.7592750359231144
vn -0.07432853376301246 -0.6333721233905688 0.7702694479079141
vn 0.0015285500831800772 -0.633371971903887 0.7738459851554604
vn 0.07737117195376479 -0.6333720034534752 0.769969874080689
vn 0.152468891889586 -0.6333720741589408 0.7586784909838706
vn 0.22609850484417027 -0.6333719413561845 0.7400807050652844
vn 0.29755024581923545 -0.6333719802756523 0.7143555038036812
vn 0.3661366374783648 -0.6333720039016235 0.6817505902965382
vn 0.4311967765018046 -0.6333721839262902 0.6425799690022201
vn 0.49210415401113916 -0.633371963491153 0.5972214475957326
vn 0.5482726203387666 -0.633371961473556 0.5461108790401481
vn 0.599160888256197 -0.6333720457869306 0.4897408310522242
vn 0.6442786200573032 -0.633372043377977 0.4286547729866815
vn 0.6831917063569972 -0.6333719992386307 0.36344050812405954
vn 0.7155254384815891 -0.6333720528507747 0.29472561740256853
vn 0.740968106887339 -0.6333720076979593 0.22317294737590662
vn 0.7592750359231144 -0.6333719035672829 0.14947057100148392
vn 0.7702694479079141 -0.6333721233905688 0.07432853376301246
vn 0.8279271837907709 -0.5546765005888046 -0.08288882937308939
vn 0.8320649906354791 -0.554676535682875 -0.001338701469462772
vn 0.8158161487539755 -0.5546762839495858 -0.1636405556581553
vn 0.7958479960587924 -0.5546763428415469 -0.24281705430453418
vn 0.768215726842415 -0.5546762260654303 -0.31965431526852806
vn 0.7331848288322517 -0.5546762456003768 -0.3934136110213938
vn 0.6910932556520851 -0.5546762264085751 -0.46338363787400294
vn 0.6423456883020546 -0.5546764401647576 -0.5288913531585782
vn 0.5874123782922346 -0.5546762545158554 -0.5893054814825014
vn 0.5268215952057902 -0.5546762752634861 -0.644044436731389
vn 0.4611574721508184 -0.5546763195399504 -0.6925806569787248
vn 0.3910523420970798 -0.5546762440785464 -0.7344469551950674
vn 0.31718099877280687 -0.5546761288035169 -0.7692402785560758
vn 0.24025467212037713 -0.5546763923482071 -0.7966252521078578
vn 0.16101487935358652 -0.554676335478171 -0.8163383927558824
vn 0.08022419589538328 -0.554676488785762 -0.828189634794615
vn -0.0013387008816240654 -0.5546765219262222 -0.8320649998069733
vn -0.08288882937308939 -0.5546765005888046 -0.8279271837907709
vn -0.1636405556581553 -0.5546762839495858 -0.8158161487539755
vn -0.24281705430453418 -0.5546763428415469 -0.7958479960587924
vn -0.31965431526852806 -0.5546762260654303 -0.768215726842415
vn -0.3934136110213938 -0.5546762456003768 -0.7331848288322517
vn -0.46338363787400294 -0.5546762264085751 -0.6910932556520851
vn -0.5288913531585782 -0.5546764401647576 -0.6423456883020546
vn -0.5893054814825014 -0.5546762545158554 -0.5874123782922346
vn -0.644044436731389 -0.5546762752634861 -0.5268215952057902
vn -0.6925806569787248 -0.5546763195399504 -0.4611574721508184
vn -0.7344469551950674 -0.5546762440785464 -0.3910523420970798
vn -0.7692402785560758 -0.5546761288035169 -0.31718099877280687
vn -0.7966252521078578 -0.5546763923482071 -0.24025467212037713
vn -0.8163383927558824 -0.554676335478171 -0.16101487935358652
vn -0.828189634794615 -0.554676488785762 -0.08022419589538328
vn -0.8320649998069733 -0.5546765219262222 0.0013387008816240654
vn -0.8279271837907709 -0.5546765005888046 0.08288882937308939
vn -0.8158161487539755 -0.5546762839495858 0.1636405556581553
vn -0.7958479960587924 -0.5546763428415469 0.24281705430453418
vn -0.768215726842415 -0.5546762260654303 0.31965431526852806
vn -0.7331848288322517 -0.5546762456003768 0.3934136110213938
vn -0.6910932556520851 -0.5546762264085751 0.46338363787400294
vn -0.6423456883020546 -0.5546764401647576 0.5288913531585782
vn -0.5874123782922346 -0.5546762545158554 0.5893054814825014
vn -0.5268215952057902 -0.5546762752634861 0.644044436731389
vn -0.4611574721508184 -0.5546763195399504 0.6925806569787248
vn -0.3910523420970798 -0.5546762440785464 0.7344469551950674
vn -0.31718099877280687 -0.5546761288035169 0.7692402785560758
vn -0.24025467212037713 -0.5546763923482071 0.7966252521078578
vn -0.16101487935358652 -0.554676335478171 0.8163383927558824
vn -0.08022419589538328 -0.554676488785762 0.828189634794615
vn 0.0013387008816240654 -0.5546765219262222 0.8320649998069733
vn 0.08288882937308939 -0.5546765005888046 0.8279271837907709
vn 0.1636405556581553 -0.5546762839495858 0.8158161487539755
vn 0.24281705430453418 -0.5546763428415469 0.7958479960587924
vn 0.31965431526852806 -0.5546762260654303 0.768215726842415
vn 0.3934136110213938 -0.5546762456003768 0.7331848288322517
vn 0.46338363787400294 -0.5546762264085751 0.6910932556520851
vn 0.5288913531585782 -0.5546764401647576 0.6423456883020546
vn 0.5893054814825014 -0.5546762545158554 0.5874123782922346
vn 0.644044436731389 -0.5546762752634861 0.5268215952057902
vn 0.6925806569787248 -0.5546763195399504 0.4611574721508184
vn 0.7344469551950674 -0.5546762440785464 0.3910523420970798
vn 0.7692402785560758 -0.5546761288035169 0.31718099877280687
vn 0.7966252521078578 -0.5546763923482071 0.24025467212037713
vn 0.8163383927558824 -0.554676335478171 0.16101487935358652
vn 0.828189634794615 -0.554676488785762 0.08022419589538328
vn 0.8779654205040307 -0.47063849759980086 -0.08761349768262329
vn 0.8823255968923922 -0.4706381319855452 -0.001135689059624382
vn 0.8651502128665607 -0.47063842395408884 -0.17324717335343806
vn 0.8440030822814428 -0.4706383650886204 -0.2572126093451378
vn 0.8147276646666997 -0.470638394744463 -0.3387009504254465
vn 0.7776061870281356 -0.47063830360347314 -0.4169270980361067
vn 0.7329957437900654 -0.47063848072583264 -0.4911381272572195
vn 0.6813264321152627 -0.4706384125517273 -0.5606191020040935
vn 0.6230949503529217 -0.47063858363920114 -0.6247015338822026
vn 0.5588631909959473 -0.47063847754152577 -0.6827674254145566
vn 0.4892491341368083 -0.47063838869234936 -0.7342579872466163
vn 0.4149237732263258 -0.47063835279933536 -0.7786769569506709
vn 0.3366020244349979 -0.4706384251899829 -0.8155970511723016
vn 0.2550387601605651 -0.470638349988966 -0.8446625209723854
vn 0.17101911779112322 -0.47063829335372487 -0.8655934716592074
vn 0.08535250041524231 -0.4706382436775814 -0.8781882453443269
vn -0.0011356881283029383 -0.47063813198604304 -0.8823255968933256
vn -0.08761349645374586 -0.4706385208008898 -0.8779654081895824
vn -0.17324717335343806 -0.47063842395408884 -0.8651502128665607
vn -0.2572126093451378 -0.4706383650886204 -0.8440030822814428
vn -0.3387009504254465 -0.470638394744463 -0.8147276646666997
vn -0.4169270980361067 -0.47063830360347314 -0.7776061870281356
vn -0.4911381272572195 -0.47063848072583264 -0.7329957437900654
vn -0.5606191020040935 -0.4706384125517273 -0.6813264321152627
vn -0.6247015338822026 -0.47063858363920114 -0.6230949503529217
vn -0.6827674254145566 -0.47063847754152577 -0.5588631909959473
vn -0.7342579872466163 -0.47063838869234936 -0.4892491341368083
vn -0.7786769569506709 -0.47063835279933536 -0.4149237732263258
vn -0.8155970511723016 -0.4706384251899829 -0.3366020244349979
vn -0.8446625209723854 -0.470638349988966 -0.2550387601605651
vn -0.8655934716592074 -0.47063829335372487 -0.17101911779112322
vn -0.8781882453443269 -0.4706382436775814 -0.08535250041524231
vn -0.8823255968933256 -0.47063813198604304 0.0011356881283029383
vn -0.8779654205040307 -0.47063849759980086 0.08761349768262329
vn -0.8651502128665607 -0.47063842395408884 0.17324717335343806
vn -0.8440030822814428 -0.4706383650886204 0.2572126093451378
vn -0.8147276646666997 -0.470638394744463 0.3387009504254465
vn -0.7776061870281356 -0.47063830360347314 0.4169270980361067
vn -0.7329957437900654 -0.47063848072583264 0.4911381272572195
vn -0.6813264321152627 -0.4706384125517273 0.5606191020040935
vn -0.6230949503529217 -0.47063858363920114 0.6247015338822026
vn -0.5588631909959473 -0.47063847754152577 0.6827674254145566
vn -0.4892491341368083 -0.47063838869234936 0.7342579872466163
vn -0.4149237732263258 -0.47063835279933536 0.7786769569506709
vn -0.3366020244349979 -0.4706384251899829 0.8155970511723016
vn -0.2550387601605651 -0.470638349988966 0.8446625209723854
vn -0.17101911779112322 -0.47063829335372487 0.8655934716592074
vn -0.08535250041524231 -0.4706382436775814 0.8781882453443269
vn 0.0011356881283029383 -0.47063813198604304 0.8823255968933256
vn 0.08761349645374586 -0.4706385208008898 0.8779654081895824
vn 0.17324717335343806 -0.47063842395408884 0.8651502128665607
vn 0.2572126093451378 -0.4706383650886204 0.8440030822814428
vn 0.3387009504254465 -0.470638394744463 0.8147276646666997
vn 0.4169270980361067 -0.47063830360347314 0.7776061870281356
vn 0.4911381272572195 -0.47063848072583264 0.7329957437900654
vn 0.5606191020040935 -0.4706384125517273 0.6813264321152627
vn 0.6247015338822026 -0.47063858363920114 0.6230949503529217
vn 0.6827674254145566 -0.47063847754152577 0.5588631909959473
vn 0.7342579872466163 -0.47063838869234936 0.4892491341368083
vn 0.7786769569506709 -0.47063835279933536 0.4149237732263258
vn 0.8155970511723016 -0.4706384251899829 0.3366020244349979
vn 0.8446625209723854 -0.470638349988966 0.2550387601605651
vn 0.8655934716592074 -0.47063829335372487 0.17101911779112322
vn 0.8781882453443269 -0.4706382436775814 0.08535250041524231
vn 0.9195936344960786 -0.38206756209474174 -0.09149822615369783
vn 0.9241338148054842 -0.38206784990464776 -0.0009221725989881922
vn 0.9061969490002902 -0.38206789243884925 -0.18119386079528502
vn 0.8840732039162053 -0.38206797696422645 -0.26914425703662875
vn 0.8534352552504267 -0.3820680843158297 -0.35450281246115756
vn 0.814578483239352 -0.3820680425230019 -0.4364469103179885
vn 0.7678769257047591 -0.38206794988365483 -0.5141878145599221
vn 0.7137802987954889 -0.382067986340334 -0.5869767788126418
vn 0.6528091552735293 -0.38206804513118897 -0.6541133049256016
vn 0.5855513676215787 -0.38206793977794584 -0.71495012782035
vn 0.5126542424213115 -0.38206815534892796 -0.7689015232106765
vn 0.43482058437965865 -0.38206800113412426 -0.8154477922645368
vn 0.352798960989789 -0.3820680024656435 -0.8541410507734881
vn 0.26737946623923414 -0.3820680430169953 -0.8846085188029706
vn 0.17938504254307985 -0.3820679004857314 -0.9065567417047005
vn 0.0896630328201199 -0.3820679660636381 -0.9197742167801252
vn -0.0009221734826026785 -0.38206782445243703 -0.9241338253273979
vn -0.09149822615369783 -0.38206756209474174 -0.9195936344960786
vn -0.181193858233436 -0.382067888655372 -0.9061969511077091
vn -0.2691442532504544 -0.382067959085469 -0.8840732127954787
vn -0.35450281246115756 -0.3820680843158297 -0.8534352552504267
vn -0.4364469103179885 -0.3820680425230019 -0.814578483239352
vn -0.5141878145599221 -0.38206794988365483 -0.7678769257047591
vn -0.5869767788126418 -0.382067986340334 -0.7137802987954889
vn -0.6541133049256016 -0.38206804513118897 -0.6528091552735293
vn -0.71495012782035 -0.38206793977794584 -0.5855513676215787
vn -0.7689015232106765 -0.38206815534892796 -0.5126542424213115
vn -0.8154477922645368 -0.38206800113412426 -0.43482058437965865
vn -0.8541410643064897 -0.38206798499763855 -0.35279894714301674
vn -0.8846085188029706 -0.3820680430169953 -0.26737946623923414
vn -0.9065567417047005 -0.3820679004857314 -0.17938504254307985
vn -0.9197742148726896 -0.3820679703142597 -0.08966303427427266
vn -0.9241338253273979 -0.38206782445243703 0.0009221734826026785
vn -0.9195936344960786 -0.38206756209474174 0.09149822615369783
vn -0.9061969490002902 -0.38206789243884925 0.18119386079528502
vn -0.8840732039162053 -0.38206797696422645 0.26914425703662875
vn -0.8534352552504267 -0.3820680843158297 0.35450281246115756
vn -0.814578483239352 -0.3820680425230019 0.4364469103179885
vn -0.7678769257047591 -0.38206794988365483 0.5141878145599221
vn -0.7137802987954889 -0.382067986340334 0.5869767788126418
vn -0.6528091552735293 -0.38206804513118897 0.6541133049256016
vn -0.5855513676215787 -0.38206793977794584 0.71495012782035
vn -0.5126542424213115 -0.38206815534892796 0.7689015232106765
vn -0.43482058437965865 -0.38206800113412426 0.8154477922645368
vn -0.352798960989789 -0.3820680024656435 0.8541410507734881
vn -0.26737946623923414 -0.3820680430169953 0.8846085188029706
vn -0.17938504254307985 -0.3820679004857314 0.9065567417047005
vn -0.0896630328201199 -0.3820679660636381 0.9197742167801252
vn 0.0009221734826026785 -0.38206782445243703 0.9241338253273979
vn 0.09149822615369783 -0.38206756209474174 0.9195936344960786
vn 0.181193858233436 -0.382067888655372 0.9061969511077091
vn 0.2691442532504544 -0.382067959085469 0.8840732127954787
vn 0.35450281246115756 -0.3820680843158297 0.8534352552504267
vn 0.4364469103179885 -0.3820680425230019 0.814578483239352
vn 0.5141878145599221 -0.38206794988365483 0.7678769257047591
vn 0.5869767788126418 -0.382067986340334 0.7137802987954889
vn 0.6541133049256016 -0.38206804513118897 0.6528091552735293
vn 0.71495012782035 -0.38206793977794584 0.5855513676215787
vn 0.7689015232106765 -0.38206815534892796 0.5126542424213115
vn 0.8154477922645368 -0.38206800113412426 0.43482058437965865
vn 0.8541410643064897 -0.38206798499763855 0.35279894714301674
vn 0.8846085188029706 -0.3820680430169953 0.26737946623923414
vn 0.9065567417047005 -0.3820679004857314 0.17938504254307985
vn 0.9197742148726896 -0.3820679703142597 0.08966303427427266
vn 0.9524042743848852 -0.2898182496129017 -0.0945065094303783
vn 0.9570815252749946 -0.28981798576755524 -0.0006993589402865508
vn 0.9385551161705038 -0.28981780843703403 -0.18740312650253949
vn 0.9156669006072744 -0.2898178767479561 -0.2784954675566091
vn 0.8839603729447382 -0.28981784205617284 -0.36690554300705586
vn 0.8437407733607234 -0.2898180134958417 -0.45178205633023166
vn 0.7953956057434786 -0.2898180676544786 -0.5323075408304762
vn 0.7393905280602789 -0.2898180624394991 -0.6077064568511316
vn 0.6762641352132304 -0.2898181839383312 -0.6772534530609566
vn 0.6066251562562786 -0.2898179981019446 -0.7402779530508974
vn 0.531144461314994 -0.28981785139639876 -0.796172829369591
vn 0.4505482143881813 -0.2898180863773159 -0.8444002506632814
vn 0.3656132593310286 -0.289817905336629 -0.8844956338770875
vn 0.2771566970883887 -0.2898178568700017 -0.9160730184315738
vn 0.18603122692296822 -0.2898179662046432 -0.9388279549920419
vn 0.09311410488388203 -0.2898179134321357 -0.9525415164314447
vn -0.0006993589402865508 -0.28981798576755524 -0.9570815252749946
vn -0.0945065094303783 -0.2898182496129017 -0.9524042743848852
vn -0.18740312650253949 -0.28981780843703403 -0.9385551161705038
vn -0.2784954675566091 -0.2898178767479561 -0.9156669006072744
vn -0.36690554300705586 -0.28981784205617284 -0.8839603729447382
vn -0.4517820505238163 -0.2898180311393156 -0.8437407704093873
vn -0.5323075408304762 -0.2898180676544786 -0.7953956057434786
vn -0.6077064568511316 -0.2898180624394991 -0.7393905280602789
vn -0.6772534530609566 -0.2898181839383312 -0.6762641352132304
vn -0.7402779530508974 -0.2898179981019446 -0.6066251562562786
vn -0.796172829369591 -0.28981785139639876 -0.531144461314994
vn -0.8444002506632814 -0.2898180863773159 -0.4505482143881813
vn -0.8844956338770875 -0.289817905336629 -0.3656132593310286
vn -0.9160730184315738 -0.2898178568700017 -0.2771566970883887
vn -0.9388279549920419 -0.2898179662046432 -0.18603122692296822
vn -0.9525415164314447 -0.2898179134321357 -0.09311410488388203
vn -0.9570815252749946 -0.28981798576755524 0.0006993589402865508
vn -0.9524042743848852 -0.2898182496129017 0.0945065094303783
vn -0.9385551161705038 -0.28981780843703403 0.18740312650253949
vn -0.9156669006072744 -0.2898178767479561 0.2784954675566091
vn -0.8839603729447382 -0.28981784205617284 0.36690554300705586
vn -0.8437407733607234 -0.2898180134958417 0.45178205633023166
vn -0.7953956057434786 -0.2898180676544786 0.5323075408304762
vn -0.7393905280602789 -0.2898180624394991 0.6077064568511316
vn -0.6762641352132304 -0.2898181839383312 0.6772534530609566
vn -0.6066251562562786 -0.2898179981019446 0.7402779530508974
vn -0.531144461314994 -0.28981785139639876 0.796172829369591
vn -0.4505482143881813 -0.2898180863773159 0.8444002506632814
vn -0.3656132593310286 -0.289817905336629 0.8844956338770875
vn -0.2771566970883887 -0.2898178568700017 0.9160730184315738
vn -0.18603122692296822 -0.2898179662046432 0.9388279549920419
vn -0.09311410488388203 -0.2898179134321357 0.9525415164314447
vn 0.0006993589402865508 -0.28981798576755524 0.9570815252749946
vn 0.0945065094303783 -0.2898182496129017 0.9524042743848852
vn 0.18740312650253949 -0.28981780843703403 0.9385551161705038
vn 0.2784954675566091 -0.2898178767479561 0.9156669006072744
vn 0.36690554300705586 -0.28981784205617284 0.8839603729447382
vn 0.4517820505238163 -0.2898180311393156 0.8437407704093873
vn 0.5323075408304762 -0.2898180676544786 0.7953956057434786
vn 0.6077064568511316 -0.2898180624394991 0.7393905280602789
vn 0.6772534530609566 -0.2898181839383312 0.6762641352132304
vn 0.7402779530508974 -0.2898179981019446 0.6066251562562786
vn 0.796172829369591 -0.28981785139639876 0.531144461314994
vn 0.8444002506632814 -0.2898180863773159 0.4505482143881813
vn 0.8844956338770875 -0.289817905336629 0.3656132593310286
vn 0.9160730184315738 -0.2898178568700017 0.2771566970883887
vn 0.9388279549920419 -0.2898179662046432 0.18603122692296822
vn 0.9525415164314447 -0.2898179134321357 0.09311410488388203
vn 0.9760784237058975 -0.19477660115029832 -0.09660738284493735
vn 0.9808475256739257 -0.1947765655494764 -0.0004699915829017823
vn 0.9619090229376672 -0.1947768235895461 -0.19181506870803872
vn 0.9384761648005021 -0.19477643478003936 -0.2851747333753774
vn 0.9060050332067502 -0.19477659433538316 -0.3757884486025945
vn 0.8648086177174454 -0.1947765809204626 -0.4627830358241061
vn 0.8152838332880816 -0.19477637006688894 -0.5453204900264227
vn 0.7579074712794723 -0.19477628671515718 -0.6226061862142157
vn 0.6932316892769413 -0.19477622042277404 -0.6938962811112747
vn 0.6218792378703839 -0.19477659646577353 -0.7585039821747542
vn 0.544538839472684 -0.1947765739859978 -0.8158060667413668
vn 0.4619537958885616 -0.19477659754508872 -0.8652518520713538
vn 0.3749197931445115 -0.19477656084328065 -0.906364849304374
vn 0.2842752573428271 -0.1947765456838202 -0.9387489948405529
vn 0.1908927832050921 -0.19477668141075805 -0.9620925057908026
vn 0.09567168313792776 -0.19477683221871295 -0.976170535652659
vn -0.0004699916087522594 -0.19477658832395134 -0.980847521151361
vn -0.09660738284493735 -0.19477660115029832 -0.9760784237058975
vn -0.19181506870803872 -0.1947768235895461 -0.9619090229376672
vn -0.2851747333753774 -0.19477643478003936 -0.9384761648005021
vn -0.3757884486025945 -0.19477659433538316 -0.9060050332067502
vn -0.4627830358241061 -0.1947765809204626 -0.8648086177174454
vn -0.5453204900264227 -0.19477637006688894 -0.8152838332880816
vn -0.6226061862142157 -0.19477628671515718 -0.7579074712794723
vn -0.6938962811112747 -0.19477622042277404 -0.6932316892769413
vn -0.7585039821747542 -0.19477659646577353 -0.6218792378703839
vn -0.8158060667413668 -0.1947765739859978 -0.544538839472684
vn -0.8652518520713538 -0.19477659754508872 -0.4619537958885616
vn -0.9063648450678004 -0.1947765641172563 -0.37491980168550537
vn -0.9387489948405529 -0.1947765456838202 -0.2842752573428271
vn -0.9620925057908026 -0.19477668141075805 -0.1908927832050921
vn -0.976170535652659 -0.19477683221871295 -0.09567168313792776
vn -0.9808475228271171 -0.19477657988531757 0.00046999158153768027
vn -0.9760784237058975 -0.19477660115029832 0.09660738284493735
vn -0.9619090229376672 -0.1947768235895461 0.19181506870803872
vn -0.9384761648005021 -0.19477643478003936 0.2851747333753774
vn -0.9060050332067502 -0.19477659433538316 0.3757884486025945
vn -0.8648086177174454 -0.1947765809204626 0.4627830358241061
vn -0.8152838332880816 -0.19477637006688894 0.5453204900264227
vn -0.7579074712794723 -0.19477628671515718 0.6226061862142157
vn -0.6932316892769413 -0.19477622042277404 0.6938962811112747
vn -0.6218792378703839 -0.19477659646577353 0.7585039821747542
vn -0.544538839472684 -0.1947765739859978 0.8158060667413668
vn -0.4619537958885616 -0.19477659754508872 0.8652518520713538
vn -0.3749197931445115 -0.19477656084328065 0.906364849304374
vn -0.2842752573428271 -0.1947765456838202 0.9387489948405529
vn -0.1908927832050921 -0.19477668141075805 0.9620925057908026
vn -0.09567168313792776 -0.19477683221871295 0.976170535652659
vn 0.0004699916087522594 -0.19477658832395134 0.980847521151361
vn 0.09660738284493735 -0.19477660115029832 0.9760784237058975
vn 0.19181506870803872 -0.1947768235895461 0.9619090229376672
vn 0.2851747333753774 -0.19477643478003936 0.9384761648005021
vn 0.3757884486025945 -0.19477659433538316 0.9060050332067502
vn 0.4627830358241061 -0.1947765809204626 0.8648086177174454
vn 0.5453204900264227 -0.19477637006688894 0.8152838332880816
vn 0.6226061862142157 -0.19477628671515718 0.7579074712794723
vn 0.6938962811112747 -0.19477622042277404 0.6932316892769413
vn 0.7585039821747542 -0.19477659646577353 0.6218792378703839
vn 0.8158060667413668 -0.1947765739859978 0.544538839472684
vn 0.8652518520713538 -0.19477659754508872 0.4619537958885616
vn 0.9063648450678004 -0.1947765641172563 0.37491980168550537
vn 0.9387489948405529 -0.1947765456838202 0.2842752573428271
vn 0.9620925057908026 -0.19477668141075805 0.1908927832050921
vn 0.976170535652659 -0.19477683221871295 0.09567168313792776
vn 0.9903849521920832 -0.09785927243774033 -0.09778143622099784
vn 0.9952001824620746 -0.09785980234936241 -0.00023645633210297087
vn 0.9760316772848825 -0.0978592650494943 -0.19438551689987543
vn 0.952278564686159 -0.09785955504572703 -0.28911769701199785
vn 0.9193548561566534 -0.09785920383061791 -0.3810645938509859
vn 0.8775768201671661 -0.09785968722942323 -0.46934252558301687
vn 0.8273473942884196 -0.09785956847805193 -0.5531001663545688
vn 0.7691504798748194 -0.09785935083536168 -0.6315307488653397
vn 0.7035457714807196 -0.09785914647159691 -0.7038799151016097
vn 0.6311658149356023 -0.09785905494439678 -0.7694500109962094
vn 0.5527073269833279 -0.0978595307500732 -0.8276098857193043
vn 0.46892581416555007 -0.09785942824405106 -0.8777995859607838
vn 0.38062855591414135 -0.09785930809814448 -0.9195354578488357
vn 0.2886653644580494 -0.09785936373761425 -0.9524157980058768
vn 0.1939224307867434 -0.0978592040037554 -0.9761237969794161
vn 0.09731155264147366 -0.09785947576833123 -0.9904312115058032
vn -0.00023645633193056765 -0.0978598097285924 -0.995200181736462
vn -0.09778143622099784 -0.09785927243774033 -0.9903849521920832
vn -0.19438551689987543 -0.0978592650494943 -0.9760316772848825
vn -0.28911769701199785 -0.09785955504572703 -0.952278564686159
vn -0.3810645938509859 -0.09785920383061791 -0.9193548561566534
vn -0.46934252558301687 -0.09785968722942323 -0.8775768201671661
vn -0.5531001663545688 -0.09785956847805193 -0.8273473942884196
vn -0.6315307488653397 -0.09785935083536168 -0.7691504798748194
vn -0.7038799151016097 -0.09785914647159691 -0.7035457714807196
vn -0.7694500109962094 -0.09785905494439678 -0.6311658149356023
vn -0.8276098857193043 -0.0978595307500732 -0.5527073269833279
vn -0.8777995875008274 -0.09785943002713224 -0.4689258109105767
vn -0.9195354578488357 -0.09785930809814448 -0.38062855591414135
vn -0.9524157946554443 -0.09785936471965048 -0.2886653751794718
vn -0.9761237962677166 -0.09785921138298552 -0.19392243064535306
vn -0.9904312115058032 -0.09785947576833123 -0.09731155264147366
vn -0.995200181736462 -0.0978598097285924 0.00023645633193056765
vn -0.9903849521920832 -0.09785927243774033 0.09778143622099784
vn -0.9760316772848825 -0.0978592650494943 0.19438551689987543
vn -0.952278564686159 -0.09785955504572703 0.28911769701199785
vn -0.9193548561566534 -0.09785920383061791 0.3810645938509859
vn -0.8775768201671661 -0.09785968722942323 0.46934252558301687
vn -0.8273473942884196 -0.09785956847805193 0.5531001663545688
vn -0.7691504798748194 -0.09785935083536168 0.6315307488653397
vn -0.7035457714807196 -0.09785914647159691 0.7038799151016097
vn -0.6311658149356023 -0.09785905494439678 0.7694500109962094
vn -0.5527073269833279 -0.0978595307500732 0.8276098857193043
vn -0.46892581416555007 -0.09785942824405106 0.8777995859607838
vn -0.38062855591414135 -0.09785930809814448 0.9195354578488357
vn -0.2886653644580494 -0.09785936373761425 0.9524157980058768
vn -0.1939224307867434 -0.0978592040037554 0.9761237969794161
vn -0.09731155264147366 -0.09785947576833123 0.9904312115058032
vn 0.00023645633193056765 -0.0978598097285924 0.995200181736462
vn 0.09778143622099784 -0.09785927243774033 0.9903849521920832
vn 0.19438551689987543 -0.0978592650494943 0.9760316772848825
vn 0.28911769701199785 -0.09785955504572703 0.952278564686159
vn 0.3810645938509859 -0.09785920383061791 0.9193548561566534
vn 0.46934252558301687 -0.09785968722942323 0.8775768201671661
vn 0.5531001663545688 -0.09785956847805193 0.8273473942884196
vn 0.6315307488653397 -0.09785935083536168 0.7691504798748194
vn 0.7038799151016097 -0.09785914647159691 0.7035457714807196
vn 0.7694500109962094 -0.09785905494439678 0.6311658149356023
vn 0.8276098857193043 -0.0978595307500732 0.5527073269833279
vn 0.8777995875008274 -0.09785943002713224 0.4689258109105767
vn 0.9195354578488357 -0.09785930809814448 0.38062855591414135
vn 0.9524157946554443 -0.09785936471965048 0.2886653751794718
vn 0.9761237962677166 -0.09785921138298552 0.19392243064535306
vn 0.9904312115058032 -0.09785947576833123 0.09731155264147366
vn 0.9951847018065625 -2.7181351439843396e-7 -0.09801739279387935
vn 1 0 6.321244416795935e-9
vn 0.9807852983275489 9.323836167312162e-8 -0.19509023190445032
vn 0.9569403212047198 8.61269515675507e-8 -0.2902847251451585
vn 0.9238795498316453 -5.452073554521275e-8 -0.38268339055003886
vn 0.8819213804809435 2.251943195051226e-7 -0.4713965195570884
vn 0.8314694271948374 -8.454663670231677e-8 -0.5555705100527583
vn 0.7730105321022397 7.2694323637671e-8 -0.6343931882192675
vn 0.7071068109888711 5.531089692075367e-9 -0.7071067513842227
vn 0.6343931946060641 -6.79533847137229e-8 -0.7730105268607328
vn 0.555570537586521 8.533679993427024e-8 -0.8314694087973513
vn 0.4713965195570883 -2.2598448563290178e-7 -0.8819213804809433
vn 0.38268339055003886 5.2940424575943605e-8 -0.9238795498316453
vn 0.29028478555075293 -8.691711259926162e-8 -0.9569403028808775
vn 0.1950902175704304 -9.402851388072389e-8 -0.9807853011787613
vn 0.0980174075518788 2.6707260242969403e-7 -0.9951847003530238
vn 6.321244860885145e-9 0 -1
vn -0.09801739279387932 -2.718135143984339e-7 -0.9951847018065623
vn -0.19509023190445032 9.323836167312162e-8 -0.9807852983275489
vn -0.2902847251451585 8.61269515675507e-8 -0.9569403212047198
vn -0.38268339055003886 -5.452073554521275e-8 -0.9238795498316453
vn -0.4713965195570884 2.251943195051226e-7 -0.8819213804809435
vn -0.5555705100527583 -8.454663670231677e-8 -0.8314694271948374
vn -0.6343931882192675 7.2694323637671e-8 -0.7730105321022397
vn -0.7071067513842227 5.531089692075367e-9 -0.7071068109888711
vn -0.7730105268607328 -6.79533847137229e-8 -0.6343931946060641
vn -0.8314694087973513 8.533679993427024e-8 -0.555570537586521
vn -0.8819213804809433 -2.2598448563290178e-7 -0.4713965195570883
vn -0.9238795498316454 5.294042457594362e-8 -0.3826833905500389
vn -0.9569403028808775 -8.691711259926162e-8 -0.29028478555075293
vn -0.9807853011787613 -9.402851388072389e-8 -0.1950902175704304
vn -0.9951847003530238 2.6707260242969403e-7 -0.0980174075518788
vn -1 0 -6.321244860885145e-9
vn -0.9951847018065625 -2.7181351439843396e-7 0.09801739279387935
vn -0.9807852983275489 9.323836167312162e-8 0.19509023190445032
vn -0.9569403212047198 8.61269515675507e-8 0.2902847251451585
vn -0.9238795498316453 -5.452073554521275e-8 0.38268339055003886
vn -0.8819213804809435 2.251943195051226e-7 0.4713965195570884
vn -0.8314694271948374 -8.454663670231677e-8 0.5555705100527583
vn -0.7730105321022397 7.2694323637671e-8 0.6343931882192675
vn -0.7071068109888711 5.531089692075367e-9 0.7071067513842227
vn -0.6343931946060641 -6.79533847137229e-8 0.7730105268607328
vn -0.555570537586521 8.533679993427024e-8 0.8314694087973513
vn -0.4713965195570883 -2.2598448563290178e-7 0.8819213804809433
vn -0.38268339055003886 5.2940424575943605e-8 0.9238795498316453
vn -0.29028478555075293 -8.691711259926162e-8 0.9569403028808775
vn -0.1950902175704304 -9.402851388072389e-8 0.9807853011787613
vn -0.0980174075518788 2.6707260242969403e-7 0.9951847003530238
vn -6.321244860885145e-9 0 1
vn 0.09801739279387932 -2.718135143984339e-7 0.9951847018065623
vn 0.19509023190445032 9.323836167312162e-8 0.9807852983275489
vn 0.2902847251451585 8.61269515675507e-8 0.9569403212047198
vn 0.38268339055003886 -5.452073554521275e-8 0.9238795498316453
vn 0.4713965195570884 2.251943195051226e-7 0.8819213804809435
vn 0.5555705100527583 -8.454663670231677e-8 0.8314694271948374
vn 0.6343931882192675 7.2694323637671e-8 0.7730105321022397
vn 0.7071067513842227 5.531089692075367e-9 0.7071068109888711
vn 0.7730105268607328 -6.79533847137229e-8 0.6343931946060641
vn 0.8314694087973513 8.533679993427024e-8 0.555570537586521
vn 0.8819213804809433 -2.2598448563290178e-7 0.4713965195570883
vn 0.9238795498316454 5.294042457594362e-8 0.3826833905500389
vn 0.9569403028808775 -8.691711259926162e-8 0.29028478555075293
vn 0.9807853011787613 -9.402851388072389e-8 0.1950902175704304
vn 0.9951847003530238 2.6707260242969403e-7 0.0980174075518788
vn 0.9904312082122589 0.09785948878272581 -0.09731157307529674
vn 0.9952001802884036 0.09785982448736379 0.0002364428710646147
vn 0.9761237821727279 0.09785921594545896 -0.19392249929120878
vn 0.9524157946554443 0.09785936471965048 -0.2886653751794718
vn 0.9195354578488357 0.09785930809814448 -0.38062855591414135
vn 0.8777995868608153 0.09785943740636223 -0.46892581056867844
vn 0.8276098851158855 0.09785953812930277 -0.5527073265803434
vn 0.7694500405042467 0.0978590512466641 -0.6311657795358648
vn 0.7038799145884057 0.09785915385082727 -0.7035457709677593
vn 0.6315307130328788 0.09785935451899956 -0.7691505088273091
vn 0.5531001663545688 0.09785956847805193 -0.8273473942884196
vn 0.46934262184263054 0.09785967997095944 -0.8775767694953344
vn 0.3810645729694781 0.09785919846814718 -0.9193548653826559
vn 0.28911769680119903 0.09785956242495725 -0.9522785639918424
vn 0.1943855027034933 0.09785925795371976 -0.9760316808236593
vn 0.09778143768556621 0.09785928134812395 -0.9903849511670564
vn 0.00023644365686801137 0.09785982448734559 -0.9952001802882187
vn -0.09731157307529674 0.09785948878272581 -0.9904312082122589
vn -0.1939224995739896 0.09785920118699802 -0.976123783596127
vn -0.2886653644580494 0.09785936373761425 -0.9524157980058768
vn -0.38062855591414135 0.09785930809814448 -0.9195354578488357
vn -0.4689258138236517 0.09785943562328203 -0.8777995853207716
vn -0.5527072855870329 0.09785953397394985 -0.8276099129840191
vn -0.6311657795358648 0.0978590512466641 -0.7694500405042467
vn -0.7035457709677593 0.09785915385082727 -0.7038799145884057
vn -0.7691505088273091 0.09785935451899956 -0.6315307130328788
vn -0.8273473942884196 0.09785956847805193 -0.5531001663545688
vn -0.8775767694953344 0.09785967997095944 -0.46934262184263054
vn -0.9193548672677164 0.09785919756273592 -0.3810645686541022
vn -0.9522785639918424 0.09785956242495725 -0.28911769680119903
vn -0.9760316808236593 0.09785925795371976 -0.1943855027034933
vn -0.9903849511670564 0.09785928134812395 -0.09778143768556621
vn -0.9952001802882187 0.09785982448734559 -0.00023644365686801137
vn -0.9904312082122589 0.09785948878272581 0.09731157307529674
vn -0.9761237821727279 0.09785921594545896 0.19392249929120878
vn -0.9524157946554443 0.09785936471965048 0.2886653751794718
vn -0.9195354578488357 0.09785930809814448 0.38062855591414135
vn -0.8777995868608153 0.09785943740636223 0.46892581056867844
vn -0.8276098851158855 0.09785953812930277 0.5527073265803434
vn -0.7694500405042467 0.0978590512466641 0.6311657795358648
vn -0.7038799145884057 0.09785915385082727 0.7035457709677593
vn -0.6315307130328788 0.09785935451899956 0.7691505088273091
vn -0.5531001663545688 0.09785956847805193 0.8273473942884196
vn -0.46934262184263054 0.09785967997095944 0.8775767694953344
vn -0.3810645729694781 0.09785919846814718 0.9193548653826559
vn -0.28911769680119903 0.09785956242495725 0.9522785639918424
vn -0.1943855027034933 0.09785925795371976 0.9760316808236593
vn -0.09778143768556621 0.09785928134812395 0.9903849511670564
vn -0.00023644365686801137 0.09785982448734559 0.9952001802882187
vn 0.09731157307529674 0.09785948878272581 0.9904312082122589
vn 0.1939224995739896 0.09785920118699802 0.976123783596127
vn 0.2886653644580494 0.09785936373761425 0.9524157980058768
vn 0.38062855591414135 0.09785930809814448 0.9195354578488357
vn 0.4689258138236517 0.09785943562328203 0.8777995853207716
vn 0.5527072855870329 0.09785953397394985 0.8276099129840191
vn 0.6311657795358648 0.0978590512466641 0.7694500405042467
vn 0.7035457709677593 0.09785915385082727 0.7038799145884057
vn 0.7691505088273091 0.09785935451899956 0.6315307130328788
vn 0.8273473942884196 0.09785956847805193 0.5531001663545688
vn 0.8775767694953344 0.09785967997095944 0.46934262184263054
vn 0.9193548672677164 0.09785919756273592 0.3810645686541022
vn 0.9522785639918424 0.09785956242495725 0.28911769680119903
vn 0.9760316808236593 0.09785925795371976 0.1943855027034933
vn 0.9903849511670564 0.09785928134812395 0.09778143768556621
vn 0.9761705498188481 0.19477676053950807 -0.09567168452631546
vn 0.9808475399046934 0.19477649386961865 0.0004699986910549401
vn 0.9620925170716642 0.19477659428761382 -0.19089281524569715
vn 0.9387490136921793 0.19477648999060948 -0.2842752332492203
vn 0.90636485822095 0.1947764924380491 -0.37491980712633455
vn 0.8652518676966812 0.19477651313911432 -0.4619538022105384
vn 0.8158061297299607 0.1947764704858022 -0.5445387821267792
vn 0.758504023499015 0.19477651767048398 -0.621879212146511
vn 0.6938962934148734 0.19477613263959623 -0.6932317016258436
vn 0.6226061970564994 0.19477620070009596 -0.7579074844779404
vn 0.5453204295606553 0.1947762952535054 -0.8152838916053117
vn 0.4627830677380826 0.1947765049454815 -0.8648086177508594
vn 0.37578846044707814 0.19477649562060528 -0.9060050495160449
vn 0.2851747472851327 0.19477637922181812 -0.9384761721045981
vn 0.19181510243934508 0.19477676774447006 -0.9619090275193389
vn 0.0966073789067927 0.19477650380337522 -0.9760784435212638
vn 0.0004699986339492781 0.19477647658517275 -0.980847543337062
vn -0.09567168452631546 0.19477676053950807 -0.9761705498188481
vn -0.19089281524569715 0.19477659428761382 -0.9620925170716642
vn -0.28427523407429955 0.1947764756547667 -0.9387490164168004
vn -0.37491980285583815 0.19477649080105647 -0.9063648603392376
vn -0.4619538022105384 0.19477651313911432 -0.8652518676966812
vn -0.5445387821267792 0.1947764704858022 -0.8158061297299607
vn -0.6218792139514508 0.19477650333464153 -0.7585040257004941
vn -0.6932317016258436 0.19477613263959623 -0.6938962934148734
vn -0.7579074844779404 0.19477620070009596 -0.6226061970564994
vn -0.8152838916053117 0.1947762952535054 -0.5453204295606553
vn -0.8648086177508594 0.1947765049454815 -0.4627830677380826
vn -0.9060050495160449 0.19477649562060528 -0.37578846044707814
vn -0.9384761721045981 0.19477637922181812 -0.2851747472851327
vn -0.9619090275193389 0.19477676774447006 -0.19181510243934508
vn -0.9760784435212638 0.19477650380337522 -0.0966073789067927
vn -0.9808475427515277 0.19477647953378202 -0.00046999863421141733
vn -0.9761705498188481 0.19477676053950807 0.09567168452631546
vn -0.9620925170716642 0.19477659428761382 0.19089281524569715
vn -0.9387490136921793 0.19477648999060948 0.2842752332492203
vn -0.90636485822095 0.1947764924380491 0.37491980712633455
vn -0.8652518676966812 0.19477651313911432 0.4619538022105384
vn -0.8158061297299607 0.1947764704858022 0.5445387821267792
vn -0.758504023499015 0.19477651767048398 0.621879212146511
vn -0.6938962934148734 0.19477613263959623 0.6932317016258436
vn -0.6226061970564994 0.19477620070009596 0.7579074844779404
vn -0.5453204295606553 0.1947762952535054 0.8152838916053117
vn -0.4627830677380826 0.1947765049454815 0.8648086177508594
vn -0.37578846044707814 0.19477649562060528 0.9060050495160449
vn -0.2851747472851327 0.19477637922181812 0.9384761721045981
vn -0.19181510243934508 0.19477676774447006 0.9619090275193389
vn -0.0966073789067927 0.19477650380337522 0.9760784435212638
vn -0.0004699986339492781 0.19477647658517275 0.980847543337062
vn 0.09567168452631546 0.19477676053950807 0.9761705498188481
vn 0.19089281524569715 0.19477659428761382 0.9620925170716642
vn 0.28427523407429955 0.1947764756547667 0.9387490164168004
vn 0.37491980285583815 0.19477649080105647 0.9063648603392376
vn 0.4619538022105384 0.19477651313911432 0.8652518676966812
vn 0.5445387821267792 0.1947764704858022 0.8158061297299607
vn 0.6218792139514508 0.19477650333464153 0.7585040257004941
vn 0.6932317016258436 0.19477613263959623 0.6938962934148734
vn 0.7579074844779404 0.19477620070009596 0.6226061970564994
vn 0.8152838916053117 0.1947762952535054 0.5453204295606553
vn 0.8648086177508594 0.1947765049454815 0.4627830677380826
vn 0.9060050495160449 0.19477649562060528 0.37578846044707814
vn 0.9384761721045981 0.19477637922181812 0.2851747472851327
vn 0.9619090275193389 0.19477676774447006 0.19181510243934508
vn 0.9760784435212638 0.19477650380337522 0.0966073789067927
vn 0.9525414930710913 0.2898179957315419 -0.09311408769916815
vn 0.9570814922053128 0.2898180949628787 0.0006993640966039812
vn 0.9388279118450744 0.28981810189670143 -0.1860312332744441
vn 0.9160729792154942 0.28981796367250906 -0.27715671502593786
vn 0.884495620595837 0.289817990391801 -0.3656132240387962
vn 0.8444002612720842 0.28981818877007365 -0.4505481286407367
vn 0.7961727984786386 0.28981793766404007 -0.5311444605480279
vn 0.7402780000165059 0.28981806962640694 -0.6066250647719604
vn 0.6772534355121232 0.2898182658355907 -0.6762641176900319
vn 0.6077064411043888 0.2898181443367727 -0.7393905089013704
vn 0.5323075445167293 0.28981812661633627 -0.7953955817925866
vn 0.45178209206268527 0.2898180875888091 -0.8437407287774064
vn 0.36690554966241296 0.2898179665225167 -0.8839603293743876
vn 0.2784954029531461 0.28981799075519854 -0.9156668841716317
vn 0.1874031216465995 0.2898178903343164 -0.9385550918509132
vn 0.09450650655183222 0.2898183967510297 -0.952404229896125
vn 0.00069936328169708 0.2898180949630438 -0.9570814922058581
vn -0.09311408769916815 0.2898179957315419 -0.9525414930710913
vn -0.1860312332744441 0.28981810189670143 -0.9388279118450744
vn -0.27715671502593786 0.28981796367250906 -0.9160729792154942
vn -0.3656132240387962 0.289817990391801 -0.884495620595837
vn -0.4505481286407367 0.28981818877007365 -0.8444002612720842
vn -0.5311444605480279 0.28981793766404007 -0.7961727984786386
vn -0.6066250647719604 0.28981806962640694 -0.7402780000165059
vn -0.6762641176900319 0.2898182658355907 -0.6772534355121232
vn -0.7393905089013704 0.2898181443367727 -0.6077064411043888
vn -0.7953955817925866 0.28981812661633627 -0.5323075445167293
vn -0.8437407287774064 0.2898180875888091 -0.45178209206268527
vn -0.8839603293743876 0.2898179665225167 -0.36690554966241296
vn -0.9156668841716317 0.28981799075519854 -0.2784954029531461
vn -0.9385550918509132 0.2898178903343164 -0.1874031216465995
vn -0.952404229896125 0.2898183967510297 -0.09450650655183222
vn -0.9570814922058581 0.2898180949630438 -0.00069936328169708
vn -0.9525414930710913 0.2898179957315419 0.09311408769916815
vn -0.9388279118450744 0.28981810189670143 0.1860312332744441
vn -0.9160729792154942 0.28981796367250906 0.27715671502593786
vn -0.884495620595837 0.289817990391801 0.3656132240387962
vn -0.8444002612720842 0.28981818877007365 0.4505481286407367
vn -0.7961727984786386 0.28981793766404007 0.5311444605480279
vn -0.7402780000165059 0.28981806962640694 0.6066250647719604
vn -0.6772534355121232 0.2898182658355907 0.6762641176900319
vn -0.6077064411043888 0.2898181443367727 0.7393905089013704
vn -0.5323075445167293 0.28981812661633627 0.7953955817925866
vn -0.45178209206268527 0.2898180875888091 0.8437407287774064
vn -0.36690554966241296 0.2898179665225167 0.8839603293743876
vn -0.2784954029531461 0.28981799075519854 0.9156668841716317
vn -0.1874031216465995 0.2898178903343164 0.9385550918509132
vn -0.09450650655183222 0.2898183967510297 0.952404229896125
vn -0.00069936328169708 0.2898180949630438 0.9570814922058581
vn 0.09311408769916815 0.2898179957315419 0.9525414930710913
vn 0.1860312332744441 0.28981810189670143 0.9388279118450744
vn 0.27715671502593786 0.28981796367250906 0.9160729792154942
vn 0.3656132240387962 0.289817990391801 0.884495620595837
vn 0.4505481286407367 0.28981818877007365 0.8444002612720842
vn 0.5311444605480279 0.28981793766404007 0.7961727984786386
vn 0.6066250647719604 0.28981806962640694 0.7402780000165059
vn 0.6762641176900319 0.2898182658355907 0.6772534355121232
vn 0.7393905089013704 0.2898181443367727 0.6077064411043888
vn 0.7953955817925866 0.28981812661633627 0.5323075445167293
vn 0.8437407287774064 0.2898180875888091 0.45178209206268527
vn 0.8839603293743876 0.2898179665225167 0.36690554966241296
vn 0.9156668841716317 0.28981799075519854 0.2784954029531461
vn 0.9385550918509132 0.2898178903343164 0.1874031216465995
vn 0.952404229896125 0.2898183967510297 0.09450650655183222
vn 0.9197742364972716 0.3820679146493581 -0.08966304964338333
vn 0.9241338463962246 0.3820677735583492 0.0009221459131952657
vn 0.9065567678257156 0.38206782208745516 -0.1793850775141012
vn 0.8846085378122143 0.3820679658789415 -0.2673795135736174
vn 0.8541410702248662 0.3820679515618389 -0.3527989690240897
vn 0.8154478400900851 0.3820679062082107 -0.43482057809870134
vn 0.7689015434912275 0.3820680164147447 -0.5126543155477288
vn 0.7149500771555789 0.3820678571987079 -0.585551483364887
vn 0.6541132943698931 0.38206797936094716 -0.6528092043435113
vn 0.5869768245646162 0.3820679475211954 -0.7137802819502518
vn 0.5141878321243385 0.3820678735279476 -0.7678769519350774
vn 0.43644696557326884 0.3820680052000115 -0.8145784711397482
vn 0.35450277644416256 0.38206801801327395 -0.8534352998937813
vn 0.2691442489833353 0.38206790592739925 -0.884073237067749
vn 0.18119383816090648 0.3820678181463089 -0.9061969848490107
vn 0.09149819897387895 0.382067541934219 -0.9195936455766104
vn 0.0009221460191104672 0.38206779901021304 -0.9241338358734686
vn -0.08966304964338333 0.3820679146493581 -0.9197742364972716
vn -0.1793850775141012 0.38206782208745516 -0.9065567678257156
vn -0.2673795135736174 0.3820679658789415 -0.8846085378122143
vn -0.3527989690240897 0.3820679515618389 -0.8541410702248662
vn -0.4348205819340775 0.38206790234700777 -0.8154478398540693
vn -0.5126543155477288 0.3820680164147447 -0.7689015434912275
vn -0.5855514441969141 0.38206787053348384 -0.7149501021084738
vn -0.6528092043435113 0.38206797936094716 -0.6541132943698931
vn -0.7137802819502518 0.3820679475211954 -0.5869768245646162
vn -0.7678769519350774 0.3820678735279476 -0.5141878321243385
vn -0.8145784711397482 0.3820680052000115 -0.43644696557326884
vn -0.8534352998937813 0.38206801801327395 -0.35450277644416256
vn -0.884073237067749 0.38206790592739925 -0.2691442489833353
vn -0.9061969848490107 0.3820678181463089 -0.18119383816090648
vn -0.9195936455766104 0.382067541934219 -0.09149819897387895
vn -0.9241338358734686 0.38206779901021304 -0.0009221460191104672
vn -0.9197742364972716 0.3820679146493581 0.08966304964338333
vn -0.9065567678257156 0.38206782208745516 0.1793850775141012
vn -0.8846085378122143 0.3820679658789415 0.2673795135736174
vn -0.8541410702248662 0.3820679515618389 0.3527989690240897
vn -0.8154478400900851 0.3820679062082107 0.43482057809870134
vn -0.7689015434912275 0.3820680164147447 0.5126543155477288
vn -0.7149500771555789 0.3820678571987079 0.585551483364887
vn -0.6541132943698931 0.38206797936094716 0.6528092043435113
vn -0.5869768245646162 0.3820679475211954 0.7137802819502518
vn -0.5141878321243385 0.3820678735279476 0.7678769519350774
vn -0.43644696557326884 0.3820680052000115 0.8145784711397482
vn -0.35450277644416256 0.38206801801327395 0.8534352998937813
vn -0.2691442489833353 0.38206790592739925 0.884073237067749
vn -0.18119383816090648 0.3820678181463089 0.9061969848490107
vn -0.09149819897387895 0.382067541934219 0.9195936455766104
vn -0.0009221460191104672 0.38206779901021304 0.9241338358734686
vn 0.08966304964338333 0.3820679146493581 0.9197742364972716
vn 0.1793850775141012 0.38206782208745516 0.9065567678257156
vn 0.2673795135736174 0.3820679658789415 0.8846085378122143
vn 0.3527989690240897 0.3820679515618389 0.8541410702248662
vn 0.4348205819340775 0.38206790234700777 0.8154478398540693
vn 0.5126543155477288 0.3820680164147447 0.7689015434912275
vn 0.5855514441969141 0.38206787053348384 0.7149501021084738
vn 0.6528092043435113 0.38206797936094716 0.6541132943698931
vn 0.7137802819502518 0.3820679475211954 0.5869768245646162
vn 0.7678769519350774 0.3820678735279476 0.5141878321243385
vn 0.8145784711397482 0.3820680052000115 0.43644696557326884
vn 0.8534352998937813 0.38206801801327395 0.35450277644416256
vn 0.884073237067749 0.38206790592739925 0.2691442489833353
vn 0.9061969848490107 0.3820678181463089 0.18119383816090648
vn 0.9195936455766104 0.382067541934219 0.09149819897387895
vn 0.8781882569012525 0.47063822220980894 -0.08535249988096671
vn 0.8823255968722109 0.4706381319747804 0.001135709199450607
vn 0.8655934860059838 0.4706382713519957 -0.171019105724518
vn 0.8446625340076946 0.47063833085864804 -0.25503875229126666
vn 0.8155970596883624 0.47063842551175394 -0.3366020033504184
vn 0.7786769444083872 0.4706383514418673 -0.41492379830385595
vn 0.734257952904774 0.47063838348531495 -0.4892491906855035
vn 0.6827674254145566 0.47063847754152577 -0.5588631909959473
vn 0.6247015658453535 0.47063857791732533 -0.6230949226292257
vn 0.5606191586019847 0.4706383504229233 -0.6813264284611249
vn 0.49113816559546625 0.47063849014939796 -0.7329957120511794
vn 0.4169271285058117 0.47063827455450985 -0.7776061882728635
vn 0.33870098631021456 0.47063834359161566 -0.8147276792977077
vn 0.25721261702093257 0.47063838420694176 -0.8440030692813398
vn 0.17324720226125592 0.4706384215241033 -0.8651502083996444
vn 0.08761352848505602 0.4706384731698333 -0.8779654305260353
vn 0.001135709199450607 0.4706381319747804 -0.8823255968722109
vn -0.08535249594754256 0.47063821904244646 -0.8781882589809995
vn -0.171019105724518 0.4706382713519957 -0.8655934860059838
vn -0.25503875229126666 0.47063833085864804 -0.8446625340076946
vn -0.3366020033504184 0.47063842551175394 -0.8155970596883624
vn -0.41492379830385595 0.4706383514418673 -0.7786769444083872
vn -0.4892491906855035 0.47063838348531495 -0.734257952904774
vn -0.5588631909959473 0.47063847754152577 -0.6827674254145566
vn -0.6230949226292257 0.47063857791732533 -0.6247015658453535
vn -0.6813264284611249 0.4706383504229233 -0.5606191586019847
vn -0.7329957120511794 0.47063849014939796 -0.49113816559546625
vn -0.7776061882728635 0.47063827455450985 -0.4169271285058117
vn -0.8147276792977077 0.47063834359161566 -0.33870098631021456
vn -0.8440030651356412 0.4706383887647921 -0.25721262228460545
vn -0.8651502083996444 0.4706384215241033 -0.17324720226125592
vn -0.8779654305260353 0.4706384731698333 -0.08761352848505602
vn -0.8823255968722109 0.4706381319747804 -0.001135709199450607
vn -0.8781882569012525 0.47063822220980894 0.08535249988096671
vn -0.8655934860059838 0.4706382713519957 0.171019105724518
vn -0.8446625340076946 0.47063833085864804 0.25503875229126666
vn -0.8155970596883624 0.47063842551175394 0.3366020033504184
vn -0.7786769444083872 0.4706383514418673 0.41492379830385595
vn -0.734257952904774 0.47063838348531495 0.4892491906855035
vn -0.6827674254145566 0.47063847754152577 0.5588631909959473
vn -0.6247015658453535 0.47063857791732533 0.6230949226292257
vn -0.5606191586019847 0.4706383504229233 0.6813264284611249
vn -0.49113816559546625 0.47063849014939796 0.7329957120511794
vn -0.4169271285058117 0.47063827455450985 0.7776061882728635
vn -0.33870098631021456 0.47063834359161566 0.8147276792977077
vn -0.25721261702093257 0.47063838420694176 0.8440030692813398
vn -0.17324720226125592 0.4706384215241033 0.8651502083996444
vn -0.08761352848505602 0.4706384731698333 0.8779654305260353
vn -0.001135709199450607 0.4706381319747804 0.8823255968722109
vn 0.08535249594754256 0.47063821904244646 0.8781882589809995
vn 0.171019105724518 0.4706382713519957 0.8655934860059838
vn 0.25503875229126666 0.47063833085864804 0.8446625340076946
vn 0.3366020033504184 0.47063842551175394 0.8155970596883624
vn 0.41492379830385595 0.4706383514418673 0.7786769444083872
vn 0.4892491906855035 0.47063838348531495 0.734257952904774
vn 0.5588631909959473 0.47063847754152577 0.6827674254145566
vn 0.6230949226292257 0.47063857791732533 0.6247015658453535
vn 0.6813264284611249 0.4706383504229233 0.5606191586019847
vn 0.7329957120511794 0.47063849014939796 0.49113816559546625
vn 0.7776061882728635 0.47063827455450985 0.4169271285058117
vn 0.8147276792977077 0.47063834359161566 0.33870098631021456
vn 0.8440030651356412 0.4706383887647921 0.25721262228460545
vn 0.8651502083996444 0.4706384215241033 0.17324720226125592
vn 0.8779654305260353 0.4706384731698333 0.08761352848505602
vn 0.8281896338045691 0.5546764881226829 -0.08022421070064215
vn 0.8320649906471498 0.5546765356906549 0.0013386909921025286
vn 0.8163383529886569 0.5546763894565672 -0.16101489502276942
vn 0.7966252492558804 0.5546763903624246 -0.2402546861614098
vn 0.7692402287892558 0.5546761955019262 -0.31718100282924006
vn 0.7344469551950674 0.5546762440785464 -0.3910523420970798
vn 0.6925806488621246 0.5546763011712234 -0.46115750643432973
vn 0.6440444154384546 0.5546763165298184 -0.5268215777883932
vn 0.5893054012499946 0.5546762982073112 -0.5874124175267467
vn 0.5288913479622875 0.5546764376210425 -0.6423456947770911
vn 0.4633835983049985 0.5546761668559723 -0.6910933299807468
vn 0.39341356482790746 0.5546763241135031 -0.7331847942212998
vn 0.3196542673750088 0.5546763138821987 -0.7682156833643812
vn 0.2428169957099237 0.554676379188111 -0.7958479886040888
vn 0.16364052010900673 0.5546763149791398 -0.8158161347874997
vn 0.08288879454798882 0.5546764474838125 -0.8279272228554383
vn 0.0013386923890838945 0.5546765356896176 -0.8320649906455937
vn -0.08022421070064215 0.5546764881226829 -0.8281896338045691
vn -0.16101489502276942 0.5546763894565672 -0.8163383529886569
vn -0.2402546861614098 0.5546763903624246 -0.7966252492558804
vn -0.31718100282924006 0.5546761955019262 -0.7692402287892558
vn -0.3910523420970798 0.5546762440785464 -0.7344469551950674
vn -0.46115750643432973 0.5546763011712234 -0.6925806488621246
vn -0.5268215777883932 0.5546763165298184 -0.6440444154384546
vn -0.5874123989252971 0.5546762739990504 -0.5893054425774109
vn -0.6423456947770911 0.5546764376210425 -0.5288913479622875
vn -0.6910932963328937 0.5546762112201753 -0.46338359538309776
vn -0.7331847942212998 0.5546763241135031 -0.39341356482790746
vn -0.7682156833643812 0.5546763138821987 -0.3196542673750088
vn -0.7958479886040888 0.554676379188111 -0.2428169957099237
vn -0.8158161347874997 0.5546763149791398 -0.16364052010900673
vn -0.8279272228554383 0.5546764474838125 -0.08288879454798882
vn -0.8320649906476684 0.5546765356910006 -0.0013386905264420731
vn -0.8281896338045691 0.5546764881226829 0.08022421070064215
vn -0.8163383529886569 0.5546763894565672 0.16101489502276942
vn -0.7966252492558804 0.5546763903624246 0.2402546861614098
vn -0.7692402287892558 0.5546761955019262 0.31718100282924006
vn -0.7344469551950674 0.5546762440785464 0.3910523420970798
vn -0.6925806488621246 0.5546763011712234 0.46115750643432973
vn -0.6440444154384546 0.5546763165298184 0.5268215777883932
vn -0.5893054012499946 0.5546762982073112 0.5874124175267467
vn -0.5288913479622875 0.5546764376210425 0.6423456947770911
vn -0.4633835983049985 0.5546761668559723 0.6910933299807468
vn -0.39341356482790746 0.5546763241135031 0.7331847942212998
vn -0.3196542673750088 0.5546763138821987 0.7682156833643812
vn -0.2428169957099237 0.554676379188111 0.7958479886040888
vn -0.16364052010900673 0.5546763149791398 0.8158161347874997
vn -0.08288879454798882 0.5546764474838125 0.8279272228554383
vn -0.0013386923890838945 0.5546765356896176 0.8320649906455937
vn 0.08022421070064215 0.5546764881226829 0.8281896338045691
vn 0.16101489502276942 0.5546763894565672 0.8163383529886569
vn 0.2402546861614098 0.5546763903624246 0.7966252492558804
vn 0.31718100282924006 0.5546761955019262 0.7692402287892558
vn 0.3910523420970798 0.5546762440785464 0.7344469551950674
vn 0.46115750643432973 0.5546763011712234 0.6925806488621246
vn 0.5268215777883932 0.5546763165298184 0.6440444154384546
vn 0.5874123989252971 0.5546762739990504 0.5893054425774109
vn 0.6423456947770911 0.5546764376210425 0.5288913479622875
vn 0.6910932963328937 0.5546762112201753 0.46338359538309776
vn 0.7331847942212998 0.5546763241135031 0.39341356482790746
vn 0.7682156833643812 0.5546763138821987 0.3196542673750088
vn 0.7958479886040888 0.554676379188111 0.2428169957099237
vn 0.8158161347874997 0.5546763149791398 0.16364052010900673
vn 0.8279272228554383 0.5546764474838125 0.08288879454798882
vn 0.7702696849994436 0.6333718348695163 -0.07432853533388162
vn 0.7738461206210427 0.6333718063952982 0.0015285494167986502
vn 0.7592751673272813 0.6333717349260585 -0.14947061810564685
vn 0.7409683189055318 0.6333717467126149 -0.22317298412783165
vn 0.7155255609173883 0.6333718837364344 -0.29472568358732737
vn 0.6831918081165922 0.6333718595056124 -0.36344056035173683
vn 0.6442788133377924 0.6333717595764211 -0.4286549018209339
vn 0.5991610201679473 0.6333718207961084 -0.4897409606442234
vn 0.5482727122683488 0.6333717511457437 -0.5461110306819323
vn 0.4921042690578259 0.6333718005666782 -0.5972215255849264
vn 0.431196929891281 0.6333719519382247 -0.6425800947355098
vn 0.36613673753954734 0.6333717919638082 -0.6817507334564818
vn 0.2975502944016047 0.6333717183948114 -0.7143557157600982
vn 0.22609857559696306 0.6333717341670059 -0.7400808607654328
vn 0.15246895054429752 0.6333718340906057 -0.7586786796138552
vn 0.0773711922818617 0.6333718080736934 -0.7699700327560441
vn 0.0015285504645340595 0.6333718063942838 -0.7738461206198033
vn -0.07432853414305292 0.6333718286057659 -0.7702696902648665
vn -0.14947061810564685 0.6333717349260585 -0.7592751673272813
vn -0.22317298412783165 0.6333717467126149 -0.7409683189055318
vn -0.29472568358732737 0.6333718837364344 -0.7155255609173883
vn -0.3634405862174998 0.6333718526453253 -0.6831918007166865
vn -0.4286549018209339 0.6333717595764211 -0.6442788133377924
vn -0.4897409606442234 0.6333718207961084 -0.5991610201679473
vn -0.5461110306819323 0.6333717511457437 -0.5482727122683488
vn -0.5972215255849264 0.6333718005666782 -0.4921042690578259
vn -0.6425800947355098 0.6333719519382247 -0.431196929891281
vn -0.6817507334564818 0.6333717919638082 -0.36613673753954734
vn -0.714355686571945 0.6333717453630952 -0.2975503070709749
vn -0.7400808607654328 0.6333717341670059 -0.22609857559696306
vn -0.7586786796138552 0.6333718340906057 -0.15246895054429752
vn -0.7699700327560441 0.6333718080736934 -0.0773711922818617
vn -0.7738461206198033 0.6333718063942838 -0.0015285504645340595
vn -0.7702696849994436 0.6333718348695163 0.07432853533388162
vn -0.7592751673272813 0.6333717349260585 0.14947061810564685
vn -0.7409683189055318 0.6333717467126149 0.22317298412783165
vn -0.7155255609173883 0.6333718837364344 0.29472568358732737
vn -0.6831918081165922 0.6333718595056124 0.36344056035173683
vn -0.6442788133377924 0.6333717595764211 0.4286549018209339
vn -0.5991610201679473 0.6333718207961084 0.4897409606442234
vn -0.5482727122683488 0.6333717511457437 0.5461110306819323
vn -0.4921042690578259 0.6333718005666782 0.5972215255849264
vn -0.431196929891281 0.6333719519382247 0.6425800947355098
vn -0.36613673753954734 0.6333717919638082 0.6817507334564818
vn -0.2975502944016047 0.6333717183948114 0.7143557157600982
vn -0.22609857559696306 0.6333717341670059 0.7400808607654328
vn -0.15246895054429752 0.6333718340906057 0.7586786796138552
vn -0.0773711922818617 0.6333718080736934 0.7699700327560441
vn -0.0015285504645340595 0.6333718063942838 0.7738461206198033
vn 0.07432853414305292 0.6333718286057659 0.7702696902648665
vn 0.14947061810564685 0.6333717349260585 0.7592751673272813
vn 0.22317298412783165 0.6333717467126149 0.7409683189055318
vn 0.29472568358732737 0.6333718837364344 0.7155255609173883
vn 0.3634405862174998 0.6333718526453253 0.6831918007166865
vn 0.4286549018209339 0.6333717595764211 0.6442788133377924
vn 0.4897409606442234 0.6333718207961084 0.5991610201679473
vn 0.5461110306819323 0.6333717511457437 0.5482727122683488
vn 0.5972215255849264 0.6333718005666782 0.4921042690578259
vn 0.6425800947355098 0.6333719519382247 0.431196929891281
vn 0.6817507334564818 0.6333717919638082 0.36613673753954734
vn 0.714355686571945 0.6333717453630952 0.2975503070709749
vn 0.7400808607654328 0.6333717341670059 0.22609857559696306
vn 0.7586786796138552 0.6333718340906057 0.15246895054429752
vn 0.7699700327560441 0.6333718080736934 0.0773711922818617
vn 0.7049979263050747 0.7059684090893941 -0.06772391950658413
vn 0.7082412637930641 0.7059684193517146 0.0017038599839860231
vn 0.6949649756815411 0.7059685290859262 -0.13649951837354105
vn 0.6782392283754568 0.7059683249239693 -0.20396145051629191
vn 0.6549815362315169 0.7059684851520442 -0.26945813249543976
vn 0.6254160609096554 0.7059685223117401 -0.332360040108958
vn 0.5898276010321544 0.7059685038406847 -0.39206105729286456
vn 0.5485588905504668 0.7059684988373583 -0.4479861853309405
vn 0.5020069764343291 0.7059684795740957 -0.49959733932348177
vn 0.4506203327449847 0.7059684541887545 -0.546397160870314
vn 0.39489429598081194 0.7059684226867108 -0.5879345891942881
vn 0.33536551407446263 0.7059685799401684 -0.6238095351201627
vn 0.2726063866653151 0.7059684753998895 -0.6536774966991266
vn 0.20722216589413 0.7059683875269912 -0.677250034901945
vn 0.13984188407466897 0.70596837846012 -0.6943002924332062
vn 0.07111507921451075 0.7059683921474923 -0.7046639445842241
vn 0.0017038605660609752 0.7059684193510146 -0.7082412637923617
vn -0.06772391950658413 0.7059684090893941 -0.7049979263050747
vn -0.13649951837354105 0.7059685290859262 -0.6949649756815411
vn -0.20396143938718872 0.7059683540351418 -0.6782392014208697
vn -0.26945813249543976 0.7059684851520442 -0.6549815362315169
vn -0.332360040108958 0.7059685223117401 -0.6254160609096554
vn -0.39206105729286456 0.7059685038406847 -0.5898276010321544
vn -0.4479861756537249 0.7059684962273376 -0.5485589018124323
vn -0.49959733932348177 0.7059684795740957 -0.5020069764343291
vn -0.546397160870314 0.7059684541887545 -0.4506203327449847
vn -0.5879345891942881 0.7059684226867108 -0.39489429598081194
vn -0.6238095351201627 0.7059685799401684 -0.33536551407446263
vn -0.6536774966991266 0.7059684753998895 -0.2726063866653151
vn -0.677250034901945 0.7059683875269912 -0.20722216589413
vn -0.6943002926430137 0.7059683776717658 -0.1398418870128709
vn -0.7046639445842241 0.7059683921474923 -0.07111507921451075
vn -0.7082412637923617 0.7059684193510146 -0.0017038605660609752
vn -0.7049979263050747 0.7059684090893941 0.06772391950658413
vn -0.6949649756815411 0.7059685290859262 0.13649951837354105
vn -0.6782392283754568 0.7059683249239693 0.20396145051629191
vn -0.6549815362315169 0.7059684851520442 0.26945813249543976
vn -0.6254160609096554 0.7059685223117401 0.332360040108958
vn -0.5898276010321544 0.7059685038406847 0.39206105729286456
vn -0.5485588905504668 0.7059684988373583 0.4479861853309405
vn -0.5020069764343291 0.7059684795740957 0.49959733932348177
vn -0.4506203327449847 0.7059684541887545 0.546397160870314
vn -0.39489429598081194 0.7059684226867108 0.5879345891942881
vn -0.33536551407446263 0.7059685799401684 0.6238095351201627
vn -0.2726063866653151 0.7059684753998895 0.6536774966991266
vn -0.20722216589413 0.7059683875269912 0.677250034901945
vn -0.13984188407466897 0.70596837846012 0.6943002924332062
vn -0.07111507921451075 0.7059683921474923 0.7046639445842241
vn -0.0017038605660609752 0.7059684193510146 0.7082412637923617
vn 0.06772391950658413 0.7059684090893941 0.7049979263050747
vn 0.13649951837354105 0.7059685290859262 0.6949649756815411
vn 0.20396143938718872 0.7059683540351418 0.6782392014208697
vn 0.26945813249543976 0.7059684851520442 0.6549815362315169
vn 0.332360040108958 0.7059685223117401 0.6254160609096554
vn 0.39206105729286456 0.7059685038406847 0.5898276010321544
vn 0.4479861756537249 0.7059684962273376 0.5485589018124323
vn 0.49959733932348177 0.7059684795740957 0.5020069764343291
vn 0.546397160870314 0.7059684541887545 0.4506203327449847
vn 0.5879345891942881 0.7059684226867108 0.39489429598081194
vn 0.6238095351201627 0.7059685799401684 0.33536551407446263
vn 0.6536774966991266 0.7059684753998895 0.2726063866653151
vn 0.677250034901945 0.7059683875269912 0.20722216589413
vn 0.6943002926430137 0.7059683776717658 0.1398418870128709
vn 0.7046639445842241 0.7059683921474923 0.07111507921451075
vn 0.6330253129172854 0.7717652617552085 -0.06047589564353227
vn 0.6359049009104213 0.7717651763929911 0.0018626607857653206
vn 0.624049410093629 0.7717653468146889 -0.12223167845446799
vn 0.609063600266187 0.7717652758468342 -0.18281107687405107
vn 0.5882121301946404 0.77176522912189 -0.2416297188061105
vn 0.5616959343516479 0.7717652930781012 -0.2981207972163329
vn 0.5297703483454627 0.7717652215055194 -0.3517411276613293
vn 0.49274278549860445 0.7717652585260559 -0.4019737964983368
vn 0.4509695804148781 0.7717653064186955 -0.44833553210612925
vn 0.4048534446024972 0.7717653158950005 -0.4903794302119358
vn 0.35483834146033244 0.7717652320552956 -0.5277008414057308
vn 0.30140625742133437 0.7717652311655668 -0.5599399038747135
vn 0.2450712148025156 0.7717652961338693 -0.5867865262245039
vn 0.18637577562555882 0.7717653253395373 -0.6079821978179373
vn 0.12588564778254988 0.7717653941449112 -0.6233225329496102
vn 0.06418287999409908 0.7717651423790589 -0.6326603535265144
vn 0.0018626600781377302 0.7717651953472071 -0.635904877908733
vn -0.06047589792536345 0.7717652908748771 -0.6330252771974728
vn -0.12223167845446799 0.7717653468146889 -0.624049410093629
vn -0.1828110678217138 0.7717652939327158 -0.6090635800660169
vn -0.24162972436169158 0.7717652348560713 -0.588212120388934
vn -0.2981207972163329 0.7717652930781012 -0.5616959343516479
vn -0.3517411276613293 0.7717652215055194 -0.5297703483454627
vn -0.4019737964983368 0.7717652585260559 -0.49274278549860445
vn -0.44833553494361 0.7717653030002455 -0.4509695834441233
vn -0.4903794302119358 0.7717653158950005 -0.4048534446024972
vn -0.5277008414057308 0.7717652320552956 -0.35483834146033244
vn -0.5599399038747135 0.7717652311655668 -0.30140625742133437
vn -0.5867865262245039 0.7717652961338693 -0.2450712148025156
vn -0.6079821978179373 0.7717653253395373 -0.18637577562555882
vn -0.6233225329496102 0.7717653941449112 -0.12588564778254988
vn -0.6326603535265144 0.7717651423790589 -0.06418287999409908
vn -0.6359049009112485 0.7717651763939952 -0.0018626600872757553
vn -0.6330253129172854 0.7717652617552085 0.06047589564353227
vn -0.624049410093629 0.7717653468146889 0.12223167845446799
vn -0.609063600266187 0.7717652758468342 0.18281107687405107
vn -0.5882121301946404 0.77176522912189 0.2416297188061105
vn -0.5616959343516479 0.7717652930781012 0.2981207972163329
vn -0.5297703483454627 0.7717652215055194 0.3517411276613293
vn -0.49274278549860445 0.7717652585260559 0.4019737964983368
vn -0.4509695804148781 0.7717653064186955 0.44833553210612925
vn -0.4048534446024972 0.7717653158950005 0.4903794302119358
vn -0.35483834146033244 0.7717652320552956 0.5277008414057308
vn -0.30140625742133437 0.7717652311655668 0.5599399038747135
vn -0.2450712148025156 0.7717652961338693 0.5867865262245039
vn -0.18637577562555882 0.7717653253395373 0.6079821978179373
vn -0.12588564778254988 0.7717653941449112 0.6233225329496102
vn -0.06418287999409908 0.7717651423790589 0.6326603535265144
vn -0.0018626600781377302 0.7717651953472071 0.635904877908733
vn 0.06047589792536345 0.7717652908748771 0.6330252771974728
vn 0.12223167845446799 0.7717653468146889 0.624049410093629
vn 0.1828110678217138 0.7717652939327158 0.6090635800660169
vn 0.24162972436169158 0.7717652348560713 0.588212120388934
vn 0.2981207972163329 0.7717652930781012 0.5616959343516479
vn 0.3517411276613293 0.7717652215055194 0.5297703483454627
vn 0.4019737964983368 0.7717652585260559 0.49274278549860445
vn 0.44833553494361 0.7717653030002455 0.4509695834441233
vn 0.4903794302119358 0.7717653158950005 0.4048534446024972
vn 0.5277008414057308 0.7717652320552956 0.35483834146033244
vn 0.5599399038747135 0.7717652311655668 0.30140625742133437
vn 0.5867865262245039 0.7717652961338693 0.2450712148025156
vn 0.6079821978179373 0.7717653253395373 0.18637577562555882
vn 0.6233225329496102 0.7717653941449112 0.12588564778254988
vn 0.6326603535265144 0.7717651423790589 0.06418287999409908
vn 0.5550806186291972 0.8301281125709274 -0.05265760668372011
vn 0.557569081719997 0.8301281261034104 0.0020033377049115627
vn 0.5472464036302515 0.8301281440498793 -0.10681122679783576
vn 0.5341418750486984 0.8301281900199621 -0.15993637939394117
vn 0.5158932370414235 0.830128159267871 -0.21152164703750265
vn 0.49267635762477424 0.8301281001514569 -0.2610696151920373
vn 0.4647148133558716 0.8301281654593315 -0.3081028580827222
vn 0.4322776975729649 0.8301281704858098 -0.3521692955765718
vn 0.39567754671505073 0.8301281542539151 -0.39284415044715504
vn 0.3552666067082469 0.8301281469919864 -0.42973584645647006
vn 0.3114345847433669 0.8301281608260908 -0.46248863340542584
vn 0.2646032678901544 0.8301281668997825 -0.490787466365491
vn 0.21522353740293632 0.8301281391118129 -0.5143598950176087
vn 0.16377079384716942 0.8301281121931884 -0.5329788405079898
vn 0.11074112015951479 0.8301281674329913 -0.5464646648596408
vn 0.05664535334330495 0.8301282664271206 -0.5546876285111428
vn 0.0020033379377412696 0.830128126103023 -0.5575690817197368
vn -0.05265760668372011 0.8301281125709274 -0.5550806186291972
vn -0.10681122679783576 0.8301281440498793 -0.5472464036302515
vn -0.15993637939394117 0.8301281900199621 -0.5341418750486984
vn -0.21152164703750265 0.830128159267871 -0.5158932370414235
vn -0.2610696151920373 0.8301281001514569 -0.49267635762477424
vn -0.3081028580827222 0.8301281654593315 -0.4647148133558716
vn -0.3521692955765718 0.8301281704858098 -0.4322776975729649
vn -0.39284415044715504 0.8301281542539151 -0.39567754671505073
vn -0.42973584645647006 0.8301281469919864 -0.3552666067082469
vn -0.46248863340542584 0.8301281608260908 -0.3114345847433669
vn -0.490787466365491 0.8301281668997825 -0.2646032678901544
vn -0.5143598950176087 0.8301281391118129 -0.21522353740293632
vn -0.5329788405079898 0.8301281121931884 -0.16377079384716942
vn -0.5464646648596408 0.8301281674329913 -0.11074112015951479
vn -0.5546876285111428 0.8301282664271206 -0.05664535334330495
vn -0.5575690817197368 0.830128126103023 -0.0020033379377412696
vn -0.5550806186291972 0.8301281125709274 0.05265760668372011
vn -0.5472464036302515 0.8301281440498793 0.10681122679783576
vn -0.5341418750486984 0.8301281900199621 0.15993637939394117
vn -0.5158932370414235 0.830128159267871 0.21152164703750265
vn -0.49267635762477424 0.8301281001514569 0.2610696151920373
vn -0.4647148133558716 0.8301281654593315 0.3081028580827222
vn -0.4322776975729649 0.8301281704858098 0.3521692955765718
vn -0.39567754671505073 0.8301281542539151 0.39284415044715504
vn -0.3552666067082469 0.8301281469919864 0.42973584645647006
vn -0.3114345847433669 0.8301281608260908 0.46248863340542584
vn -0.2646032678901544 0.8301281668997825 0.490787466365491
vn -0.21522353740293632 0.8301281391118129 0.5143598950176087
vn -0.16377079384716942 0.8301281121931884 0.5329788405079898
vn -0.11074112015951479 0.8301281674329913 0.5464646648596408
vn -0.05664535334330495 0.8301282664271206 0.5546876285111428
vn -0.0020033379377412696 0.830128126103023 0.5575690817197368
vn 0.05265760668372011 0.8301281125709274 0.5550806186291972
vn 0.10681122679783576 0.8301281440498793 0.5472464036302515
vn 0.15993637939394117 0.8301281900199621 0.5341418750486984
vn 0.21152164703750265 0.830128159267871 0.5158932370414235
vn 0.2610696151920373 0.8301281001514569 0.49267635762477424
vn 0.3081028580827222 0.8301281654593315 0.4647148133558716
vn 0.3521692955765718 0.8301281704858098 0.4322776975729649
vn 0.39284415044715504 0.8301281542539151 0.39567754671505073
vn 0.42973584645647006 0.8301281469919864 0.3552666067082469
vn 0.46248863340542584 0.8301281608260908 0.3114345847433669
vn 0.490787466365491 0.8301281668997825 0.2646032678901544
vn 0.5143598950176087 0.8301281391118129 0.21522353740293632
vn 0.5329788405079898 0.8301281121931884 0.16377079384716942
vn 0.5464646648596408 0.8301281674329913 0.11074112015951479
vn 0.5546876285111428 0.8301282664271206 0.05664535334330495
vn 0.4719715583264459 0.8804975503317211 -0.04434988151894477
vn 0.47404589931424373 0.8804975689063882 0.002125204293718429
vn 0.46535189203818145 0.8804975419575519 -0.0903974290740291
vn 0.4542505891482161 0.8804975461844207 -0.13557460463417362
vn 0.43877463747599105 0.8804974996439927 -0.1794462889794316
vn 0.4190729750508292 0.880497489922122 -0.2215897376299042
vn 0.3953355576043186 0.8804974544551522 -0.26159898622066563
vn 0.36779070151091553 0.8804975212004712 -0.299088807951642
vn 0.33670380636833996 0.8804975132475639 -0.33369848058078944
vn 0.30237432565336486 0.8804974933914788 -0.3650944142506095
vn 0.2651327772325482 0.8804974696892939 -0.392974320163172
vn 0.2253380032002311 0.8804974795157499 -0.4170695060540199
vn 0.1833729859419611 0.8804975467509293 -0.4371480506559811
vn 0.13964180296718995 0.880497552635927 -0.4530168061630998
vn 0.09456586623519075 0.8804974952529193 -0.46452282806824835
vn 0.04857945984019781 0.8804974862807435 -0.4715551004229795
vn 0.002125204526548019 0.8804975689059524 -0.4740458993140091
vn -0.04434988151894477 0.8804975503317211 -0.4719715583264459
vn -0.0903974290740291 0.8804975419575519 -0.46535189203818145
vn -0.13557460463417362 0.8804975461844207 -0.4542505891482161
vn -0.1794462889794316 0.8804974996439927 -0.43877463747599105
vn -0.2215897376299042 0.880497489922122 -0.4190729750508292
vn -0.26159896431761953 0.8804974621430028 -0.39533555497536527
vn -0.299088807951642 0.8804975212004712 -0.36779070151091553
vn -0.33369848058078944 0.8804975132475639 -0.33670380636833996
vn -0.36509441087157857 0.8804974975118354 -0.30237431773503887
vn -0.392974320163172 0.8804974696892939 -0.2651327772325482
vn -0.4170695060540199 0.8804974795157499 -0.2253380032002311
vn -0.4371480506559811 0.8804975467509293 -0.1833729859419611
vn -0.4530168061630998 0.880497552635927 -0.13964180296718995
vn -0.46452282806824835 0.8804974952529193 -0.09456586623519075
vn -0.4715551004229795 0.8804974862807435 -0.04857945984019781
vn -0.4740458993140091 0.8804975689059524 -0.002125204526548019
vn -0.4719715583264459 0.8804975503317211 0.04434988151894477
vn -0.46535189203818145 0.8804975419575519 0.0903974290740291
vn -0.4542505891482161 0.8804975461844207 0.13557460463417362
vn -0.43877463747599105 0.8804974996439927 0.1794462889794316
vn -0.4190729750508292 0.880497489922122 0.2215897376299042
vn -0.3953355576043186 0.8804974544551522 0.26159898622066563
vn -0.36779070151091553 0.8804975212004712 0.299088807951642
vn -0.33670380636833996 0.8804975132475639 0.33369848058078944
vn -0.30237432565336486 0.8804974933914788 0.3650944142506095
vn -0.2651327772325482 0.8804974696892939 0.392974320163172
vn -0.2253380032002311 0.8804974795157499 0.4170695060540199
vn -0.1833729859419611 0.8804975467509293 0.4371480506559811
vn -0.13964180296718995 0.880497552635927 0.4530168061630998
vn -0.09456586623519075 0.8804974952529193 0.46452282806824835
vn -0.04857945984019781 0.8804974862807435 0.4715551004229795
vn -0.002125204526548019 0.8804975689059524 0.4740458993140091
vn 0.04434988151894477 0.8804975503317211 0.4719715583264459
vn 0.0903974290740291 0.8804975419575519 0.46535189203818145
vn 0.13557460463417362 0.8804975461844207 0.4542505891482161
vn 0.1794462889794316 0.8804974996439927 0.43877463747599105
vn 0.2215897376299042 0.880497489922122 0.4190729750508292
vn 0.26159896431761953 0.8804974621430028 0.39533555497536527
vn 0.299088807951642 0.8804975212004712 0.36779070151091553
vn 0.33369848058078944 0.8804975132475639 0.33670380636833996
vn 0.36509441087157857 0.8804974975118354 0.30237431773503887
vn 0.392974320163172 0.8804974696892939 0.2651327772325482
vn 0.4170695060540199 0.8804974795157499 0.2253380032002311
vn 0.4371480506559811 0.8804975467509293 0.1833729859419611
vn 0.4530168061630998 0.880497552635927 0.13964180296718995
vn 0.46452282806824835 0.8804974952529193 0.09456586623519075
vn 0.4715551004229795 0.8804974862807435 0.04857945984019781
vn 0.38462256347606555 0.9223854411594546 -0.035645218503721744
vn 0.38626427569348226 0.9223854691456429 0.002226124875552378
vn 0.3792766095021093 0.9223854688712648 -0.07317308453059553
vn 0.3702780741274563 0.9223854736487224 -0.10999629912994466
vn 0.35771354531038574 0.9223855008411707 -0.1457601020151174
vn 0.3417040401606956 0.9223854525445577 -0.18012058702999245
vn 0.32240371542922536 0.9223854750658764 -0.21274604500419866
vn 0.2999985035286586 0.9223854575900347 -0.24332275994445673
vn 0.27470418962981014 0.9223854592862089 -0.2715560212869508
vn 0.24676427327218606 0.9223854572458874 -0.29717412689826345
vn 0.21644796674318345 0.9223854645440298 -0.31993019940392686
vn 0.18404688939009536 0.9223854445866009 -0.33960540943955614
vn 0.14987352601403503 0.9223854610079391 -0.3560098137991311
vn 0.11425674030701119 0.9223854592098609 -0.36898572049962913
vn 0.07753976136965125 0.9223854783924698 -0.37840800025558674
vn 0.04007585026826088 0.9223854662972396 -0.3841861238890596
vn 0.002226124409893421 0.9223854691465991 -0.3862642756938827
vn -0.035645218503721744 0.9223854411594546 -0.38462256347606555
vn -0.07317308453059553 0.9223854688712648 -0.3792766095021093
vn -0.10999629912994466 0.9223854736487224 -0.3702780741274563
vn -0.1457601020151174 0.9223855008411707 -0.35771354531038574
vn -0.18012058702999245 0.9223854525445577 -0.3417040401606956
vn -0.21274604500419866 0.9223854750658764 -0.32240371542922536
vn -0.24332275994445673 0.9223854575900347 -0.2999985035286586
vn -0.2715560108352427 0.9223854654091663 -0.27470417940243513
vn -0.29717412689826345 0.9223854572458874 -0.24676427327218606
vn -0.31993019940392686 0.9223854645440298 -0.21644796674318345
vn -0.33960540943955614 0.9223854445866009 -0.18404688939009536
vn -0.3560098137991311 0.9223854610079391 -0.14987352601403503
vn -0.36898572049962913 0.9223854592098609 -0.11425674030701119
vn -0.37840800025558674 0.9223854783924698 -0.07753976136965125
vn -0.3841861238890596 0.9223854662972396 -0.04007585026826088
vn -0.3862642756938827 0.9223854691465991 -0.002226124409893421
vn -0.38462256347606555 0.9223854411594546 0.035645218503721744
vn -0.3792766095021093 0.9223854688712648 0.07317308453059553
vn -0.3702780741274563 0.9223854736487224 0.10999629912994466
vn -0.35771354531038574 0.9223855008411707 0.1457601020151174
vn -0.3417040401606956 0.9223854525445577 0.18012058702999245
vn -0.32240371542922536 0.9223854750658764 0.21274604500419866
vn -0.2999985035286586 0.9223854575900347 0.24332275994445673
vn -0.27470418962981014 0.9223854592862089 0.2715560212869508
vn -0.24676427327218606 0.9223854572458874 0.29717412689826345
vn -0.21644796674318345 0.9223854645440298 0.31993019940392686
vn -0.18404688939009536 0.9223854445866009 0.33960540943955614
vn -0.14987352601403503 0.9223854610079391 0.3560098137991311
vn -0.11425674030701119 0.9223854592098609 0.36898572049962913
vn -0.07753976136965125 0.9223854783924698 0.37840800025558674
vn -0.04007585026826088 0.9223854662972396 0.3841861238890596
vn -0.002226124409893421 0.9223854691465991 0.3862642756938827
vn 0.035645218503721744 0.9223854411594546 0.38462256347606555
vn 0.07317308453059553 0.9223854688712648 0.3792766095021093
vn 0.10999629912994466 0.9223854736487224 0.3702780741274563
vn 0.1457601020151174 0.9223855008411707 0.35771354531038574
vn 0.18012058702999245 0.9223854525445577 0.3417040401606956
vn 0.21274604500419866 0.9223854750658764 0.32240371542922536
vn 0.24332275994445673 0.9223854575900347 0.2999985035286586
vn 0.2715560108352427 0.9223854654091663 0.27470417940243513
vn 0.29717412689826345 0.9223854572458874 0.24676427327218606
vn 0.31993019940392686 0.9223854645440298 0.21644796674318345
vn 0.33960540943955614 0.9223854445866009 0.18404688939009536
vn 0.3560098137991311 0.9223854610079391 0.14987352601403503
vn 0.36898572049962913 0.9223854592098609 0.11425674030701119
vn 0.37840800025558674 0.9223854783924698 0.07753976136965125
vn 0.3841861238890596 0.9223854662972396 0.04007585026826088
vn 0.2941558548845332 0.9553857087697587 -0.02665484037947319
vn 0.29535200479267415 0.9553857215198341 0.002305727862067668
vn 0.2901267616639923 0.9553857147016124 -0.05535881420744453
vn 0.2833036074584205 0.9553857075685112 -0.08352972988619371
vn 0.2737521010984019 0.9553857121304199 -0.11089602428067942
vn 0.2615641318696324 0.9553857311235172 -0.13719442293645848
vn 0.246857189520365 0.9553857172015965 -0.1621716971277588
vn 0.22977299187447708 0.9553857136275749 -0.18558693488869557
vn 0.21047583813577148 0.9553857118020689 -0.20721501694013134
vn 0.18915172647505799 0.9553857059897332 -0.2268474755469055
vn 0.16600606353285627 0.9553857141935402 -0.24429515751488873
vn 0.14126151031721787 0.9553857337761568 -0.25939021839671
vn 0.11515655790055893 0.9553857177271099 -0.27198731135027315
vn 0.08794266992857841 0.9553857134637965 -0.28196493632206404
vn 0.05988172170225979 0.955385701255893 -0.28922714471805555
vn 0.03124427112592027 0.9553857066475125 -0.29370384242539854
vn 0.0023057280746016443 0.9553857131098482 -0.29535203199509674
vn -0.02665484037947319 0.9553857087697587 -0.2941558548845332
vn -0.05535881420744453 0.9553857147016124 -0.2901267616639923
vn -0.08352972988619371 0.9553857075685112 -0.2833036074584205
vn -0.11089602428067942 0.9553857121304199 -0.2737521010984019
vn -0.13719442293645848 0.9553857311235172 -0.2615641318696324
vn -0.1621716971277588 0.9553857172015965 -0.246857189520365
vn -0.18558693488869557 0.9553857136275749 -0.22977299187447708
vn -0.20721501694013134 0.9553857118020689 -0.21047583813577148
vn -0.2268474755469055 0.9553857059897332 -0.18915172647505799
vn -0.24429515751488873 0.9553857141935402 -0.16600606353285627
vn -0.25939021839671 0.9553857337761568 -0.14126151031721787
vn -0.27198731135027315 0.9553857177271099 -0.11515655790055893
vn -0.28196493632206404 0.9553857134637965 -0.08794266992857841
vn -0.28922714471805555 0.955385701255893 -0.05988172170225979
vn -0.29370384242539854 0.9553857066475125 -0.03124427112592027
vn -0.29535203199509674 0.9553857131098482 -0.0023057280746016443
vn -0.2941558548845332 0.9553857087697587 0.02665484037947319
vn -0.2901267616639923 0.9553857147016124 0.05535881420744453
vn -0.2833036074584205 0.9553857075685112 0.08352972988619371
vn -0.2737521010984019 0.9553857121304199 0.11089602428067942
vn -0.2615641318696324 0.9553857311235172 0.13719442293645848
vn -0.246857189520365 0.9553857172015965 0.1621716971277588
vn -0.22977299187447708 0.9553857136275749 0.18558693488869557
vn -0.21047583813577148 0.9553857118020689 0.20721501694013134
vn -0.18915172647505799 0.9553857059897332 0.2268474755469055
vn -0.16600606353285627 0.9553857141935402 0.24429515751488873
vn -0.14126151031721787 0.9553857337761568 0.25939021839671
vn -0.11515655790055893 0.9553857177271099 0.27198731135027315
vn -0.08794266992857841 0.9553857134637965 0.28196493632206404
vn -0.05988172170225979 0.955385701255893 0.28922714471805555
vn -0.03124427112592027 0.9553857066475125 0.29370384242539854
vn -0.0023057280746016443 0.9553857131098482 0.29535203199509674
vn 0.02665484037947319 0.9553857087697587 0.2941558548845332
vn 0.05535881420744453 0.9553857147016124 0.2901267616639923
vn 0.08352972988619371 0.9553857075685112 0.2833036074584205
vn 0.11089602428067942 0.9553857121304199 0.2737521010984019
vn 0.13719442293645848 0.9553857311235172 0.2615641318696324
vn 0.1621716971277588 0.9553857172015965 0.246857189520365
vn 0.18558693488869557 0.9553857136275749 0.22977299187447708
vn 0.20721501694013134 0.9553857118020689 0.21047583813577148
vn 0.2268474755469055 0.9553857059897332 0.18915172647505799
vn 0.24429515751488873 0.9553857141935402 0.16600606353285627
vn 0.25939021839671 0.9553857337761568 0.14126151031721787
vn 0.27198731135027315 0.9553857177271099 0.11515655790055893
vn 0.28196493632206404 0.9553857134637965 0.08794266992857841
vn 0.28922714471805555 0.955385701255893 0.05988172170225979
vn 0.29370384242539854 0.9553857066475125 0.03124427112592027
vn 0.20226381106647331 0.9791738690470186 -0.01754664949094686
vn 0.2030097449733248 0.9791738654040424 0.00236320874484775
vn 0.1995699916801918 0.9791738705408832 -0.037287392919780595
vn 0.19495421034668495 0.979173867890529 -0.056669147764913615
vn 0.18846088019767931 0.9791738660644448 -0.0755052094330228
vn 0.18015261943851466 0.9791738693085761 -0.09361392723688744
vn 0.17010932574262885 0.9791738649360195 -0.11082129543389313
vn 0.1584278680066267 0.9791738619201811 -0.1269612490927561
vn 0.14522059691373398 0.9791738680570278 -0.14187851967883286
vn 0.13061478273083438 0.9791738641423476 -0.15542947697499412
vn 0.11475108939802926 0.9791738711681444 -0.16748348427100432
vn 0.09778231770192582 0.9791738779280845 -0.17792452087364596
vn 0.07987173357229074 0.9791738632111207 -0.18665222147182317
vn 0.06119208954678738 0.9791738665778638 -0.19358219749722316
vn 0.041922980356599665 0.979173869450197 -0.19864792247579238
vn 0.022250241783794998 0.9791738658012137 -0.20180056311236969
vn 0.002363208991974896 0.9791738713276639 -0.2030097163991315
vn -0.01754664949094686 0.9791738690470186 -0.20226381106647331
vn -0.037287392919780595 0.9791738705408832 -0.1995699916801918
vn -0.056669147764913615 0.979173867890529 -0.19495421034668495
vn -0.0755052094330228 0.9791738660644448 -0.18846088019767931
vn -0.09361392723688744 0.9791738693085761 -0.18015261943851466
vn -0.11082129543389313 0.9791738649360195 -0.17010932574262885
vn -0.1269612490927561 0.9791738619201811 -0.1584278680066267
vn -0.14187851967883286 0.9791738680570278 -0.14522059691373398
vn -0.15542947697499412 0.9791738641423476 -0.13061478273083438
vn -0.16748348427100432 0.9791738711681444 -0.11475108939802926
vn -0.17792452087364596 0.9791738779280845 -0.09778231770192582
vn -0.18665222147182317 0.9791738632111207 -0.07987173357229074
vn -0.19358219749722316 0.9791738665778638 -0.06119208954678738
vn -0.19864792247579238 0.979173869450197 -0.041922980356599665
vn -0.20180056311236969 0.9791738658012137 -0.022250241783794998
vn -0.2030097163991315 0.9791738713276639 -0.002363208991974896
vn -0.20226381106647331 0.9791738690470186 0.01754664949094686
vn -0.1995699916801918 0.9791738705408832 0.037287392919780595
vn -0.19495421034668495 0.979173867890529 0.056669147764913615
vn -0.18846088019767931 0.9791738660644448 0.0755052094330228
vn -0.18015261943851466 0.9791738693085761 0.09361392723688744
vn -0.17010932574262885 0.9791738649360195 0.11082129543389313
vn -0.1584278680066267 0.9791738619201811 0.1269612490927561
vn -0.14522059691373398 0.9791738680570278 0.14187851967883286
vn -0.13061478273083438 0.9791738641423476 0.15542947697499412
vn -0.11475108939802926 0.9791738711681444 0.16748348427100432
vn -0.09778231770192582 0.9791738779280845 0.17792452087364596
vn -0.07987173357229074 0.9791738632111207 0.18665222147182317
vn -0.06119208954678738 0.9791738665778638 0.19358219749722316
vn -0.041922980356599665 0.979173869450197 0.19864792247579238
vn -0.022250241783794998 0.9791738658012137 0.20180056311236969
vn -0.002363208991974896 0.9791738713276639 0.2030097163991315
vn 0.01754664949094686 0.9791738690470186 0.20226381106647331
vn 0.037287392919780595 0.9791738705408832 0.1995699916801918
vn 0.056669147764913615 0.979173867890529 0.19495421034668495
vn 0.0755052094330228 0.9791738660644448 0.18846088019767931
vn 0.09361392723688744 0.9791738693085761 0.18015261943851466
vn 0.11082129543389313 0.9791738649360195 0.17010932574262885
vn 0.1269612490927561 0.9791738619201811 0.1584278680066267
vn 0.14187851967883286 0.9791738680570278 0.14522059691373398
vn 0.15542947697499412 0.9791738641423476 0.13061478273083438
vn 0.16748348427100432 0.9791738711681444 0.11475108939802926
vn 0.17792452087364596 0.9791738779280845 0.09778231770192582
vn 0.18665222147182317 0.9791738632111207 0.07987173357229074
vn 0.19358219749722316 0.9791738665778638 0.06119208954678738
vn 0.19864792247579238 0.979173869450197 0.041922980356599665
vn 0.20180056311236969 0.9791738658012137 0.022250241783794998
vn 0.1139304222494939 0.9934496505629622 -0.00881196245909292
vn 0.1142455365256778 0.9934496508098846 0.0023976425250945583
vn 0.1125181117258667 0.9934496490547587 -0.019936632780430612
vn 0.11002215324989437 0.993449650207466 -0.03086937474132353
vn 0.10646663957078109 0.9934496511795773 -0.041504761530233955
vn 0.10188576358119916 0.9934496533682642 -0.05174048126903691
vn 0.09632372321198178 0.9934496500237686 -0.06147790834302277
vn 0.0898340343558551 0.9934496501797537 -0.07062321735149152
vn 0.08247914614028744 0.9934496522703263 -0.07908842428533441
vn 0.07432996634235048 0.9934496487457798 -0.08679200141967049
vn 0.06546498588781609 0.9934496505802518 -0.09365963583467393
vn 0.05596947816449152 0.9934496543506522 -0.0996253069484058
vn 0.04593497352791049 0.9934496529358733 -0.10463156927325058
vn 0.03545807750788729 0.9934496497197655 -0.10863019014583422
vn 0.0246397210366932 0.9934496507378103 -0.11158259539980532
vn 0.013584050775051884 0.9934496509403564 -0.1134604098839111
vn 0.0023976425250945583 0.9934496508098846 -0.1142455365256778
vn -0.00881196245909292 0.9934496505629622 -0.1139304222494939
vn -0.019936632780430612 0.9934496490547587 -0.1125181117258667
vn -0.03086937474132353 0.993449650207466 -0.11002215324989437
vn -0.041504761530233955 0.9934496511795773 -0.10646663957078109
vn -0.05174048126903691 0.9934496533682642 -0.10188576358119916
vn -0.06147790834302277 0.9934496500237686 -0.09632372321198178
vn -0.07062321735149152 0.9934496501797537 -0.0898340343558551
vn -0.07908842428533441 0.9934496522703263 -0.08247914614028744
vn -0.08679200141967049 0.9934496487457798 -0.07432996634235048
vn -0.09365963583467393 0.9934496505802518 -0.06546498588781609
vn -0.0996253069484058 0.9934496543506522 -0.05596947816449152
vn -0.10463156927325058 0.9934496529358733 -0.04593497352791049
vn -0.10863019014583422 0.9934496497197655 -0.03545807750788729
vn -0.11158259539980532 0.9934496507378103 -0.0246397210366932
vn -0.1134604098839111 0.9934496509403564 -0.013584050775051884
vn -0.1142455365256778 0.9934496508098846 -0.0023976425250945583
vn -0.1139304222494939 0.9934496505629622 0.00881196245909292
vn -0.1125181117258667 0.9934496490547587 0.019936632780430612
vn -0.11002215324989437 0.993449650207466 0.03086937474132353
vn -0.10646663957078109 0.9934496511795773 0.041504761530233955
vn -0.10188576358119916 0.9934496533682642 0.05174048126903691
vn -0.09632372321198178 0.9934496500237686 0.06147790834302277
vn -0.0898340343558551 0.9934496501797537 0.07062321735149152
vn -0.08247914614028744 0.9934496522703263 0.07908842428533441
vn -0.07432996634235048 0.9934496487457798 0.08679200141967049
vn -0.06546498588781609 0.9934496505802518 0.09365963583467393
vn -0.05596947816449152 0.9934496543506522 0.0996253069484058
vn -0.04593497352791049 0.9934496529358733 0.10463156927325058
vn -0.03545807750788729 0.9934496497197655 0.10863019014583422
vn -0.0246397210366932 0.9934496507378103 0.11158259539980532
vn -0.013584050775051884 0.9934496509403564 0.1134604098839111
vn -0.0023976425250945583 0.9934496508098846 0.1142455365256778
vn 0.00881196245909292 0.9934496505629622 0.1139304222494939
vn 0.019936632780430612 0.9934496490547587 0.1125181117258667
vn 0.03086937474132353 0.993449650207466 0.11002215324989437
vn 0.041504761530233955 0.9934496511795773 0.10646663957078109
vn 0.05174048126903691 0.9934496533682642 0.10188576358119916
vn 0.06147790834302277 0.9934496500237686 0.09632372321198178
vn 0.07062321735149152 0.9934496501797537 0.0898340343558551
vn 0.07908842428533441 0.9934496522703263 0.08247914614028744
vn 0.08679200141967049 0.9934496487457798 0.07432996634235048
vn 0.09365963583467393 0.9934496505802518 0.06546498588781609
vn 0.0996253069484058 0.9934496543506522 0.05596947816449152
vn 0.10463156927325058 0.9934496529358733 0.04593497352791049
vn 0.10863019014583422 0.9934496497197655 0.03545807750788729
vn 0.11158259539980532 0.9934496507378103 0.0246397210366932
vn 0.1134604098839111 0.9934496509403564 0.013584050775051884
vn 9.431790765068726e-11 1 8.046496247082757e-10
f 1/1/1 2/2/2 3/3/3
f 1/1/1 4/4/4 2/2/2
f 1/1/1 5/5/5 4/4/4
f 1/1/1 6/6/6 5/5/5
f 1/1/1 7/7/7 6/6/6
f 1/1/1 8/8/8 7/7/7
f 1/1/1 9/9/9 8/8/8
f 1/1/1 10/10/10 9/9/9
f 1/1/1 11/11/11 10/10/10
f 1/1/1 12/12/12 11/11/11
f 1/1/1 13/13/13 12/12/12
f 1/1/1 14/14/14 13/13/13
f 1/1/1 15/15/15 14/14/14
f 1/1/1 16/16/16 15/15/15
f 1/1/1 17/17/17 16/16/16
f 1/1/1 18/18/18 17/17/17
f 1/1/1 19/19/19 18/18/18
f 1/1/1 20/20/20 19/19/19
f 1/1/1 21/21/21 20/20/20
f 1/1/1 22/22/22 21/21/21
f 1/1/1 23/23/23 22/22/22
f 1/1/1 24/24/24 23/23/23
f 1/1/1 25/25/25 24/24/24
f 1/1/1 26/26/26 25/25/25
f 1/1/1 27/27/27 26/26/26
f 1/1/1 28/28/28 27/27/27
f 1/1/1 29/29/29 28/28/28
f 1/1/1 30/30/30 29/29/29
f 1/1/1 31/31/31 30/30/30
f 1/1/1 32/32/32 31/31/31
f 1/1/1 33/33/33 32/32/32
f 1/1/1 34/34/34 33/33/33
f 1/1/1 35/35/35 34/34/34
f 1/1/1 36/36/36 35/35/35
f 1/1/1 37/37/37 36/36/36
f 1/1/1 38/38/38 37/37/37
f 1/1/1 39/39/39 38/38/38
f 1/1/1 40/40/40 39/39/39
f 1/1/1 41/41/41 40/40/40
f 1/1/1 42/42/42 41/41/41
f 1/1/1 43/43/43 42/42/42
f 1/1/1 44/44/44 43/43/43
f 1/1/1 45/45/45 44/44/44
f 1/1/1 46/46/46 45/45/45
f 1/1/1 47/47/47 46/46/46
f 1/1/1 48/48/48 47/47/47
f 1/1/1 49/49/49 48/48/48
f 1/1/1 50/50/50 49/49/49
f 1/1/1 51/51/51 50/50/50
f 1/1/1 52/52/52 51/51/51
f 1/1/1 53/53/53 52/52/52
f 1/1/1 54/54/54 53/53/53
f 1/1/1 55/55/55 54/54/54
f 1/1/1 56/56/56 55/55/55
f 1/1/1 57/57/57 56/56/56
f 1/1/1 58/58/58 57/57/57
f 1/1/1 59/59/59 58/58/58
f 1/1/1 60/60/60 59/59/59
f 1/1/1 61/61/61 60/60/60
f 1/1/1 62/62/62 61/61/61
f 1/1/1 63/63/63 62/62/62
f 1/1/1 64/64/64 63/63/63
f 1/1/1 65/65/65 64/64/64
f 1/1/1 3/3/3 65/65/65
f 3/3/3 2/2/2 66/66/66
f 3/3/3 66/66/66 67/67/67
f 2/2/2 4/4/4 68/68/68
f 2/2/2 68/68/68 66/66/66
f 4/4/4 5/5/5 69/69/69
f 4/4/4 69/69/69 68/68/68
f 5/5/5 6/6/6 70/70/70
f 5/5/5 70/70/70 69/69/69
f 6/6/6 7/7/7 71/71/71
f 6/6/6 71/71/71 70/70/70
f 7/7/7 8/8/8 72/72/72
f 7/7/7 72/72/72 71/71/71
f 8/8/8 9/9/9 73/73/73
f 8/8/8 73/73/73 72/72/72
f 9/9/9 10/10/10 74/74/74
f 9/9/9 74/74/74 73/73/73
f 10/10/10 11/11/11 75/75/75
f 10/10/10 75/75/75 74/74/74
f 11/11/11 12/12/12 76/76/76
f 11/11/11 76/76/76 75/75/75
f 12/12/12 13/13/13 77/77/77
f 12/12/12 77/77/77 76/76/76
f 13/13/13 14/14/14 78/78/78
f 13/13/13 78/78/78 77/77/77
f 14/14/14 15/15/15 79/79/79
f 14/14/14 79/79/79 78/78/78
f 15/15/15 16/16/16 80/80/80
f 15/15/15 80/80/80 79/79/79
f 16/16/16 17/17/17 81/81/81
f 16/16/16 81/81/81 80/80/80
f 17/17/17 18/18/18 82/82/82
f 17/17/17 82/82/82 81/81/81
f 18/18/18 19/19/19 83/83/83
f 18/18/18 83/83/83 82/82/82
f 19/19/19 20/20/20 84/84/84
f 19/19/19 84/84/84 83/83/83
f 20/20/20 21/21/21 85/85/85
f 20/20/20 85/85/85 84/84/84
f 21/21/21 22/22/22 86/86/86
f 21/21/21 86/86/86 85/85/85
f 22/22/22 23/23/23 87/87/87
f 22/22/22 87/87/87 86/86/86
f 23/23/23 24/24/24 88/88/88
f 23/23/23 88/88/88 87/87/87
f 24/24/24 25/25/25 89/89/89
f 24/24/24 89/89/89 88/88/88
f 25/25/25 26/26/26 90/90/90
f 25/25/25 90/90/90 89/89/89
f 26/26/26 27/27/27 91/91/91
f 26/26/26 91/91/91 90/90/90
f 27/27/27 28/28/28 92/92/92
f 27/27/27 92/92/92 91/91/91
f 28/28/28 29/29/29 93/93/93
f 28/28/28 93/93/93 92/92/92
f 29/29/29 30/30/30 94/94/94
f 29/29/29 94/94/94 93/93/93
f 30/30/30 31/31/31 95/95/95
f 30/30/30 95/95/95 94/94/94
f 31/31/31 32/32/32 96/96/96
f 31/31/31 96/96/96 95/95/95
f 32/32/32 33/33/33 97/97/97
f 32/32/32 97/97/97 96/96/96
f 33/33/33 34/34/34 98/98/98
f 33/33/33 98/98/98 97/97/97
f 34/34/34 35/35/35 99/99/99
f 34/34/34 99/99/99 98/98/98
f 35/35/35 36/36/36 100/100/100
f 35/35/35 100/100/100 99/99/99
f 36/36/36 37/37/37 101/101/101
f 36/36/36 101/101/101 100/100/100
f 37/37/37 38/38/38 102/102/102
f 37/37/37 102/102/102 101/101/101
f 38/38/38 39/39/39 103/103/103
f 38/38/38 103/103/103 102/102/102
f 39/39/39 40/40/40 104/104/104
f 39/39/39 104/104/104 103/103/103
f 40/40/40 41/41/41 105/105/105
f 40/40/40 105/105/105 104/104/104
f 41/41/41 42/42/42 106/106/106
f 41/41/41 106/106/106 105/105/105
f 42/42/42 43/43/43 107/107/107
f 42/42/42 107/107/107 106/106/106
f 43/43/43 44/44/44 108/108/108
f 43/43/43 108/108/108 107/107/107
f 44/44/44 45/45/45 109/109/109
f 44/44/44 109/109/109 108/108/108
f 45/45/45 46/46/46 110/110/110
f 45/45/45 110/110/110 109/109/109
f 46/46/46 47/47/47 111/111/111
f 46/46/46 111/111/111 110/110/110
f 47/47/47 48/48/48 112/112/112
f 47/47/47 112/112/112 111/111/111
f 48/48/48 49/49/49 113/113/113
f 48/48/48 113/113/113 112/112/112
f 49/49/49 50/50/50 114/114/114
f 49/49/49 114/114/114 113/113/113
f 50/50/50 51/51/51 115/115/115
f 50/50/50 115/115/115 114/114/114
f 51/51/51 52/52/52 116/116/116
f 51/51/51 116/116/116 115/115/115
f 52/52/52 53/53/53 117/117/117
f 52/52/52 117/117/117 116/116/116
f 53/53/53 54/54/54 118/118/118
f 53/53/53 118/118/118 117/117/117
f 54/54/54 55/55/55 119/119/119
f 54/54/54 119/119/119 118/118/118
f 55/55/55 56/56/56 120/120/120
f 55/55/55 120/120/120 119/119/119
f 56/56/56 57/57/57 121/121/121
f 56/56/56 121/121/121 120/120/120
f 57/57/57 58/58/58 122/122/122
f 57/57/57 122/122/122 121/121/121
f 58/58/58 59/59/59 123/123/123
f 58/58/58 123/123/123 122/122/122
f 59/59/59 60/60/60 124/124/124
f 59/59/59 124/124/124 123/123/123
f 60/60/60 61/61/61 125/125/125
f 60/60/60 125/125/125 124/124/124
f 61/61/61 62/62/62 126/126/126
f 61/61/61 126/126/126 125/125/125
f 62/62/62 63/63/63 127/127/127
f 62/62/62 127/127/127 126/126/126
f 63/63/63 64/64/64 128/128/128
f 63/63/63 128/128/128 127/127/127
f 64/64/64 65/65/65 129/129/129
f 64/64/64 129/129/129 128/128/128
f 65/65/65 3/3/3 67/67/67
f 65/65/65 67/67/67 129/129/129
f 67/67/67 66/66/66 130/130/130
f 67/67/67 130/130/130 131/131/131
f 66/66/66 68/68/68 132/132/132
f 66/66/66 132/132/132 130/130/130
f 68/68/68 69/69/69 133/133/133
f 68/68/68 133/133/133 132/132/132
f 69/69/69 70/70/70 134/134/134
f 69/69/69 134/134/134 133/133/133
f 70/70/70 71/71/71 135/135/135
f 70/70/70 135/135/135 134/134/134
f 71/71/71 72/72/72 136/136/136
f 71/71/71 136/136/136 135/135/135
f 72/72/72 73/73/73 137/137/137
f 72/72/72 137/137/137 136/136/136
f 73/73/73 74/74/74 138/138/138
f 73/73/73 138/138/138 137/137/137
f 74/74/74 75/75/75 139/139/139
f 74/74/74 139/139/139 138/138/138
f 75/75/75 76/76/76 140/140/140
f 75/75/75 140/140/140 139/139/139
f 76/76/76 77/77/77 141/141/141
f 76/76/76 141/141/141 140/140/140
f 77/77/77 78/78/78 142/142/142
f 77/77/77 142/142/142 141/141/141
f 78/78/78 79/79/79 143/143/143
f 78/78/78 143/143/143 142/142/142
f 79/79/79 80/80/80 144/144/144
f 79/79/79 144/144/144 143/143/143
f 80/80/80 81/81/81 145/145/145
f 80/80/80 145/145/145 144/144/144
f 81/81/81 82/82/82 146/146/146
f 81/81/81 146/146/146 145/145/145
f 82/82/82 83/83/83 147/147/147
f 82/82/82 147/147/147 146/146/146
f 83/83/83 84/84/84 148/148/148
f 83/83/83 148/148/148 147/147/147
f 84/84/84 85/85/85 149/149/149
f 84/84/84 149/149/149 148/148/148
f 85/85/85 86/86/86 150/150/150
f 85/85/85 150/150/150 149/149/149
f 86/86/86 87/87/87 151/151/151
f 86/86/86 151/151/151 150/150/150
f 87/87/87 88/88/88 152/152/152
f 87/87/87 152/152/152 151/151/151
f 88/88/88 89/89/89 153/153/153
f 88/88/88 153/153/153 152/152/152
f 89/89/89 90/90/90 154/154/154
f 89/89/89 154/154/154 153/153/153
f 90/90/90 91/91/91 155/155/155
f 90/90/90 155/155/155 154/154/154
f 91/91/91 92/92/92 156/156/156
f 91/91/91 156/156/156 155/155/155
f 92/92/92 93/93/93 157/157/157
f 92/92/92 157/157/157 156/156/156
f 93/93/93 94/94/94 158/158/158
f 93/93/93 158/158/158 157/157/157
f 94/94/94 95/95/95 159/159/159
f 94/94/94 159/159/159 158/158/158
f 95/95/95 96/96/96 160/160/160
f 95/95/95 160/160/160 159/159/159
f 96/96/96 97/97/97 161/161/161
f 96/96/96 161/161/161 160/160/160
f 97/97/97 98/98/98 162/162/162
f 97/97/97 162/162/162 161/161/161
f 98/98/98 99/99/99 163/163/163
f 98/98/98 163/163/163 162/162/162
f 99/99/99 100/100/100 164/164/164
f 99/99/99 164/164/164 163/163/163
f 100/100/100 101/101/101 165/165/165
f 100/100/100 165/165/165 164/164/164
f 101/101/101 102/102/102 166/166/166
f 101/101/101 166/166/166 165/165/165
f 102/102/102 103/103/103 167/167/167
f 102/102/102 167/167/167 166/166/166
f 103/103/103 104/104/104 168/168/168
f 103/103/103 168/168/168 167/167/167
f 104/104/104 105/105/105 169/169/169
f 104/104/104 169/169/169 168/168/168
f 105/105/105 106/106/106 170/170/170
f 105/105/105 170/170/170 169/169/169
f 106/106/106 107/107/107 171/171/171
f 106/106/106 171/171/171 170/170/170
f 107/107/107 108/108/108 172/172/172
f 107/107/107 172/172/172 171/171/171
f 108/108/108 109/109/109 173/173/173
f 108/108/108 173/173/173 172/172/172
f 109/109/109 110/110/110 174/174/174
f 109/109/109 174/174/174 173/173/173
f 110/110/110 111/111/111 175/175/175
f 110/110/110 175/175/175 174/174/174
f 111/111/111 112/112/112 176/176/176
f 111/111/111 176/176/176 175/175/175
f 112/112/112 113/113/113 177/177/177
f 112/112/112 177/177/177 176/176/176
f 113/113/113 114/114/114 178/178/178
f 113/113/113 178/178/178 177/177/177
f 114/114/114 115/115/115 179/179/179
f 114/114/114 179/179/179 178/178/178
f 115/115/115 116/116/116 180/180/180
f 115/115/115 180/180/180 179/179/179
f 116/116/116 117/117/117 181/181/181
f 116/116/116 181/181/181 180/180/180
f 117/117/117 118/118/118 182/182/182
f 117/117/117 182/182/182 181/181/181
f 118/118/118 119/119/119 183/183/183
f 118/118/118 183/183/183 182/182/182
f 119/119/119 120/120/120 184/184/184
f 119/119/119 184/184/184 183/183/183
f 120/120/120 121/121/121 185/185/185
f 120/120/120 185/185/185 184/184/184
f 121/121/121 122/122/122 186/186/186
f 121/121/121 186/186/186 185/185/185
f 122/122/122 123/123/123 187/187/187
f 122/122/122 187/187/187 186/186/186
f 123/123/123 124/124/124 188/188/188
f 123/123/123 188/188/188 187/187/187
f 124/124/124 125/125/125 189/189/189
f 124/124/124 189/189/189 188/188/188
f 125/125/125 126/126/126 190/190/190
f 125/125/125 190/190/190 189/189/189
f 126/126/126 127/127/127 191/191/191
f 126/126/126 191/191/191 190/190/190
f 127/127/127 128/128/128 192/192/192
f 127/127/127 192/192/192 191/191/191
f 128/128/128 129/129/129 193/193/193
f 128/128/128 193/193/193 192/192/192
f 129/129/129 67/67/67 131/131/131
f 129/129/129 131/131/131 193/193/193
f 131/131/131 130/130/130 194/194/194
f 131/131/131 194/194/194 195/195/195
f 130/130/130 132/132/132 196/196/196
f 130/130/130 196/196/196 194/194/194
f 132/132/132 133/133/133 197/197/197
f 132/132/132 197/197/197 196/196/196
f 133/133/133 134/134/134 198/198/198
f 133/133/133 198/198/198 197/197/197
f 134/134/134 135/135/135 199/199/199
f 134/134/134 199/199/199 198/198/198
f 135/135/135 136/136/136 200/200/200
f 135/135/135 200/200/200 199/199/199
f 136/136/136 137/137/137 201/201/201
f 136/136/136 201/201/201 200/200/200
f 137/137/137 138/138/138 202/202/202
f 137/137/137 202/202/202 201/201/201
f 138/138/138 139/139/139 203/203/203
f 138/138/138 203/203/203 202/202/202
f 139/139/139 140/140/140 204/204/204
f 139/139/139 204/204/204 203/203/203
f 140/140/140 141/141/141 205/205/205
f 140/140/140 205/205/205 204/204/204
f 141/141/141 142/142/142 206/206/206
f 141/141/141 206/206/206 205/205/205
f 142/142/142 143/143/143 207/207/207
f 142/142/142 207/207/207 206/206/206
f 143/143/143 144/144/144 208/208/208
f 143/143/143 208/208/208 207/207/207
f 144/144/144 145/145/145 209/209/209
f 144/144/144 209/209/209 208/208/208
f 145/145/145 146/146/146 210/210/210
f 145/145/145 210/210/210 209/209/209
f 146/146/146 147/147/147 211/211/211
f 146/146/146 211/211/211 210/210/210
f 147/147/147 148/148/148 212/212/212
f 147/147/147 212/212/212 211/211/211
f 148/148/148 149/149/149 213/213/213
f 148/148/148 213/213/213 212/212/212
f 149/149/149 150/150/150 214/214/214
f 149/149/149 214/214/214 213/213/213
f 150/150/150 151/151/151 215/215/215
f 150/150/150 215/215/215 214/214/214
f 151/151/151 152/152/152 216/216/216
f 151/151/151 216/216/216 215/215/215
f 152/152/152 153/153/153 217/217/217
f 152/152/152 217/217/217 216/216/216
f 153/153/153 154/154/154 218/218/218
f 153/153/153 218/218/218 217/217/217
f 154/154/154 155/155/155 219/219/219
f 154/154/154 219/219/219 218/218/218
f 155/155/155 156/156/156 220/220/220
f 155/155/155 220/220/220 219/219/219
f 156/156/156 157/157/157 221/221/221
f 156/156/156 221/221/221 220/220/220
f 157/157/157 158/158/158 222/222/222
f 157/157/157 222/222/222 221/221/221
f 158/158/158 159/159/159 223/223/223
f 158/158/158 223/223/223 222/222/222
f 159/159/159 160/160/160 224/224/224
f 159/159/159 224/224/224 223/223/223
f 160/160/160 161/161/161 225/225/225
f 160/160/160 225/225/225 224/224/224
f 161/161/161 162/162/162 226/226/226
f 161/161/161 226/226/226 225/225/225
f 162/162/162 163/163/163 227/227/227
f 162/162/162 227/227/227 226/226/226
f 163/163/163 164/164/164 228/228/228
f 163/163/163 228/228/228 227/227/227
f 164/164/164 165/165/165 229/229/229
f 164/164/164 229/229/229 228/228/228
f 165/165/165 166/166/166 230/230/230
f 165/165/165 230/230/230 229/229/229
f 166/166/166 167/167/167 231/231/231
f 166/166/166 231/231/231 230/230/230
f 167/167/167 168/168/168 232/232/232
f 167/167/167 232/232/232 231/231/231
f 168/168/168 169/169/169 233/233/233
f 168/168/168 233/233/233 232/232/232
f 169/169/169 170/170/170 234/234/234
f 169/169/169 234/234/234 233/233/233
f 170/170/170 171/171/171 235/235/235
f 170/170/170 235/235/235 234/234/234
f 171/171/171 172/172/172 236/236/236
f 171/171/171 236/236/236 235/235/235
f 172/172/172 173/173/173 237/237/237
f 172/172/172 237/237/237 236/236/236
f 173/173/173 174/174/174 238/238/238
f 173/173/173 238/238/238 237/237/237
f 174/174/174 175/175/175 239/239/239
f 174/174/174 239/239/239 238/238/238
f 175/175/175 176/176/176 240/240/240
f 175/175/175 240/240/240 239/239/239
f 176/176/176 177/177/177 241/241/241
f 176/176/176 241/241/241 240/240/240
f 177/177/177 178/178/178 242/242/242
f 177/177/177 242/242/242 241/241/241
f 178/178/178 179/179/179 243/243/243
f 178/178/178 243/243/243 242/242/242
f 179/179/179 180/180/180 244/244/244
f 179/179/179 244/244/244 243/243/243
f 180/180/180 181/181/181 245/245/245
f 180/180/180 245/245/245 244/244/244
f 181/181/181 182/182/182 246/246/246
f 181/181/181 246/246/246 245/245/245
f 182/182/182 183/183/183 247/247/247
f 182/182/182 247/247/247 246/246/246
f 183/183/183 184/184/184 248/248/248
f 183/183/183 248/248/248 247/247/247
f 184/184/184 185/185/185 249/249/249
f 184/184/184 249/249/249 248/248/248
f 185/185/185 186/186/186 250/250/250
f 185/185/185 250/250/250 249/249/249
f 186/186/186 187/187/187 251/251/251
f 186/186/186 251/251/251 250/250/250
f 187/187/187 188/188/188 252/252/252
f 187/187/187 252/252/252 251/251/251
f 188/188/188 189/189/189 253/253/253
f 188/188/188 253/253/253 252/252/252
f 189/189/189 190/190/190 254/254/254
f 189/189/189 254/254/254 253/253/253
f 190/190/190 191/191/191 255/255/255
f 190/190/190 255/255/255 254/254/254
f 191/191/191 192/192/192 256/256/256
f 191/191/191 256/256/256 255/255/255
f 192/192/192 193/193/193 257/257/257
f 192/192/192 257/257/257 256/256/256
f 193/193/193 131/131/131 195/195/195
f 193/193/193 195/195/195 257/257/257
f 195/195/195 194/194/194 258/258/258
f 195/195/195 258/258/258 259/259/259
f 194/194/194 196/196/196 260/260/260
f 194/194/194 260/260/260 258/258/258
f 196/196/196 197/197/197 261/261/261
f 196/196/196 261/261/261 260/260/260
f 197/197/197 198/198/198 262/262/262
f 197/197/197 262/262/262 261/261/261
f 198/198/198 199/199/199 263/263/263
f 198/198/198 263/263/263 262/262/262
f 199/199/199 200/200/200 264/264/264
f 199/199/199 264/264/264 263/263/263
f 200/200/200 201/201/201 265/265/265
f 200/200/200 265/265/265 264/264/264
f 201/201/201 202/202/202 266/266/266
f 201/201/201 266/266/266 265/265/265
f 202/202/202 203/203/203 267/267/267
f 202/202/202 267/267/267 266/266/266
f 203/203/203 204/204/204 268/268/268
f 203/203/203 268/268/268 267/267/267
f 204/204/204 205/205/205 269/269/269
f 204/204/204 269/269/269 268/268/268
f 205/205/205 206/206/206 270/270/270
f 205/205/205 270/270/270 269/269/269
f 206/206/206 207/207/207 271/271/271
f 206/206/206 271/271/271 270/270/270
f 207/207/207 208/208/208 272/272/272
f 207/207/207 272/272/272 271/271/271
f 208/208/208 209/209/209 273/273/273
f 208/208/208 273/273/273 272/272/272
f 209/209/209 210/210/210 274/274/274
f 209/209/209 274/274/274 273/273/273
f 210/210/210 211/211/211 275/275/275
f 210/210/210 275/275/275 274/274/274
f 211/211/211 212/212/212 276/276/276
f 211/211/211 276/276/276 275/275/275
f 212/212/212 213/213/213 277/277/277
f 212/212/212 277/277/277 276/276/276
f 213/213/213 214/214/214 278/278/278
f 213/213/213 278/278/278 277/277/277
f 214/214/214 215/215/215 279/279/279
f 214/214/214 279/279/279 278/278/278
f 215/215/215 216/216/216 280/280/280
f 215/215/215 280/280/280 279/279/279
f 216/216/216 217/217/217 281/281/281
f 216/216/216 281/281/281 280/280/280
f 217/217/217 218/218/218 282/282/282
f 217/217/217 282/282/282 281/281/281
f 218/218/218 219/219/219 283/283/283
f 218/218/218 283/283/283 282/282/282
f 219/219/219 220/220/220 284/284/284
f 219/219/219 284/284/284 283/283/283
f 220/220/220 221/221/221 285/285/285
f 220/220/220 285/285/285 284/284/284
f 221/221/221 222/222/222 286/286/286
f 221/221/221 286/286/286 285/285/285
f 222/222/222 223/223/223 287/287/287
f 222/222/222 287/287/287 286/286/286
f 223/223/223 224/224/224 288/288/288
f 223/223/223 288/288/288 287/287/287
f 224/224/224 225/225/225 289/289/289
f 224/224/224 289/289/289 288/288/288
f 225/225/225 226/226/226 290/290/290
f 225/225/225 290/290/290 289/289/289
f 226/226/226 227/227/227 291/291/291
f 226/226/226 291/291/291 290/290/290
f 227/227/227 228/228/228 292/292/292
f 227/227/227 292/292/292 291/291/291
f 228/228/228 229/229/229 293/293/293
f 228/228/228 293/293/293 292/292/292
f 229/229/229 230/230/230 294/294/294
f 229/229/229 294/294/294 293/293/293
f 230/230/230 231/231/231 295/295/295
f 230/230/230 295/295/295 294/294/294
f 231/231/231 232/232/232 296/296/296
f 231/231/231 296/296/296 295/295/295
f 232/232/232 233/233/233 297/297/297
f 232/232/232 297/297/297 296/296/296
f 233/233/233 234/234/234 298/298/298
f 233/233/233 298/298/298 297/297/297
f 234/234/234 235/235/235 299/299/299
f 234/234/234 299/299/299 298/298/298
f 235/235/235 236/236/236 300/300/300
f 235/235/235 300/300/300 299/299/299
f 236/236/236 237/237/237 301/301/301
f 236/236/236 301/301/301 300/300/300
f 237/237/237 238/238/238 302/302/302
f 237/237/237 302/302/302 301/301/301
f 238/238/238 239/239/239 303/303/303
f 238/238/238 303/303/303 302/302/302
f 239/239/239 240/240/240 304/304/304
f 239/239/239 304/304/304 303/303/303
f 240/240/240 241/241/241 305/305/305
f 240/240/240 305/305/305 304/304/304
f 241/241/241 242/242/242 306/306/306
f 241/241/241 306/306/306 305/305/305
f 242/242/242 243/243/243 307/307/307
f 242/242/242 307/307/307 306/306/306
f 243/243/243 244/244/244 308/308/308
f 243/243/243 308/308/308 307/307/307
f 244/244/244 245/245/245 309/309/309
f 244/244/244 309/309/309 308/308/308
f 245/245/245 246/246/246 310/310/310
f 245/245/245 310/310/310 309/309/309
f 246/246/246 247/247/247 311/311/311
f 246/246/246 311/311/311 310/310/310
f 247/247/247 248/248/248 312/312/312
f 247/247/247 312/312/312 311/311/311
f 248/248/248 249/249/249 313/313/313
f 248/248/248 313/313/313 312/312/312
f 249/249/249 250/250/250 314/314/314
f 249/249/249 314/314/314 313/313/313
f 250/250/250 251/251/251 315/315/315
f 250/250/250 315/315/315 314/314/314
f 251/251/251 252/252/252 316/316/316
f 251/251/251 316/316/316 315/315/315
f 252/252/252 253/253/253 317/317/317
f 252/252/252 317/317/317 316/316/316
f 253/253/253 254/254/254 318/318/318
f 253/253/253 318/318/318 317/317/317
f 254/254/254 255/255/255 319/319/319
f 254/254/254 319/319/319 318/318/318
f 255/255/255 256/256/256 320/320/320
f 255/255/255 320/320/320 319/319/319
f 256/256/256 257/257/257 321/321/321
f 256/256/256 321/321/321 320/320/320
f 257/257/257 195/195/195 259/259/259
f 257/257/257 259/259/259 321/321/321
f 259/259/259 258/258/258 322/322/322
f 259/259/259 322/322/322 323/323/323
f 258/258/258 260/260/260 324/324/324
f 258/258/258 324/324/324 322/322/322
f 260/260/260 261/261/261 325/325/325
f 260/260/260 325/325/325 324/324/324
f 261/261/261 262/262/262 326/326/326
f 261/261/261 326/326/326 325/325/325
f 262/262/262 263/263/263 327/327/327
f 262/262/262 327/327/327 326/326/326
f 263/263/263 264/264/264 328/328/328
f 263/263/263 328/328/328 327/327/327
f 264/264/264 265/265/265 329/329/329
f 264/264/264 329/329/329 328/328/328
f 265/265/265 266/266/266 330/330/330
f 265/265/265 330/330/330 329/329/329
f 266/266/266 267/267/267 331/331/331
f 266/266/266 331/331/331 330/330/330
f 267/267/267 268/268/268 332/332/332
f 267/267/267 332/332/332 331/331/331
f 268/268/268 269/269/269 333/333/333
f 268/268/268 333/333/333 332/332/332
f 269/269/269 270/270/270 334/334/334
f 269/269/269 334/334/334 333/333/333
f 270/270/270 271/271/271 335/335/335
f 270/270/270 335/335/335 334/334/334
f 271/271/271 272/272/272 336/336/336
f 271/271/271 336/336/336 335/335/335
f 272/272/272 273/273/273 337/337/337
f 272/272/272 337/337/337 336/336/336
f 273/273/273 274/274/274 338/338/338
f 273/273/273 338/338/338 337/337/337
f 274/274/274 275/275/275 339/339/339
f 274/274/274 339/339/339 338/338/338
f 275/275/275 276/276/276 340/340/340
f 275/275/275 340/340/340 339/339/339
f 276/276/276 277/277/277 341/341/341
f 276/276/276 341/341/341 340/340/340
f 277/277/277 278/278/278 342/342/342
f 277/277/277 342/342/342 341/341/341
f 278/278/278 279/279/279 343/343/343
f 278/278/278 343/343/343 342/342/342
f 279/279/279 280/280/280 344/344/344
f 279/279/279 344/344/344 343/343/343
f 280/280/280 281/281/281 345/345/345
f 280/280/280 345/345/345 344/344/344
f 281/281/281 282/282/282 346/346/346
f 281/281/281 346/346/346 345/345/345
f 282/282/282 283/283/283 347/347/347
f 282/282/282 347/347/347 346/346/346
f 283/283/283 284/284/284 348/348/348
f 283/283/283 348/348/348 347/347/347
f 284/284/284 285/285/285 349/349/349
f 284/284/284 349/349/349 348/348/348
f 285/285/285 286/286/286 350/350/350
f 285/285/285 350/350/350 349/349/349
f 286/286/286 287/287/287 351/351/351
f 286/286/286 351/351/351 350/350/350
f 287/287/287 288/288/288 352/352/352
f 287/287/287 352/352/352 351/351/351
f 288/288/288 289/289/289 353/353/353
f 288/288/288 353/353/353 352/352/352
f 289/289/289 290/290/290 354/354/354
f 289/289/289 354/354/354 353/353/353
f 290/290/290 291/291/291 355/355/355
f 290/290/290 355/355/355 354/354/354
f 291/291/291 292/292/292 356/356/356
f 291/291/291 356/356/356 355/355/355
f 292/292/292 293/293/293 357/357/357
f 292/292/292 357/357/357 356/356/356
f 293/293/293 294/294/294 358/358/358
f 293/293/293 358/358/358 357/357/357
f 294/294/294 295/295/295 359/359/359
f 294/294/294 359/359/359 358/358/358
f 295/295/295 296/296/296 360/360/360
f 295/295/295 360/360/360 359/359/359
f 296/296/296 297/297/297 361/361/361
f 296/296/296 361/361/361 360/360/360
f 297/297/297 298/298/298 362/362/362
f 297/297/297 362/362/362 361/361/361
f 298/298/298 299/299/299 363/363/363
f 298/298/298 363/363/363 362/362/362
f 299/299/299 300/300/300 364/364/364
f 299/299/299 364/364/364 363/363/363
f 300/300/300 301/301/301 365/365/365
f 300/300/300 365/365/365 364/364/364
f 301/301/301 302/302/302 366/366/366
f 301/301/301 366/366/366 365/365/365
f 302/302/302 303/303/303 367/367/367
f 302/302/302 367/367/367 366/366/366
f 303/303/303 304/304/304 368/368/368
f 303/303/303 368/368/368 367/367/367
f 304/304/304 305/305/305 369/369/369
f 304/304/304 369/369/369 368/368/368
f 305/305/305 306/306/306 370/370/370
f 305/305/305 370/370/370 369/369/369
f 306/306/306 307/307/307 371/371/371
f 306/306/306 371/371/371 370/370/370
f 307/307/307 308/308/308 372/372/372
f 307/307/307 372/372/372 371/371/371
f 308/308/308 309/309/309 373/373/373
f 308/308/308 373/373/373 372/372/372
f 309/309/309 310/310/310 374/374/374
f 309/309/309 374/374/374 373/373/373
f 310/310/310 311/311/311 375/375/375
f 310/310/310 375/375/375 374/374/374
f 311/311/311 312/312/312 376/376/376
f 311/311/311 376/376/376 375/375/375
f 312/312/312 313/313/313 377/377/377
f 312/312/312 377/377/377 376/376/376
f 313/313/313 314/314/314 378/378/378
f 313/313/313 378/378/378 377/377/377
f 314/314/314 315/315/315 379/379/379
f 314/314/314 379/379/379 378/378/378
f 315/315/315 316/316/316 380/380/380
f 315/315/315 380/380/380 379/379/379
f 316/316/316 317/317/317 381/381/381
f 316/316/316 381/381/381 380/380/380
f 317/317/317 318/318/318 382/382/382
f 317/317/317 382/382/382 381/381/381
f 318/318/318 319/319/319 383/383/383
f 318/318/318 383/383/383 382/382/382
f 319/319/319 320/320/320 384/384/384
f 319/319/319 384/384/384 383/383/383
f 320/320/320 321/321/321 385/385/385
f 320/320/320 385/385/385 384/384/384
f 321/321/321 259/259/259 323/323/323
f 321/321/321 323/323/323 385/385/385
f 323/323/323 322/322/322 386/386/386
f 323/323/323 386/386/386 387/387/387
f 322/322/322 324/324/324 388/388/388
f 322/322/322 388/388/388 386/386/386
f 324/324/324 325/325/325 389/389/389
f 324/324/324 389/389/389 388/388/388
f 325/325/325 326/326/326 390/390/390
f 325/325/325 390/390/390 389/389/389
f 326/326/326 327/327/327 391/391/391
f 326/326/326 391/391/391 390/390/390
f 327/327/327 328/328/328 392/392/392
f 327/327/327 392/392/392 391/391/391
f 328/328/328 329/329/329 393/393/393
f 328/328/328 393/393/393 392/392/392
f 329/329/329 330/330/330 394/394/394
f 329/329/329 394/394/394 393/393/393
f 330/330/330 331/331/331 395/395/395
f 330/330/330 395/395/395 394/394/394
f 331/331/331 332/332/332 396/396/396
f 331/331/331 396/396/396 395/395/395
f 332/332/332 333/333/333 397/397/397
f 332/332/332 397/397/397 396/396/396
f 333/333/333 334/334/334 398/398/398
f 333/333/333 398/398/398 397/397/397
f 334/334/334 335/335/335 399/399/399
f 334/334/334 399/399/399 398/398/398
f 335/335/335 336/336/336 400/400/400
f 335/335/335 400/400/400 399/399/399
f 336/336/336 337/337/337 401/401/401
f 336/336/336 401/401/401 400/400/400
f 337/337/337 338/338/338 402/402/402
f 337/337/337 402/402/402 401/401/401
f 338/338/338 339/339/339 403/403/403
f 338/338/338 403/403/403 402/402/402
f 339/339/339 340/340/340 404/404/404
f 339/339/339 404/404/404 403/403/403
f 340/340/340 341/341/341 405/405/405
f 340/340/340 405/405/405 404/404/404
f 341/341/341 342/342/342 406/406/406
f 341/341/341 406/406/406 405/405/405
f 342/342/342 343/343/343 407/407/407
f 342/342/342 407/407/407 406/406/406
f 343/343/343 344/344/344 408/408/408
f 343/343/343 408/408/408 407/407/407
f 344/344/344 345/345/345 409/409/409
f 344/344/344 409/409/409 408/408/408
f 345/345/345 346/346/346 410/410/410
f 345/345/345 410/410/410 409/409/409
f 346/346/346 347/347/347 411/411/411
f 346/346/346 411/411/411 410/410/410
f 347/347/347 348/348/348 412/412/412
f 347/347/347 412/412/412 411/411/411
f 348/348/348 349/349/349 413/413/413
f 348/348/348 413/413/413 412/412/412
f 349/349/349 350/350/350 414/414/414
f 349/349/349 414/414/414 413/413/413
f 350/350/350 351/351/351 415/415/415
f 350/350/350 415/415/415 414/414/414
f 351/351/351 352/352/352 416/416/416
f 351/351/351 416/416/416 415/415/415
f 352/352/352 353/353/353 417/417/417
f 352/352/352 417/417/417 416/416/416
f 353/353/353 354/354/354 418/418/418
f 353/353/353 418/418/418 417/417/417
f 354/354/354 355/355/355 419/419/419
f 354/354/354 419/419/419 418/418/418
f 355/355/355 356/356/356 420/420/420
f 355/355/355 420/420/420 419/419/419
f 356/356/356 357/357/357 421/421/421
f 356/356/356 421/421/421 420/420/420
f 357/357/357 358/358/358 422/422/422
f 357/357/357 422/422/422 421/421/421
f 358/358/358 359/359/359 423/423/423
f 358/358/358 423/423/423 422/422/422
f 359/359/359 360/360/360 424/424/424
f 359/359/359 424/424/424 423/423/423
f 360/360/360 361/361/361 425/425/425
f 360/360/360 425/425/425 424/424/424
f 361/361/361 362/362/362 426/426/426
f 361/361/361 426/426/426 425/425/425
f 362/362/362 363/363/363 427/427/427
f 362/362/362 427/427/427 426/426/426
f 363/363/363 364/364/364 428/428/428
f 363/363/363 428/428/428 427/427/427
f 364/364/364 365/365/365 429/429/429
f 364/364/364 429/429/429 428/428/428
f 365/365/365 366/366/366 430/430/430
f 365/365/365 430/430/430 429/429/429
f 366/366/366 367/367/367 431/431/431
f 366/366/366 431/431/431 430/430/430
f 367/367/367 368/368/368 432/432/432
f 367/367/367 432/432/432 431/431/431
f 368/368/368 369/369/369 433/433/433
f 368/368/368 433/433/433 432/432/432
f 369/369/369 370/370/370 434/434/434
f 369/369/369 434/434/434 433/433/433
f 370/370/370 371/371/371 435/435/435
f 370/370/370 435/435/435 434/434/434
f 371/371/371 372/372/372 436/436/436
f 371/371/371 436/436/436 435/435/435
f 372/372/372 373/373/373 437/437/437
f 372/372/372 437/437/437 436/436/436
f 373/373/373 374/374/374 438/438/438
f 373/373/373 438/438/438 437/437/437
f 374/374/374 375/375/375 439/439/439
f 374/374/374 439/439/439 438/438/438
f 375/375/375 376/376/376 440/440/440
f 375/375/375 440/440/440 439/439/439
f 376/376/376 377/377/377 441/441/441
f 376/376/376 441/441/441 440/440/440
f 377/377/377 378/378/378 442/442/442
f 377/377/377 442/442/442 441/441/441
f 378/378/378 379/379/379 443/443/443
f 378/378/378 443/443/443 442/442/442
f 379/379/379 380/380/380 444/444/444
f 379/379/379 444/444/444 443/443/443
f 380/380/380 381/381/381 445/445/445
f 380/380/380 445/445/445 444/444/444
f 381/381/381 382/382/382 446/446/446
f 381/381/381 446/446/446 445/445/445
f 382/382/382 383/383/383 447/447/447
f 382/382/382 447/447/447 446/446/446
f 383/383/383 384/384/384 448/448/448
f 383/383/383 448/448/448 447/447/447
f 384/384/384 385/385/385 449/449/449
f 384/384/384 449/449/449 448/448/448
f 385/385/385 323/323/323 387/387/387
f 385/385/385 387/387/387 449/449/449
f 387/387/387 386/386/386 450/450/450
f 387/387/387 450/450/450 451/451/451
f 386/386/386 388/388/388 452/452/452
f 386/386/386 452/452/452 450/450/450
f 388/388/388 389/389/389 453/453/453
f 388/388/388 453/453/453 452/452/452
f 389/389/389 390/390/390 454/454/454
f 389/389/389 454/454/454 453/453/453
f 390/390/390 391/391/391 455/455/455
f 390/390/390 455/455/455 454/454/454
f 391/391/391 392/392/392 456/456/456
f 391/391/391 456/456/456 455/455/455
f 392/392/392 393/393/393 457/457/457
f 392/392/392 457/457/457 456/456/456
f 393/393/393 394/394/394 458/458/458
f 393/393/393 458/458/458 457/457/457
f 394/394/394 395/395/395 459/459/459
f 394/394/394 459/459/459 458/458/458
f 395/395/395 396/396/396 460/460/460
f 395/395/395 460/460/460 459/459/459
f 396/396/396 397/397/397 461/461/461
f 396/396/396 461/461/461 460/460/460
f 397/397/397 398/398/398 462/462/462
f 397/397/397 462/462/462 461/461/461
f 398/398/398 399/399/399 463/463/463
f 398/398/398 463/463/463 462/462/462
f 399/399/399 400/400/400 464/464/464
f 399/399/399 464/464/464 463/463/463
f 400/400/400 401/401/401 465/465/465
f 400/400/400 465/465/465 464/464/464
f 401/401/401 402/402/402 466/466/466
f 401/401/401 466/466/466 465/465/465
f 402/402/402 403/403/403 467/467/467
f 402/402/402 467/467/467 466/466/466
f 403/403/403 404/404/404 468/468/468
f 403/403/403 468/468/468 467/467/467
f 404/404/404 405/405/405 469/469/469
f 404/404/404 469/469/469 468/468/468
f 405/405/405 406/406/406 470/470/470
f 405/405/405 470/470/470 469/469/469
f 406/406/406 407/407/407 471/471/471
f 406/406/406 471/471/471 470/470/470
f 407/407/407 408/408/408 472/472/472
f 407/407/407 472/472/472 471/471/471
f 408/408/408 409/409/409 473/473/473
f 408/408/408 473/473/473 472/472/472
f 409/409/409 410/410/410 474/474/474
f 409/409/409 474/474/474 473/473/473
f 410/410/410 411/411/411 475/475/475
f 410/410/410 475/475/475 474/474/474
f 411/411/411 412/412/412 476/476/476
f 411/411/411 476/476/476 475/475/475
f 412/412/412 413/413/413 477/477/477
f 412/412/412 477/477/477 476/476/476
f 413/413/413 414/414/414 478/478/478
f 413/413/413 478/478/478 477/477/477
f 414/414/414 415/415/415 479/479/479
f 414/414/414 479/479/479 478/478/478
f 415/415/415 416/416/416 480/480/480
f 415/415/415 480/480/480 479/479/479
f 416/416/416 417/417/417 481/481/481
f 416/416/416 481/481/481 480/480/480
f 417/417/417 418/418/418 482/482/482
f 417/417/417 482/482/482 481/481/481
f 418/418/418 419/419/419 483/483/483
f 418/418/418 483/483/483 482/482/482
f 419/419/419 420/420/420 484/484/484
f 419/419/419 484/484/484 483/483/483
f 420/420/420 421/421/421 485/485/485
f 420/420/420 485/485/485 484/484/484
f 421/421/421 422/422/422 486/486/486
f 421/421/421 486/486/486 485/485/485
f 422/422/422 423/423/423 487/487/487
f 422/422/422 487/487/487 486/486/486
f 423/423/423 424/424/424 488/488/488
f 423/423/423 488/488/488 487/487/487
f 424/424/424 425/425/425 489/489/489
f 424/424/424 489/489/489 488/488/488
f 425/425/425 426/426/426 490/490/490
f 425/425/425 490/490/490 489/489/489
f 426/426/426 427/427/427 491/491/491
f 426/426/426 491/491/491 490/490/490
f 427/427/427 428/428/428 492/492/492
f 427/427/427 492/492/492 491/491/491
f 428/428/428 429/429/429 493/493/493
f 428/428/428 493/493/493 492/492/492
f 429/429/429 430/430/430 494/494/494
f 429/429/429 494/494/494 493/493/493
f 430/430/430 431/431/431 495/495/495
f 430/430/430 495/495/495 494/494/494
f 431/431/431 432/432/432 496/496/496
f 431/431/431 496/496/496 495/495/495
f 432/432/432 433/433/433 497/497/497
f 432/432/432 497/497/497 496/496/496
f 433/433/433 434/434/434 498/498/498
f 433/433/433 498/498/498 497/497/497
f 434/434/434 435/435/435 499/499/499
f 434/434/434 499/499/499 498/498/498
f 435/435/435 436/436/436 500/500/500
f 435/435/435 500/500/500 499/499/499
f 436/436/436 437/437/437 501/501/501
f 436/436/436 501/501/501 500/500/500
f 437/437/437 438/438/438 502/502/502
f 437/437/437 502/502/502 501/501/501
f 438/438/438 439/439/439 503/503/503
f 438/438/438 503/503/503 502/502/502
f 439/439/439 440/440/440 504/504/504
f 439/439/439 504/504/504 503/503/503
f 440/440/440 441/441/441 505/505/505
f 440/440/440 505/505/505 504/504/504
f 441/441/441 442/442/442 506/506/506
f 441/441/441 506/506/506 505/505/505
f 442/442/442 443/443/443 507/507/507
f 442/442/442 507/507/507 506/506/506
f 443/443/443 444/444/444 508/508/508
f 443/443/443 508/508/508 507/507/507
f 444/444/444 445/445/445 509/509/509
f 444/444/444 509/509/509 508/508/508
f 445/445/445 446/446/446 510/510/510
f 445/445/445 510/510/510 509/509/509
f 446/446/446 447/447/447 511/511/511
f 446/446/446 511/511/511 510/510/510
f 447/447/447 448/448/448 512/512/512
f 447/447/447 512/512/512 511/511/511
f 448/448/448 449/449/449 513/513/513
f 448/448/448 513/513/513 512/512/512
f 449/449/449 387/387/387 451/451/451
f 449/449/449 451/451/451 513/513/513
f 451/451/451 450/450/450 514/514/514
f 451/451/451 514/514/514 515/515/515
f 450/450/450 452/452/452 516/516/516
f 450/450/450 516/516/516 514/514/514
f 452/452/452 453/453/453 517/517/517
f 452/452/452 517/517/517 516/516/516
f 453/453/453 454/454/454 518/518/518
f 453/453/453 518/518/518 517/517/517
f 454/454/454 455/455/455 519/519/519
f 454/454/454 519/519/519 518/518/518
f 455/455/455 456/456/456 520/520/520
f 455/455/455 520/520/520 519/519/519
f 456/456/456 457/457/457 521/521/521
f 456/456/456 521/521/521 520/520/520
f 457/457/457 458/458/458 522/522/522
f 457/457/457 522/522/522 521/521/521
f 458/458/458 459/459/459 523/523/523
f 458/458/458 523/523/523 522/522/522
f 459/459/459 460/460/460 524/524/524
f 459/459/459 524/524/524 523/523/523
f 460/460/460 461/461/461 525/525/525
f 460/460/460 525/525/525 524/524/524
f 461/461/461 462/462/462 526/526/526
f 461/461/461 526/526/526 525/525/525
f 462/462/462 463/463/463 527/527/527
f 462/462/462 527/527/527 526/526/526
f 463/463/463 464/464/464 528/528/528
f 463/463/463 528/528/528 527/527/527
f 464/464/464 465/465/465 529/529/529
f 464/464/464 529/529/529 528/528/528
f 465/465/465 466/466/466 530/530/530
f 465/465/465 530/530/530 529/529/529
f 466/466/466 467/467/467 531/531/531
f 466/466/466 531/531/531 530/530/530
f 467/467/467 468/468/468 532/532/532
f 467/467/467 532/532/532 531/531/531
f 468/468/468 469/469/469 533/533/533
f 468/468/468 533/533/533 532/532/532
f 469/469/469 470/470/470 534/534/534
f 469/469/469 534/534/534 533/533/533
f 470/470/470 471/471/471 535/535/535
f 470/470/470 535/535/535 534/534/534
f 471/471/471 472/472/472 536/536/536
f 471/471/471 536/536/536 535/535/535
f 472/472/472 473/473/473 537/537/537
f 472/472/472 537/537/537 536/536/536
f 473/473/473 474/474/474 538/538/538
f 473/473/473 538/538/538 537/537/537
f 474/474/474 475/475/475 539/539/539
f 474/474/474 539/539/539 538/538/538
f 475/475/475 476/476/476 540/540/540
f 475/475/475 540/540/540 539/539/539
f 476/476/476 477/477/477 541/541/541
f 476/476/476 541/541/541 540/540/540
f 477/477/477 478/478/478 542/542/542
f 477/477/477 542/542/542 541/541/541
f 478/478/478 479/479/479 543/543/543
f 478/478/478 543/543/543 542/542/542
f 479/479/479 480/480/480 544/544/544
f 479/479/479 544/544/544 543/543/543
f 480/480/480 481/481/481 545/545/545
f 480/480/480 545/545/545 544/544/544
f 481/481/481 482/482/482 546/546/546
f 481/481/481 546/546/546 545/545/545
f 482/482/482 483/483/483 547/547/547
f 482/482/482 547/547/547 546/546/546
f 483/483/483 484/484/484 548/548/548
f 483/483/483 548/548/548 547/547/547
f 484/484/484 485/485/485 549/549/549
f 484/484/484 549/549/549 548/548/548
f 485/485/485 486/486/486 550/550/550
f 485/485/485 550/550/550 549/549/549
f 486/486/486 487/487/487 551/551/551
f 486/486/486 551/551/551 550/550/550
f 487/487/487 488/488/488 552/552/552
f 487/487/487 552/552/552 551/551/551
f 488/488/488 489/489/489 553/553/553
f 488/488/488 553/553/553 552/552/552
f 489/489/489 490/490/490 554/554/554
f 489/489/489 554/554/554 553/553/553
f 490/490/490 491/491/491 555/555/555
f 490/490/490 555/555/555 554/554/554
f 491/491/491 492/492/492 556/556/556
f 491/491/491 556/556/556 555/555/555
f 492/492/492 493/493/493 557/557/557
f 492/492/492 557/557/557 556/556/556
f 493/493/493 494/494/494 558/558/558
f 493/493/493 558/558/558 557/557/557
f 494/494/494 495/495/495 559/559/559
f 494/494/494 559/559/559 558/558/558
f 495/495/495 496/496/496 560/560/560
f 495/495/495 560/560/560 559/559/559
f 496/496/496 497/497/497 561/561/561
f 496/496/496 561/561/561 560/560/560
f 497/497/497 498/498/498 562/562/562
f 497/497/497 562/562/562 561/561/561
f 498/498/498 499/499/499 563/563/563
f 498/498/498 563/563/563 562/562/562
f 499/499/499 500/500/500 564/564/564
f 499/499/499 564/564/564 563/563/563
f 500/500/500 501/501/501 565/565/565
f 500/500/500 565/565/565 564/564/564
f 501/501/501 502/502/502 566/566/566
f 501/501/501 566/566/566 565/565/565
f 502/502/502 503/503/503 567/567/567
f 502/502/502 567/567/567 566/566/566
f 503/503/503 504/504/504 568/568/568
f 503/503/503 568/568/568 567/567/567
f 504/504/504 505/505/505 569/569/569
f 504/504/504 569/569/569 568/568/568
f 505/505/505 506/506/506 570/570/570
f 505/505/505 570/570/570 569/569/569
f 506/506/506 507/507/507 571/571/571
f 506/506/506 571/571/571 570/570/570
f 507/507/507 508/508/508 572/572/572
f 507/507/507 572/572/572 571/571/571
f 508/508/508 509/509/509 573/573/573
f 508/508/508 573/573/573 572/572/572
f 509/509/509 510/510/510 574/574/574
f 509/509/509 574/574/574 573/573/573
f 510/510/510 511/511/511 575/575/575
f 510/510/510 575/575/575 574/574/574
f 511/511/511 512/512/512 576/576/576
f 511/511/511 576/576/576 575/575/575
f 512/512/512 513/513/513 577/577/577
f 512/512/512 577/577/577 576/576/576
f 513/513/513 451/451/451 515/515/515
f 513/513/513 515/515/515 577/577/577
f 515/515/515 514/514/514 578/578/578
f 515/515/515 578/578/578 579/579/579
f 514/514/514 516/516/516 580/580/580
f 514/514/514 580/580/580 578/578/578
f 516/516/516 517/517/517 581/581/581
f 516/516/516 581/581/581 580/580/580
f 517/517/517 518/518/518 582/582/582
f 517/517/517 582/582/582 581/581/581
f 518/518/518 519/519/519 583/583/583
f 518/518/518 583/583/583 582/582/582
f 519/519/519 520/520/520 584/584/584
f 519/519/519 584/584/584 583/583/583
f 520/520/520 521/521/521 585/585/585
f 520/520/520 585/585/585 584/584/584
f 521/521/521 522/522/522 586/586/586
f 521/521/521 586/586/586 585/585/585
f 522/522/522 523/523/523 587/587/587
f 522/522/522 587/587/587 586/586/586
f 523/523/523 524/524/524 588/588/588
f 523/523/523 588/588/588 587/587/587
f 524/524/524 525/525/525 589/589/589
f 524/524/524 589/589/589 588/588/588
f 525/525/525 526/526/526 590/590/590
f 525/525/525 590/590/590 589/589/589
f 526/526/526 527/527/527 591/591/591
f 526/526/526 591/591/591 590/590/590
f 527/527/527 528/528/528 592/592/592
f 527/527/527 592/592/592 591/591/591
f 528/528/528 529/529/529 593/593/593
f 528/528/528 593/593/593 592/592/592
f 529/529/529 530/530/530 594/594/594
f 529/529/529 594/594/594 593/593/593
f 530/530/530 531/531/531 595/595/595
f 530/530/530 595/595/595 594/594/594
f 531/531/531 532/532/532 596/596/596
f 531/531/531 596/596/596 595/595/595
f 532/532/532 533/533/533 597/597/597
f 532/532/532 597/597/597 596/596/596
f 533/533/533 534/534/534 598/598/598
f 533/533/533 598/598/598 597/597/597
f 534/534/534 535/535/535 599/599/599
f 534/534/534 599/599/599 598/598/598
f 535/535/535 536/536/536 600/600/600
f 535/535/535 600/600/600 599/599/599
f 536/536/536 537/537/537 601/601/601
f 536/536/536 601/601/601 600/600/600
f 537/537/537 538/538/538 602/602/602
f 537/537/537 602/602/602 601/601/601
f 538/538/538 539/539/539 603/603/603
f 538/538/538 603/603/603 602/602/602
f 539/539/539 540/540/540 604/604/604
f 539/539/539 604/604/604 603/603/603
f 540/540/540 541/541/541 605/605/605
f 540/540/540 605/605/605 604/604/604
f 541/541/541 542/542/542 606/606/606
f 541/541/541 606/606/606 605/605/605
f 542/542/542 543/543/543 607/607/607
f 542/542/542 607/607/607 606/606/606
f 543/543/543 544/544/544 608/608/608
f 543/543/543 608/608/608 607/607/607
f 544/544/544 545/545/545 609/609/609
f 544/544/544 609/609/609 608/608/608
f 545/545/545 546/546/546 610/610/610
f 545/545/545 610/610/610 609/609/609
f 546/546/546 547/547/547 611/611/611
f 546/546/546 611/611/611 610/610/610
f 547/547/547 548/548/548 612/612/612
f 547/547/547 612/612/612 611/611/611
f 548/548/548 549/549/549 613/613/613
f 548/548/548 613/613/613 612/612/612
f 549/549/549 550/550/550 614/614/614
f 549/549/549 614/614/614 613/613/613
f 550/550/550 551/551/551 615/615/615
f 550/550/550 615/615/615 614/614/614
f 551/551/551 552/552/552 616/616/616
f 551/551/551 616/616/616 615/615/615
f 552/552/552 553/553/553 617/617/617
f 552/552/552 617/617/617 616/616/616
f 553/553/553 554/554/554 618/618/618
f 553/553/553 618/618/618 617/617/617
f 554/554/554 555/555/555 619/619/619
f 554/554/554 619/619/619 618/618/618
f 555/555/555 556/556/556 620/620/620
f 555/555/555 620/620/620 619/619/619
f 556/556/556 557/557/557 621/621/621
f 556/556/556 621/621/621 620/620/620
f 557/557/557 558/558/558 622/622/622
f 557/557/557 622/622/622 621/621/621
f 558/558/558 559/559/559 623/623/623
f 558/558/558 623/623/623 622/622/622
f 559/559/559 560/560/560 624/624/624
f 559/559/559 624/624/624 623/623/623
f 560/560/560 561/561/561 625/625/625
f 560/560/560 625/625/625 624/624/624
f 561/561/561 562/562/562 626/626/626
f 561/561/561 626/626/626 625/625/625
f 562/562/562 563/563/563 627/627/627
f 562/562/562 627/627/627 626/626/626
f 563/563/563 564/564/564 628/628/628
f 563/563/563 628/628/628 627/627/627
f 564/564/564 565/565/565 629/629/629
f 564/564/564 629/629/629 628/628/628
f 565/565/565 566/566/566 630/630/630
f 565/565/565 630/630/630 629/629/629
f 566/566/566 567/567/567 631/631/631
f 566/566/566 631/631/631 630/630/630
f 567/567/567 568/568/568 632/632/632
f 567/567/567 632/632/632 631/631/631
f 568/568/568 569/569/569 633/633/633
f 568/568/568 633/633/633 632/632/632
f 569/569/569 570/570/570 634/634/634
f 569/569/569 634/634/634 633/633/633
f 570/570/570 571/571/571 635/635/635
f 570/570/570 635/635/635 634/634/634
f 571/571/571 572/572/572 636/636/636
f 571/571/571 636/636/636 635/635/635
f 572/572/572 573/573/573 637/637/637
f 572/572/572 637/637/637 636/636/636
f 573/573/573 574/574/574 638/638/638
f 573/573/573 638/638/638 637/637/637
f 574/574/574 575/575/575 639/639/639
f 574/574/574 639/639/639 638/638/638
f 575/575/575 576/576/576 640/640/640
f 575/575/575 640/640/640 639/639/639
f 576/576/576 577/577/577 641/641/641
f 576/576/576 641/641/641 640/640/640
f 577/577/577 515/515/515 579/579/579
f 577/577/577 579/579/579 641/641/641
f 579/579/579 578/578/578 642/642/642
f 579/579/579 642/642/642 643/643/643
f 578/578/578 580/580/580 644/644/644
f 578/578/578 644/644/644 642/642/642
f 580/580/580 581/581/581 645/645/645
f 580/580/580 645/645/645 644/644/644
f 581/581/581 582/582/582 646/646/646
f 581/581/581 646/646/646 645/645/645
f 582/582/582 583/583/583 647/647/647
f 582/582/582 647/647/647 646/646/646
f 583/583/583 584/584/584 648/648/648
f 583/583/583 648/648/648 647/647/647
f 584/584/584 585/585/585 649/649/649
f 584/584/584 649/649/649 648/648/648
f 585/585/585 586/586/586 650/650/650
f 585/585/585 650/650/650 649/649/649
f 586/586/586 587/587/587 651/651/651
f 586/586/586 651/651/651 650/650/650
f 587/587/587 588/588/588 652/652/652
f 587/587/587 652/652/652 651/651/651
f 588/588/588 589/589/589 653/653/653
f 588/588/588 653/653/653 652/652/652
f 589/589/589 590/590/590 654/654/654
f 589/589/589 654/654/654 653/653/653
f 590/590/590 591/591/591 655/655/655
f 590/590/590 655/655/655 654/654/654
f 591/591/591 592/592/592 656/656/656
f 591/591/591 656/656/656 655/655/655
f 592/592/592 593/593/593 657/657/657
f 592/592/592 657/657/657 656/656/656
f 593/593/593 594/594/594 658/658/658
f 593/593/593 658/658/658 657/657/657
f 594/594/594 595/595/595 659/659/659
f 594/594/594 659/659/659 658/658/658
f 595/595/595 596/596/596 660/660/660
f 595/595/595 660/660/660 659/659/659
f 596/596/596 597/597/597 661/661/661
f 596/596/596 661/661/661 660/660/660
f 597/597/597 598/598/598 662/662/662
f 597/597/597 662/662/662 661/661/661
f 598/598/598 599/599/599 663/663/663
f 598/598/598 663/663/663 662/662/662
f 599/599/599 600/600/600 664/664/664
f 599/599/599 664/664/664 663/663/663
f 600/600/600 601/601/601 665/665/665
f 600/600/600 665/665/665 664/664/664
f 601/601/601 602/602/602 666/666/666
f 601/601/601 666/666/666 665/665/665
f 602/602/602 603/603/603 667/667/667
f 602/602/602 667/667/667 666/666/666
f 603/603/603 604/604/604 668/668/668
f 603/603/603 668/668/668 667/667/667
f 604/604/604 605/605/605 669/669/669
f 604/604/604 669/669/669 668/668/668
f 605/605/605 606/606/606 670/670/670
f 605/605/605 670/670/670 669/669/669
f 606/606/606 607/607/607 671/671/671
f 606/606/606 671/671/671 670/670/670
f 607/607/607 608/608/608 672/672/672
f 607/607/607 672/672/672 671/671/671
f 608/608/608 609/609/609 673/673/673
f 608/608/608 673/673/673 672/672/672
f 609/609/609 610/610/610 674/674/674
f 609/609/609 674/674/674 673/673/673
f 610/610/610 611/611/611 675/675/675
f 610/610/610 675/675/675 674/674/674
f 611/611/611 612/612/612 676/676/676
f 611/611/611 676/676/676 675/675/675
f 612/612/612 613/613/613 677/677/677
f 612/612/612 677/677/677 676/676/676
f 613/613/613 614/614/614 678/678/678
f 613/613/613 678/678/678 677/677/677
f 614/614/614 615/615/615 679/679/679
f 614/614/614 679/679/679 678/678/678
f 615/615/615 616/616/616 680/680/680
f 615/615/615 680/680/680 679/679/679
f 616/616/616 617/617/617 681/681/681
f 616/616/616 681/681/681 680/680/680
f 617/617/617 618/618/618 682/682/682
f 617/617/617 682/682/682 681/681/681
f 618/618/618 619/619/619 683/683/683
f 618/618/618 683/683/683 682/682/682
f 619/619/619 620/620/620 684/684/684
f 619/619/619 684/684/684 683/683/683
f 620/620/620 621/621/621 685/685/685
f 620/620/620 685/685/685 684/684/684
f 621/621/621 622/622/622 686/686/686
f 621/621/621 686/686/686 685/685/685
f 622/622/622 623/623/623 687/687/687
f 622/622/622 687/687/687 686/686/686
f 623/623/623 624/624/624 688/688/688
f 623/623/623 688/688/688 687/687/687
f 624/624/624 625/625/625 689/689/689
f 624/624/624 689/689/689 688/688/688
f 625/625/625 626/626/626 690/690/690
f 625/625/625 690/690/690 689/689/689
f 626/626/626 627/627/627 691/691/691
f 626/626/626 691/691/691 690/690/690
f 627/627/627 628/628/628 692/692/692
f 627/627/627 692/692/692 691/691/691
f 628/628/628 629/629/629 693/693/693
f 628/628/628 693/693/693 692/692/692
f 629/629/629 630/630/630 694/694/694
f 629/629/629 694/694/694 693/693/693
f 630/630/630 631/631/631 695/695/695
f 630/630/630 695/695/695 694/694/694
f 631/631/631 632/632/632 696/696/696
f 631/631/631 696/696/696 695/695/695
f 632/632/632 633/633/633 697/697/697
f 632/632/632 697/697/697 696/696/696
f 633/633/633 634/634/634 698/698/698
f 633/633/633 698/698/698 697/697/697
f 634/634/634 635/635/635 699/699/699
f 634/634/634 699/699/699 698/698/698
f 635/635/635 636/636/636 700/700/700
f 635/635/635 700/700/700 699/699/699
f 636/636/636 637/637/637 701/701/701
f 636/636/636 701/701/701 700/700/700
f 637/637/637 638/638/638 702/702/702
f 637/637/637 702/702/702 701/701/701
f 638/638/638 639/639/639 703/703/703
f 638/638/638 703/703/703 702/702/702
f 639/639/639 640/640/640 704/704/704
f 639/639/639 704/704/704 703/703/703
f 640/640/640 641/641/641 705/705/705
f 640/640/640 705/705/705 704/704/704
f 641/641/641 579/579/579 643/643/643
f 641/641/641 643/643/643 705/705/705
f 643/643/643 642/642/642 706/706/706
f 643/643/643 706/706/706 707/707/707
f 642/642/642 644/644/644 708/708/708
f 642/642/642 708/708/708 706/706/706
f 644/644/644 645/645/645 709/709/709
f 644/644/644 709/709/709 708/708/708
f 645/645/645 646/646/646 710/710/710
f 645/645/645 710/710/710 709/709/709
f 646/646/646 647/647/647 711/711/711
f 646/646/646 711/711/711 710/710/710
f 647/647/647 648/648/648 712/712/712
f 647/647/647 712/712/712 711/711/711
f 648/648/648 649/649/649 713/713/713
f 648/648/648 713/713/713 712/712/712
f 649/649/649 650/650/650 714/714/714
f 649/649/649 714/714/714 713/713/713
f 650/650/650 651/651/651 715/715/715
f 650/650/650 715/715/715 714/714/714
f 651/651/651 652/652/652 716/716/716
f 651/651/651 716/716/716 715/715/715
f 652/652/652 653/653/653 717/717/717
f 652/652/652 717/717/717 716/716/716
f 653/653/653 654/654/654 718/718/718
f 653/653/653 718/718/718 717/717/717
f 654/654/654 655/655/655 719/719/719
f 654/654/654 719/719/719 718/718/718
f 655/655/655 656/656/656 720/720/720
f 655/655/655 720/720/720 719/719/719
f 656/656/656 657/657/657 721/721/721
f 656/656/656 721/721/721 720/720/720
f 657/657/657 658/658/658 722/722/722
f 657/657/657 722/722/722 721/721/721
f 658/658/658 659/659/659 723/723/723
f 658/658/658 723/723/723 722/722/722
f 659/659/659 660/660/660 724/724/724
f 659/659/659 724/724/724 723/723/723
f 660/660/660 661/661/661 725/725/725
f 660/660/660 725/725/725 724/724/724
f 661/661/661 662/662/662 726/726/726
f 661/661/661 726/726/726 725/725/725
f 662/662/662 663/663/663 727/727/727
f 662/662/662 727/727/727 726/726/726
f 663/663/663 664/664/664 728/728/728
f 663/663/663 728/728/728 727/727/727
f 664/664/664 665/665/665 729/729/729
f 664/664/664 729/729/729 728/728/728
f 665/665/665 666/666/666 730/730/730
f 665/665/665 730/730/730 729/729/729
f 666/666/666 667/667/667 731/731/731
f 666/666/666 731/731/731 730/730/730
f 667/667/667 668/668/668 732/732/732
f 667/667/667 732/732/732 731/731/731
f 668/668/668 669/669/669 733/733/733
f 668/668/668 733/733/733 732/732/732
f 669/669/669 670/670/670 734/734/734
f 669/669/669 734/734/734 733/733/733
f 670/670/670 671/671/671 735/735/735
f 670/670/670 735/735/735 734/734/734
f 671/671/671 672/672/672 736/736/736
f 671/671/671 736/736/736 735/735/735
f 672/672/672 673/673/673 737/737/737
f 672/672/672 737/737/737 736/736/736
f 673/673/673 674/674/674 738/738/738
f 673/673/673 738/738/738 737/737/737
f 674/674/674 675/675/675 739/739/739
f 674/674/674 739/739/739 738/738/738
f 675/675/675 676/676/676 740/740/740
f 675/675/675 740/740/740 739/739/739
f 676/676/676 677/677/677 741/741/741
f 676/676/676 741/741/741 740/740/740
f 677/677/677 678/678/678 742/742/742
f 677/677/677 742/742/742 741/741/741
f 678/678/678 679/679/679 743/743/743
f 678/678/678 743/743/743 742/742/742
f 679/679/679 680/680/680 744/744/744
f 679/679/679 744/744/744 743/743/743
f 680/680/680 681/681/681 745/745/745
f 680/680/680 745/745/745 744/744/744
f 681/681/681 682/682/682 746/746/746
f 681/681/681 746/746/746 745/745/745
f 682/682/682 683/683/683 747/747/747
f 682/682/682 747/747/747 746/746/746
f 683/683/683 684/684/684 748/748/748
f 683/683/683 748/748/748 747/747/747
f 684/684/684 685/685/685 749/749/749
f 684/684/684 749/749/749 748/748/748
f 685/685/685 686/686/686 750/750/750
f 685/685/685 750/750/750 749/749/749
f 686/686/686 687/687/687 751/751/751
f 686/686/686 751/751/751 750/750/750
f 687/687/687 688/688/688 752/752/752
f 687/687/687 752/752/752 751/751/751
f 688/688/688 689/689/689 753/753/753
f 688/688/688 753/753/753 752/752/752
f 689/689/689 690/690/690 754/754/754
f 689/689/689 754/754/754 753/753/753
f 690/690/690 691/691/691 755/755/755
f 690/690/690 755/755/755 754/754/754
f 691/691/691 692/692/692 756/756/756
f 691/691/691 756/756/756 755/755/755
f 692/692/692 693/693/693 757/757/757
f 692/692/692 757/757/757 756/756/756
f 693/693/693 694/694/694 758/758/758
f 693/693/693 758/758/758 757/757/757
f 694/694/694 695/695/695 759/759/759
f 694/694/694 759/759/759 758/758/758
f 695/695/695 696/696/696 760/760/760
f 695/695/695 760/760/760 759/759/759
f 696/696/696 697/697/697 761/761/761
f 696/696/696 761/761/761 760/760/760
f 697/697/697 698/698/698 762/762/762
f 697/697/697 762/762/762 761/761/761
f 698/698/698 699/699/699 763/763/763
f 698/698/698 763/763/763 762/762/762
f 699/699/699 700/700/700 764/764/764
f 699/699/699 764/764/764 763/763/763
f 700/700/700 701/701/701 765/765/765
f 700/700/700 765/765/765 764/764/764
f 701/701/701 702/702/702 766/766/766
f 701/701/701 766/766/766 765/765/765
f 702/702/702 703/703/703 767/767/767
f 702/702/702 767/767/767 766/766/766
f 703/703/703 704/704/704 768/768/768
f 703/703/703 768/768/768 767/767/767
f 704/704/704 705/705/705 769/769/769
f 704/704/704 769/769/769 768/768/768
f 705/705/705 643/643/643 707/707/707
f 705/705/705 707/707/707 769/769/769
f 707/707/707 706/706/706 770/770/770
f 707/707/707 770/770/770 771/771/771
f 706/706/706 708/708/708 772/772/772
f 706/706/706 772/772/772 770/770/770
f 708/708/708 709/709/709 773/773/773
f 708/708/708 773/773/773 772/772/772
f 709/709/709 710/710/710 774/774/774
f 709/709/709 774/774/774 773/773/773
f 710/710/710 711/711/711 775/775/775
f 710/710/710 775/775/775 774/774/774
f 711/711/711 712/712/712 776/776/776
f 711/711/711 776/776/776 775/775/775
f 712/712/712 713/713/713 777/777/777
f 712/712/712 777/777/777 776/776/776
f 713/713/713 714/714/714 778/778/778
f 713/713/713 778/778/778 777/777/777
f 714/714/714 715/715/715 779/779/779
f 714/714/714 779/779/779 778/778/778
f 715/715/715 716/716/716 780/780/780
f 715/715/715 780/780/780 779/779/779
f 716/716/716 717/717/717 781/781/781
f 716/716/716 781/781/781 780/780/780
f 717/717/717 718/718/718 782/782/782
f 717/717/717 782/782/782 781/781/781
f 718/718/718 719/719/719 783/783/783
f 718/718/718 783/783/783 782/782/782
f 719/719/719 720/720/720 784/784/784
f 719/719/719 784/784/784 783/783/783
f 720/720/720 721/721/721 785/785/785
f 720/720/720 785/785/785 784/784/784
f 721/721/721 722/722/722 786/786/786
f 721/721/721 786/786/786 785/785/785
f 722/722/722 723/723/723 787/787/787
f 722/722/722 787/787/787 786/786/786
f 723/723/723 724/724/724 788/788/788
f 723/723/723 788/788/788 787/787/787
f 724/724/724 725/725/725 789/789/789
f 724/724/724 789/789/789 788/788/788
f 725/725/725 726/726/726 790/790/790
f 725/725/725 790/790/790 789/789/789
f 726/726/726 727/727/727 791/791/791
f 726/726/726 791/791/791 790/790/790
f 727/727/727 728/728/728 792/792/792
f 727/727/727 792/792/792 791/791/791
f 728/728/728 729/729/729 793/793/793
f 728/728/728 793/793/793 792/792/792
f 729/729/729 730/730/730 794/794/794
f 729/729/729 794/794/794 793/793/793
f 730/730/730 731/731/731 795/795/795
f 730/730/730 795/795/795 794/794/794
f 731/731/731 732/732/732 796/796/796
f 731/731/731 796/796/796 795/795/795
f 732/732/732 733/733/733 797/797/797
f 732/732/732 797/797/797 796/796/796
f 733/733/733 734/734/734 798/798/798
f 733/733/733 798/798/798 797/797/797
f 734/734/734 735/735/735 799/799/799
f 734/734/734 799/799/799 798/798/798
f 735/735/735 736/736/736 800/800/800
f 735/735/735 800/800/800 799/799/799
f 736/736/736 737/737/737 801/801/801
f 736/736/736 801/801/801 800/800/800
f 737/737/737 738/738/738 802/802/802
f 737/737/737 802/802/802 801/801/801
f 738/738/738 739/739/739 803/803/803
f 738/738/738 803/803/803 802/802/802
f 739/739/739 740/740/740 804/804/804
f 739/739/739 804/804/804 803/803/803
f 740/740/740 741/741/741 805/805/805
f 740/740/740 805/805/805 804/804/804
f 741/741/741 742/742/742 806/806/806
f 741/741/741 806/806/806 805/805/805
f 742/742/742 743/743/743 807/807/807
f 742/742/742 807/807/807 806/806/806
f 743/743/743 744/744/744 808/808/808
f 743/743/743 808/808/808 807/807/807
f 744/744/744 745/745/745 809/809/809
f 744/744/744 809/809/809 808/808/808
f 745/745/745 746/746/746 810/810/810
f 745/745/745 810/810/810 809/809/809
f 746/746/746 747/747/747 811/811/811
f 746/746/746 811/811/811 810/810/810
f 747/747/747 748/748/748 812/812/812
f 747/747/747 812/812/812 811/811/811
f 748/748/748 749/749/749 813/813/813
f 748/748/748 813/813/813 812/812/812
f 749/749/749 750/750/750 814/814/814
f 749/749/749 814/814/814 813/813/813
f 750/750/750 751/751/751 815/815/815
f 750/750/750 815/815/815 814/814/814
f 751/751/751 752/752/752 816/816/816
f 751/751/751 816/816/816 815/815/815
f 752/752/752 753/753/753 817/817/817
f 752/752/752 817/817/817 816/816/816
f 753/753/753 754/754/754 818/818/818
f 753/753/753 818/818/818 817/817/817
f 754/754/754 755/755/755 819/819/819
f 754/754/754 819/819/819 818/818/818
f 755/755/755 756/756/756 820/820/820
f 755/755/755 820/820/820 819/819/819
f 756/756/756 757/757/757 821/821/821
f 756/756/756 821/821/821 820/820/820
f 757/757/757 758/758/758 822/822/822
f 757/757/757 822/822/822 821/821/821
f 758/758/758 759/759/759 823/823/823
f 758/758/758 823/823/823 822/822/822
f 759/759/759 760/760/760 824/824/824
f 759/759/759 824/824/824 823/823/823
f 760/760/760 761/761/761 825/825/825
f 760/760/760 825/825/825 824/824/824
f 761/761/761 762/762/762 826/826/826
f 761/761/761 826/826/826 825/825/825
f 762/762/762 763/763/763 827/827/827
f 762/762/762 827/827/827 826/826/826
f 763/763/763 764/764/764 828/828/828
f 763/763/763 828/828/828 827/827/827
f 764/764/764 765/765/765 829/829/829
f 764/764/764 829/829/829 828/828/828
f 765/765/765 766/766/766 830/830/830
f 765/765/765 830/830/830 829/829/829
f 766/766/766 767/767/767 831/831/831
f 766/766/766 831/831/831 830/830/830
f 767/767/767 768/768/768 832/832/832
f 767/767/767 832/832/832 831/831/831
f 768/768/768 769/769/769 833/833/833
f 768/768/768 833/833/833 832/832/832
f 769/769/769 707/707/707 771/771/771
f 769/769/769 771/771/771 833/833/833
f 771/771/771 770/770/770 834/834/834
f 771/771/771 834/834/834 835/835/835
f 770/770/770 772/772/772 836/836/836
f 770/770/770 836/836/836 834/834/834
f 772/772/772 773/773/773 837/837/837
f 772/772/772 837/837/837 836/836/836
f 773/773/773 774/774/774 838/838/838
f 773/773/773 838/838/838 837/837/837
f 774/774/774 775/775/775 839/839/839
f 774/774/774 839/839/839 838/838/838
f 775/775/775 776/776/776 840/840/840
f 775/775/775 840/840/840 839/839/839
f 776/776/776 777/777/777 841/841/841
f 776/776/776 841/841/841 840/840/840
f 777/777/777 778/778/778 842/842/842
f 777/777/777 842/842/842 841/841/841
f 778/778/778 779/779/779 843/843/843
f 778/778/778 843/843/843 842/842/842
f 779/779/779 780/780/780 844/844/844
f 779/779/779 844/844/844 843/843/843
f 780/780/780 781/781/781 845/845/845
f 780/780/780 845/845/845 844/844/844
f 781/781/781 782/782/782 846/846/846
f 781/781/781 846/846/846 845/845/845
f 782/782/782 783/783/783 847/847/847
f 782/782/782 847/847/847 846/846/846
f 783/783/783 784/784/784 848/848/848
f 783/783/783 848/848/848 847/847/847
f 784/784/784 785/785/785 849/849/849
f 784/784/784 849/849/849 848/848/848
f 785/785/785 786/786/786 850/850/850
f 785/785/785 850/850/850 849/849/849
f 786/786/786 787/787/787 851/851/851
f 786/786/786 851/851/851 850/850/850
f 787/787/787 788/788/788 852/852/852
f 787/787/787 852/852/852 851/851/851
f 788/788/788 789/789/789 853/853/853
f 788/788/788 853/853/853 852/852/852
f 789/789/789 790/790/790 854/854/854
f 789/789/789 854/854/854 853/853/853
f 790/790/790 791/791/791 855/855/855
f 790/790/790 855/855/855 854/854/854
f 791/791/791 792/792/792 856/856/856
f 791/791/791 856/856/856 855/855/855
f 792/792/792 793/793/793 857/857/857
f 792/792/792 857/857/857 856/856/856
f 793/793/793 794/794/794 858/858/858
f 793/793/793 858/858/858 857/857/857
f 794/794/794 795/795/795 859/859/859
f 794/794/794 859/859/859 858/858/858
f 795/795/795 796/796/796 860/860/860
f 795/795/795 860/860/860 859/859/859
f 796/796/796 797/797/797 861/861/861
f 796/796/796 861/861/861 860/860/860
f 797/797/797 798/798/798 862/862/862
f 797/797/797 862/862/862 861/861/861
f 798/798/798 799/799/799 863/863/863
f 798/798/798 863/863/863 862/862/862
f 799/799/799 800/800/800 864/864/864
f 799/799/799 864/864/864 863/863/863
f 800/800/800 801/801/801 865/865/865
f 800/800/800 865/865/865 864/864/864
f 801/801/801 802/802/802 866/866/866
f 801/801/801 866/866/866 865/865/865
f 802/802/802 803/803/803 867/867/867
f 802/802/802 867/867/867 866/866/866
f 803/803/803 804/804/804 868/868/868
f 803/803/803 868/868/868 867/867/867
f 804/804/804 805/805/805 869/869/869
f 804/804/804 869/869/869 868/868/868
f 805/805/805 806/806/806 870/870/870
f 805/805/805 870/870/870 869/869/869
f 806/806/806 807/807/807 871/871/871
f 806/806/806 871/871/871 870/870/870
f 807/807/807 808/808/808 872/872/872
f 807/807/807 872/872/872 871/871/871
f 808/808/808 809/809/809 873/873/873
f 808/808/808 873/873/873 872/872/872
f 809/809/809 810/810/810 874/874/874
f 809/809/809 874/874/874 873/873/873
f 810/810/810 811/811/811 875/875/875
f 810/810/810 875/875/875 874/874/874
f 811/811/811 812/812/812 876/876/876
f 811/811/811 876/876/876 875/875/875
f 812/812/812 813/813/813 877/877/877
f 812/812/812 877/877/877 876/876/876
f 813/813/813 814/814/814 878/878/878
f 813/813/813 878/878/878 877/877/877
f 814/814/814 815/815/815 879/879/879
f 814/814/814 879/879/879 878/878/878
f 815/815/815 816/816/816 880/880/880
f 815/815/815 880/880/880 879/879/879
f 816/816/816 817/817/817 881/881/881
f 816/816/816 881/881/881 880/880/880
f 817/817/817 818/818/818 882/882/882
f 817/817/817 882/882/882 881/881/881
f 818/818/818 819/819/819 883/883/883
f 818/818/818 883/883/883 882/882/882
f 819/819/819 820/820/820 884/884/884
f 819/819/819 884/884/884 883/883/883
f 820/820/820 821/821/821 885/885/885
f 820/820/820 885/885/885 884/884/884
f 821/821/821 822/822/822 886/886/886
f 821/821/821 886/886/886 885/885/885
f 822/822/822 823/823/823 887/887/887
f 822/822/822 887/887/887 886/886/886
f 823/823/823 824/824/824 888/888/888
f 823/823/823 888/888/888 887/887/887
f 824/824/824 825/825/825 889/889/889
f 824/824/824 889/889/889 888/888/888
f 825/825/825 826/826/826 890/890/890
f 825/825/825 890/890/890 889/889/889
f 826/826/826 827/827/827 891/891/891
f 826/826/826 891/891/891 890/890/890
f 827/827/827 828/828/828 892/892/892
f 827/827/827 892/892/892 891/891/891
f 828/828/828 829/829/829 893/893/893
f 828/828/828 893/893/893 892/892/892
f 829/829/829 830/830/830 894/894/894
f 829/829/829 894/894/894 893/893/893
f 830/830/830 831/831/831 895/895/895
f 830/830/830 895/895/895 894/894/894
f 831/831/831 832/832/832 896/896/896
f 831/831/831 896/896/896 895/895/895
f 832/832/832 833/833/833 897/897/897
f 832/832/832 897/897/897 896/896/896
f 833/833/833 771/771/771 835/835/835
f 833/833/833 835/835/835 897/897/897
f 835/835/835 834/834/834 898/898/898
f 835/835/835 898/898/898 899/899/899
f 834/834/834 836/836/836 900/900/900
f 834/834/834 900/900/900 898/898/898
f 836/836/836 837/837/837 901/901/901
f 836/836/836 901/901/901 900/900/900
f 837/837/837 838/838/838 902/902/902
f 837/837/837 902/902/902 901/901/901
f 838/838/838 839/839/839 903/903/903
f 838/838/838 903/903/903 902/902/902
f 839/839/839 840/840/840 904/904/904
f 839/839/839 904/904/904 903/903/903
f 840/840/840 841/841/841 905/905/905
f 840/840/840 905/905/905 904/904/904
f 841/841/841 842/842/842 906/906/906
f 841/841/841 906/906/906 905/905/905
f 842/842/842 843/843/843 907/907/907
f 842/842/842 907/907/907 906/906/906
f 843/843/843 844/844/844 908/908/908
f 843/843/843 908/908/908 907/907/907
f 844/844/844 845/845/845 909/909/909
f 844/844/844 909/909/909 908/908/908
f 845/845/845 846/846/846 910/910/910
f 845/845/845 910/910/910 909/909/909
f 846/846/846 847/847/847 911/911/911
f 846/846/846 911/911/911 910/910/910
f 847/847/847 848/848/848 912/912/912
f 847/847/847 912/912/912 911/911/911
f 848/848/848 849/849/849 913/913/913
f 848/848/848 913/913/913 912/912/912
f 849/849/849 850/850/850 914/914/914
f 849/849/849 914/914/914 913/913/913
f 850/850/850 851/851/851 915/915/915
f 850/850/850 915/915/915 914/914/914
f 851/851/851 852/852/852 916/916/916
f 851/851/851 916/916/916 915/915/915
f 852/852/852 853/853/853 917/917/917
f 852/852/852 917/917/917 916/916/916
f 853/853/853 854/854/854 918/918/918
f 853/853/853 918/918/918 917/917/917
f 854/854/854 855/855/855 919/919/919
f 854/854/854 919/919/919 918/918/918
f 855/855/855 856/856/856 920/920/920
f 855/855/855 920/920/920 919/919/919
f 856/856/856 857/857/857 921/921/921
f 856/856/856 921/921/921 920/920/920
f 857/857/857 858/858/858 922/922/922
f 857/857/857 922/922/922 921/921/921
f 858/858/858 859/859/859 923/923/923
f 858/858/858 923/923/923 922/922/922
f 859/859/859 860/860/860 924/924/924
f 859/859/859 924/924/924 923/923/923
f 860/860/860 861/861/861 925/925/925
f 860/860/860 925/925/925 924/924/924
f 861/861/861 862/862/862 926/926/926
f 861/861/861 926/926/926 925/925/925
f 862/862/862 863/863/863 927/927/927
f 862/862/862 927/927/927 926/926/926
f 863/863/863 864/864/864 928/928/928
f 863/863/863 928/928/928 927/927/927
f 864/864/864 865/865/865 929/929/929
f 864/864/864 929/929/929 928/928/928
f 865/865/865 866/866/866 930/930/930
f 865/865/865 930/930/930 929/929/929
f 866/866/866 867/867/867 931/931/931
f 866/866/866 931/931/931 930/930/930
f 867/867/867 868/868/868 932/932/932
f 867/867/867 932/932/932 931/931/931
f 868/868/868 869/869/869 933/933/933
f 868/868/868 933/933/933 932/932/932
f 869/869/869 870/870/870 934/934/934
f 869/869/869 934/934/934 933/933/933
f 870/870/870 871/871/871 935/935/935
f 870/870/870 935/935/935 934/934/934
f 871/871/871 872/872/872 936/936/936
f 871/871/871 936/936/936 935/935/935
f 872/872/872 873/873/873 937/937/937
f 872/872/872 937/937/937 936/936/936
f 873/873/873 874/874/874 938/938/938
f 873/873/873 938/938/938 937/937/937
f 874/874/874 875/875/875 939/939/939
f 874/874/874 939/939/939 938/938/938
f 875/875/875 876/876/876 940/940/940
f 875/875/875 940/940/940 939/939/939
f 876/876/876 877/877/877 941/941/941
f 876/876/876 941/941/941 940/940/940
f 877/877/877 878/878/878 942/942/942
f 877/877/877 942/942/942 941/941/941
f 878/878/878 879/879/879 943/943/943
f 878/878/878 943/943/943 942/942/942
f 879/879/879 880/880/880 944/944/944
f 879/879/879 944/944/944 943/943/943
f 880/880/880 881/881/881 945/945/945
f 880/880/880 945/945/945 944/944/944
f 881/881/881 882/882/882 946/946/946
f 881/881/881 946/946/946 945/945/945
f 882/882/882 883/883/883 947/947/947
f 882/882/882 947/947/947 946/946/946
f 883/883/883 884/884/884 948/948/948
f 883/883/883 948/948/948 947/947/947
f 884/884/884 885/885/885 949/949/949
f 884/884/884 949/949/949 948/948/948
f 885/885/885 886/886/886 950/950/950
f 885/885/885 950/950/950 949/949/949
f 886/886/886 887/887/887 951/951/951
f 886/886/886 951/951/951 950/950/950
f 887/887/887 888/888/888 952/952/952
f 887/887/887 952/952/952 951/951/951
f 888/888/888 889/889/889 953/953/953
f 888/888/888 953/953/953 952/952/952
f 889/889/889 890/890/890 954/954/954
f 889/889/889 954/954/954 953/953/953
f 890/890/890 891/891/891 955/955/955
f 890/890/890 955/955/955 954/954/954
f 891/891/891 892/892/892 956/956/956
f 891/891/891 956/956/956 955/955/955
f 892/892/892 893/893/893 957/957/957
f 892/892/892 957/957/957 956/956/956
f 893/893/893 894/894/894 958/958/958
f 893/893/893 958/958/958 957/957/957
f 894/894/894 895/895/895 959/959/959
f 894/894/894 959/959/959 958/958/958
f 895/895/895 896/896/896 960/960/960
f 895/895/895 960/960/960 959/959/959
f 896/896/896 897/897/897 961/961/961
f 896/896/896 961/961/961 960/960/960
f 897/897/897 835/835/835 899/899/899
f 897/897/897 899/899/899 961/961/961
f 899/899/899 898/898/898 962/962/962
f 899/899/899 962/962/962 963/963/963
f 898/898/898 900/900/900 964/964/964
f 898/898/898 964/964/964 962/962/962
f 900/900/900 901/901/901 965/965/965
f 900/900/900 965/965/965 964/964/964
f 901/901/901 902/902/902 966/966/966
f 901/901/901 966/966/966 965/965/965
f 902/902/902 903/903/903 967/967/967
f 902/902/902 967/967/967 966/966/966
f 903/903/903 904/904/904 968/968/968
f 903/903/903 968/968/968 967/967/967
f 904/904/904 905/905/905 969/969/969
f 904/904/904 969/969/969 968/968/968
f 905/905/905 906/906/906 970/970/970
f 905/905/905 970/970/970 969/969/969
f 906/906/906 907/907/907 971/971/971
f 906/906/906 971/971/971 970/970/970
f 907/907/907 908/908/908 972/972/972
f 907/907/907 972/972/972 971/971/971
f 908/908/908 909/909/909 973/973/973
f 908/908/908 973/973/973 972/972/972
f 909/909/909 910/910/910 974/974/974
f 909/909/909 974/974/974 973/973/973
f 910/910/910 911/911/911 975/975/975
f 910/910/910 975/975/975 974/974/974
f 911/911/911 912/912/912 976/976/976
f 911/911/911 976/976/976 975/975/975
f 912/912/912 913/913/913 977/977/977
f 912/912/912 977/977/977 976/976/976
f 913/913/913 914/914/914 978/978/978
f 913/913/913 978/978/978 977/977/977
f 914/914/914 915/915/915 979/979/979
f 914/914/914 979/979/979 978/978/978
f 915/915/915 916/916/916 980/980/980
f 915/915/915 980/980/980 979/979/979
f 916/916/916 917/917/917 981/981/981
f 916/916/916 981/981/981 980/980/980
f 917/917/917 918/918/918 982/982/982
f 917/917/917 982/982/982 981/981/981
f 918/918/918 919/919/919 983/983/983
f 918/918/918 983/983/983 982/982/982
f 919/919/919 920/920/920 984/984/984
f 919/919/919 984/984/984 983/983/983
f 920/920/920 921/921/921 985/985/985
f 920/920/920 985/985/985 984/984/984
f 921/921/921 922/922/922 986/986/986
f 921/921/921 986/986/986 985/985/985
f 922/922/922 923/923/923 987/987/987
f 922/922/922 987/987/987 986/986/986
f 923/923/923 924/924/924 988/988/988
f 923/923/923 988/988/988 987/987/987
f 924/924/924 925/925/925 989/989/989
f 924/924/924 989/989/989 988/988/988
f 925/925/925 926/926/926 990/990/990
f 925/925/925 990/990/990 989/989/989
f 926/926/926 927/927/927 991/991/991
f 926/926/926 991/991/991 990/990/990
f 927/927/927 928/928/928 992/992/992
f 927/927/927 992/992/992 991/991/991
f 928/928/928 929/929/929 993/993/993
f 928/928/928 993/993/993 992/992/992
f 929/929/929 930/930/930 994/994/994
f 929/929/929 994/994/994 993/993/993
f 930/930/930 931/931/931 995/995/995
f 930/930/930 995/995/995 994/994/994
f 931/931/931 932/932/932 996/996/996
f 931/931/931 996/996/996 995/995/995
f 932/932/932 933/933/933 997/997/997
f 932/932/932 997/997/997 996/996/996
f 933/933/933 934/934/934 998/998/998
f 933/933/933 998/998/998 997/997/997
f 934/934/934 935/935/935 999/999/999
f 934/934/934 999/999/999 998/998/998
f 935/935/935 936/936/936 1000/1000/1000
f 935/935/935 1000/1000/1000 999/999/999
f 936/936/936 937/937/937 1001/1001/1001
f 936/936/936 1001/1001/1001 1000/1000/1000
f 937/937/937 938/938/938 1002/1002/1002
f 937/937/937 1002/1002/1002 1001/1001/1001
f 938/938/938 939/939/939 1003/1003/1003
f 938/938/938 1003/1003/1003 1002/1002/1002
f 939/939/939 940/940/940 1004/1004/1004
f 939/939/939 1004/1004/1004 1003/1003/1003
f 940/940/940 941/941/941 1005/1005/1005
f 940/940/940 1005/1005/1005 1004/1004/1004
f 941/941/941 942/942/942 1006/1006/1006
f 941/941/941 1006/1006/1006 1005/1005/1005
f 942/942/942 943/943/943 1007/1007/1007
f 942/942/942 1007/1007/1007 1006/1006/1006
f 943/943/943 944/944/944 1008/1008/1008
f 943/943/943 1008/1008/1008 1007/1007/1007
f 944/944/944 945/945/945 1009/1009/1009
f 944/944/944 1009/1009/1009 1008/1008/1008
f 945/945/945 946/946/946 1010/1010/1010
f 945/945/945 1010/1010/1010 1009/1009/1009
f 946/946/946 947/947/947 1011/1011/1011
f 946/946/946 1011/1011/1011 1010/1010/1010
f 947/947/947 948/948/948 1012/1012/1012
f 947/947/947 1012/1012/1012 1011/1011/1011
f 948/948/948 949/949/949 1013/1013/1013
f 948/948/948 1013/1013/1013 1012/1012/1012
f 949/949/949 950/950/950 1014/1014/1014
f 949/949/949 1014/1014/1014 1013/1013/1013
f 950/950/950 951/951/951 1015/1015/1015
f 950/950/950 1015/1015/1015 1014/1014/1014
f 951/951/951 952/952/952 1016/1016/1016
f 951/951/951 1016/1016/1016 1015/1015/1015
f 952/952/952 953/953/953 1017/1017/1017
f 952/952/952 1017/1017/1017 1016/1016/1016
f 953/953/953 954/954/954 1018/1018/1018
f 953/953/953 1018/1018/1018 1017/1017/1017
f 954/954/954 955/955/955 1019/1019/1019
f 954/954/954 1019/1019/1019 1018/1018/1018
f 955/955/955 956/956/956 1020/1020/1020
f 955/955/955 1020/1020/1020 1019/1019/1019
f 956/956/956 957/957/957 1021/1021/1021
f 956/956/956 1021/1021/1021 1020/1020/1020
f 957/957/957 958/958/958 1022/1022/1022
f 957/957/957 1022/1022/1022 1021/1021/1021
f 958/958/958 959/959/959 1023/1023/1023
f 958/958/958 1023/1023/1023 1022/1022/1022
f 959/959/959 960/960/960 1024/1024/1024
f 959/959/959 1024/1024/1024 1023/1023/1023
f 960/960/960 961/961/961 1025/1025/1025
f 960/960/960 1025/1025/1025 1024/1024/1024
f 961/961/961 899/899/899 963/963/963
f 961/961/961 963/963/963 1025/1025/1025
f 963/963/963 962/962/962 1026/1026/1026
f 963/963/963 1026/1026/1026 1027/1027/1027
f 962/962/962 964/964/964 1028/1028/1028
f 962/962/962 1028/1028/1028 1026/1026/1026
f 964/964/964 965/965/965 1029/1029/1029
f 964/964/964 1029/1029/1029 1028/1028/1028
f 965/965/965 966/966/966 1030/1030/1030
f 965/965/965 1030/1030/1030 1029/1029/1029
f 966/966/966 967/967/967 1031/1031/1031
f 966/966/966 1031/1031/1031 1030/1030/1030
f 967/967/967 968/968/968 1032/1032/1032
f 967/967/967 1032/1032/1032 1031/1031/1031
f 968/968/968 969/969/969 1033/1033/1033
f 968/968/968 1033/1033/1033 1032/1032/1032
f 969/969/969 970/970/970 1034/1034/1034
f 969/969/969 1034/1034/1034 1033/1033/1033
f 970/970/970 971/971/971 1035/1035/1035
f 970/970/970 1035/1035/1035 1034/1034/1034
f 971/971/971 972/972/972 1036/1036/1036
f 971/971/971 1036/1036/1036 1035/1035/1035
f 972/972/972 973/973/973 1037/1037/1037
f 972/972/972 1037/1037/1037 1036/1036/1036
f 973/973/973 974/974/974 1038/1038/1038
f 973/973/973 1038/1038/1038 1037/1037/1037
f 974/974/974 975/975/975 1039/1039/1039
f 974/974/974 1039/1039/1039 1038/1038/1038
f 975/975/975 976/976/976 1040/1040/1040
f 975/975/975 1040/1040/1040 1039/1039/1039
f 976/976/976 977/977/977 1041/1041/1041
f 976/976/976 1041/1041/1041 1040/1040/1040
f 977/977/977 978/978/978 1042/1042/1042
f 977/977/977 1042/1042/1042 1041/1041/1041
f 978/978/978 979/979/979 1043/1043/1043
f 978/978/978 1043/1043/1043 1042/1042/1042
f 979/979/979 980/980/980 1044/1044/1044
f 979/979/979 1044/1044/1044 1043/1043/1043
f 980/980/980 981/981/981 1045/1045/1045
f 980/980/980 1045/1045/1045 1044/1044/1044
f 981/981/981 982/982/982 1046/1046/1046
f 981/981/981 1046/1046/1046 1045/1045/1045
f 982/982/982 983/983/983 1047/1047/1047
f 982/982/982 1047/1047/1047 1046/1046/1046
f 983/983/983 984/984/984 1048/1048/1048
f 983/983/983 1048/1048/1048 1047/1047/1047
f 984/984/984 985/985/985 1049/1049/1049
f 984/984/984 1049/1049/1049 1048/1048/1048
f 985/985/985 986/986/986 1050/1050/1050
f 985/985/985 1050/1050/1050 1049/1049/1049
f 986/986/986 987/987/987 1051/1051/1051
f 986/986/986 1051/1051/1051 1050/1050/1050
f 987/987/987 988/988/988 1052/1052/1052
f 987/987/987 1052/1052/1052 1051/1051/1051
f 988/988/988 989/989/989 1053/1053/1053
f 988/988/988 1053/1053/1053 1052/1052/1052
f 989/989/989 990/990/990 1054/1054/1054
f 989/989/989 1054/1054/1054 1053/1053/1053
f 990/990/990 991/991/991 1055/1055/1055
f 990/990/990 1055/1055/1055 1054/1054/1054
f 991/991/991 992/992/992 1056/1056/1056
f 991/991/991 1056/1056/1056 1055/1055/1055
f 992/992/992 993/993/993 1057/1057/1057
f 992/992/992 1057/1057/1057 1056/1056/1056
f 993/993/993 994/994/994 1058/1058/1058
f 993/993/993 1058/1058/1058 1057/1057/1057
f 994/994/994 995/995/995 1059/1059/1059
f 994/994/994 1059/1059/1059 1058/1058/1058
f 995/995/995 996/996/996 1060/1060/1060
f 995/995/995 1060/1060/1060 1059/1059/1059
f 996/996/996 997/997/997 1061/1061/1061
f 996/996/996 1061/1061/1061 1060/1060/1060
f 997/997/997 998/998/998 1062/1062/1062
f 997/997/997 1062/1062/1062 1061/1061/1061
f 998/998/998 999/999/999 1063/1063/1063
f 998/998/998 1063/1063/1063 1062/1062/1062
f 999/999/999 1000/1000/1000 1064/1064/1064
f 999/999/999 1064/1064/1064 1063/1063/1063
f 1000/1000/1000 1001/1001/1001 1065/1065/1065
f 1000/1000/1000 1065/1065/1065 1064/1064/1064
f 1001/1001/1001 1002/1002/1002 1066/1066/1066
f 1001/1001/1001 1066/1066/1066 1065/1065/1065
f 1002/1002/1002 1003/1003/1003 1067/1067/1067
f 1002/1002/1002 1067/1067/1067 1066/1066/1066
f 1003/1003/1003 1004/1004/1004 1068/1068/1068
f 1003/1003/1003 1068/1068/1068 1067/1067/1067
f 1004/1004/1004 1005/1005/1005 1069/1069/1069
f 1004/1004/1004 1069/1069/1069 1068/1068/1068
f 1005/1005/1005 1006/1006/1006 1070/1070/1070
f 1005/1005/1005 1070/1070/1070 1069/1069/1069
f 1006/1006/1006 1007/1007/1007 1071/1071/1071
f 1006/1006/1006 1071/1071/1071 1070/1070/1070
f 1007/1007/1007 1008/1008/1008 1072/1072/1072
f 1007/1007/1007 1072/1072/1072 1071/1071/1071
f 1008/1008/1008 1009/1009/1009 1073/1073/1073
f 1008/1008/1008 1073/1073/1073 1072/1072/1072
f 1009/1009/1009 1010/1010/1010 1074/1074/1074
f 1009/1009/1009 1074/1074/1074 1073/1073/1073
f 1010/1010/1010 1011/1011/1011 1075/1075/1075
f 1010/1010/1010 1075/1075/1075 1074/1074/1074
f 1011/1011/1011 1012/1012/1012 1076/1076/1076
f 1011/1011/1011 1076/1076/1076 1075/1075/1075
f 1012/1012/1012 1013/1013/1013 1077/1077/1077
f 1012/1012/1012 1077/1077/1077 1076/1076/1076
f 1013/1013/1013 1014/1014/1014 1078/1078/1078
f 1013/1013/1013 1078/1078/1078 1077/1077/1077
f 1014/1014/1014 1015/1015/1015 1079/1079/1079
f 1014/1014/1014 1079/1079/1079 1078/1078/1078
f 1015/1015/1015 1016/1016/1016 1080/1080/1080
f 1015/1015/1015 1080/1080/1080 1079/1079/1079
f 1016/1016/1016 1017/1017/1017 1081/1081/1081
f 1016/1016/1016 1081/1081/1081 1080/1080/1080
f 1017/1017/1017 1018/1018/1018 1082/1082/1082
f 1017/1017/1017 1082/1082/1082 1081/1081/1081
f 1018/1018/1018 1019/1019/1019 1083/1083/1083
f 1018/1018/1018 1083/1083/1083 1082/1082/1082
f 1019/1019/1019 1020/1020/1020 1084/1084/1084
f 1019/1019/1019 1084/1084/1084 1083/1083/1083
f 1020/1020/1020 1021/1021/1021 1085/1085/1085
f 1020/1020/1020 1085/1085/1085 1084/1084/1084
f 1021/1021/1021 1022/1022/1022 1086/1086/1086
f 1021/1021/1021 1086/1086/1086 1085/1085/1085
f 1022/1022/1022 1023/1023/1023 1087/1087/1087
f 1022/1022/1022 1087/1087/1087 1086/1086/1086
f 1023/1023/1023 1024/1024/1024 1088/1088/1088
f 1023/1023/1023 1088/1088/1088 1087/1087/1087
f 1024/1024/1024 1025/1025/1025 1089/1089/1089
f 1024/1024/1024 1089/1089/1089 1088/1088/1088
f 1025/1025/1025 963/963/963 1027/1027/1027
f 1025/1025/1025 1027/1027/1027 1089/1089/1089
f 1027/1027/1027 1026/1026/1026 1090/1090/1090
f 1027/1027/1027 1090/1090/1090 1091/1091/1091
f 1026/1026/1026 1028/1028/1028 1092/1092/1092
f 1026/1026/1026 1092/1092/1092 1090/1090/1090
f 1028/1028/1028 1029/1029/1029 1093/1093/1093
f 1028/1028/1028 1093/1093/1093 1092/1092/1092
f 1029/1029/1029 1030/1030/1030 1094/1094/1094
f 1029/1029/1029 1094/1094/1094 1093/1093/1093
f 1030/1030/1030 1031/1031/1031 1095/1095/1095
f 1030/1030/1030 1095/1095/1095 1094/1094/1094
f 1031/1031/1031 1032/1032/1032 1096/1096/1096
f 1031/1031/1031 1096/1096/1096 1095/1095/1095
f 1032/1032/1032 1033/1033/1033 1097/1097/1097
f 1032/1032/1032 1097/1097/1097 1096/1096/1096
f 1033/1033/1033 1034/1034/1034 1098/1098/1098
f 1033/1033/1033 1098/1098/1098 1097/1097/1097
f 1034/1034/1034 1035/1035/1035 1099/1099/1099
f 1034/1034/1034 1099/1099/1099 1098/1098/1098
f 1035/1035/1035 1036/1036/1036 1100/1100/1100
f 1035/1035/1035 1100/1100/1100 1099/1099/1099
f 1036/1036/1036 1037/1037/1037 1101/1101/1101
f 1036/1036/1036 1101/1101/1101 1100/1100/1100
f 1037/1037/1037 1038/1038/1038 1102/1102/1102
f 1037/1037/1037 1102/1102/1102 1101/1101/1101
f 1038/1038/1038 1039/1039/1039 1103/1103/1103
f 1038/1038/1038 1103/1103/1103 1102/1102/1102
f 1039/1039/1039 1040/1040/1040 1104/1104/1104
f 1039/1039/1039 1104/1104/1104 1103/1103/1103
f 1040/1040/1040 1041/1041/1041 1105/1105/1105
f 1040/1040/1040 1105/1105/1105 1104/1104/1104
f 1041/1041/1041 1042/1042/1042 1106/1106/1106
f 1041/1041/1041 1106/1106/1106 1105/1105/1105
f 1042/1042/1042 1043/1043/1043 1107/1107/1107
f 1042/1042/1042 1107/1107/1107 1106/1106/1106
f 1043/1043/1043 1044/1044/1044 1108/1108/1108
f 1043/1043/1043 1108/1108/1108 1107/1107/1107
f 1044/1044/1044 1045/1045/1045 1109/1109/1109
f 1044/1044/1044 1109/1109/1109 1108/1108/1108
f 1045/1045/1045 1046/1046/1046 1110/1110/1110
f 1045/1045/1045 1110/1110/1110 1109/1109/1109
f 1046/1046/1046 1047/1047/1047 1111/1111/1111
f 1046/1046/1046 1111/1111/1111 1110/1110/1110
f 1047/1047/1047 1048/1048/1048 1112/1112/1112
f 1047/1047/1047 1112/1112/1112 1111/1111/1111
f 1048/1048/1048 1049/1049/1049 1113/1113/1113
f 1048/1048/1048 1113/1113/1113 1112/1112/1112
f 1049/1049/1049 1050/1050/1050 1114/1114/1114
f 1049/1049/1049 1114/1114/1114 1113/1113/1113
f 1050/1050/1050 1051/1051/1051 1115/1115/1115
f 1050/1050/1050 1115/1115/1115 1114/1114/1114
f 1051/1051/1051 1052/1052/1052 1116/1116/1116
f 1051/1051/1051 1116/1116/1116 1115/1115/1115
f 1052/1052/1052 1053/1053/1053 1117/1117/1117
f 1052/1052/1052 1117/1117/1117 1116/1116/1116
f 1053/1053/1053 1054/1054/1054 1118/1118/1118
f 1053/1053/1053 1118/1118/1118 1117/1117/1117
f 1054/1054/1054 1055/1055/1055 1119/1119/1119
f 1054/1054/1054 1119/1119/1119 1118/1118/1118
f 1055/1055/1055 1056/1056/1056 1120/1120/1120
f 1055/1055/1055 1120/1120/1120 1119/1119/1119
f 1056/1056/1056 1057/1057/1057 1121/1121/1121
f 1056/1056/1056 1121/1121/1121 1120/1120/1120
f 1057/1057/1057 1058/1058/1058 1122/1122/1122
f 1057/1057/1057 1122/1122/1122 1121/1121/1121
f 1058/1058/1058 1059/1059/1059 1123/1123/1123
f 1058/1058/1058 1123/1123/1123 1122/1122/1122
f 1059/1059/1059 1060/1060/1060 1124/1124/1124
f 1059/1059/1059 1124/1124/1124 1123/1123/1123
f 1060/1060/1060 1061/1061/1061 1125/1125/1125
f 1060/1060/1060 1125/1125/1125 1124/1124/1124
f 1061/1061/1061 1062/1062/1062 1126/1126/1126
f 1061/1061/1061 1126/1126/1126 1125/1125/1125
f 1062/1062/1062 1063/1063/1063 1127/1127/1127
f 1062/1062/1062 1127/1127/1127 1126/1126/1126
f 1063/1063/1063 1064/1064/1064 1128/1128/1128
f 1063/1063/1063 1128/1128/1128 1127/1127/1127
f 1064/1064/1064 1065/1065/1065 1129/1129/1129
f 1064/1064/1064 1129/1129/1129 1128/1128/1128
f 1065/1065/1065 1066/1066/1066 1130/1130/1130
f 1065/1065/1065 1130/1130/1130 1129/1129/1129
f 1066/1066/1066 1067/1067/1067 1131/1131/1131
f 1066/1066/1066 1131/1131/1131 1130/1130/1130
f 1067/1067/1067 1068/1068/1068 1132/1132/1132
f 1067/1067/1067 1132/1132/1132 1131/1131/1131
f 1068/1068/1068 1069/1069/1069 1133/1133/1133
f 1068/1068/1068 1133/1133/1133 1132/1132/1132
f 1069/1069/1069 1070/1070/1070 1134/1134/1134
f 1069/1069/1069 1134/1134/1134 1133/1133/1133
f 1070/1070/1070 1071/1071/1071 1135/1135/1135
f 1070/1070/1070 1135/1135/1135 1134/1134/1134
f 1071/1071/1071 1072/1072/1072 1136/1136/1136
f 1071/1071/1071 1136/1136/1136 1135/1135/1135
f 1072/1072/1072 1073/1073/1073 1137/1137/1137
f 1072/1072/1072 1137/1137/1137 1136/1136/1136
f 1073/1073/1073 1074/1074/1074 1138/1138/1138
f 1073/1073/1073 1138/1138/1138 1137/1137/1137
f 1074/1074/1074 1075/1075/1075 1139/1139/1139
f 1074/1074/1074 1139/1139/1139 1138/1138/1138
f 1075/1075/1075 1076/1076/1076 1140/1140/1140
f 1075/1075/1075 1140/1140/1140 1139/1139/1139
f 1076/1076/1076 1077/1077/1077 1141/1141/1141
f 1076/1076/1076 1141/1141/1141 1140/1140/1140
f 1077/1077/1077 1078/1078/1078 1142/1142/1142
f 1077/1077/1077 1142/1142/1142 1141/1141/1141
f 1078/1078/1078 1079/1079/1079 1143/1143/1143
f 1078/1078/1078 1143/1143/1143 1142/1142/1142
f 1079/1079/1079 1080/1080/1080 1144/1144/1144
f 1079/1079/1079 1144/1144/1144 1143/1143/1143
f 1080/1080/1080 1081/1081/1081 1145/1145/1145
f 1080/1080/1080 1145/1145/1145 1144/1144/1144
f 1081/1081/1081 1082/1082/1082 1146/1146/1146
f 1081/1081/1081 1146/1146/1146 1145/1145/1145
f 1082/1082/1082 1083/1083/1083 1147/1147/1147
f 1082/1082/1082 1147/1147/1147 1146/1146/1146
f 1083/1083/1083 1084/1084/1084 1148/1148/1148
f 1083/1083/1083 1148/1148/1148 1147/1147/1147
f 1084/1084/1084 1085/1085/1085 1149/1149/1149
f 1084/1084/1084 1149/1149/1149 1148/1148/1148
f 1085/1085/1085 1086/1086/1086 1150/1150/1150
f 1085/1085/1085 1150/1150/1150 1149/1149/1149
f 1086/1086/1086 1087/1087/1087 1151/1151/1151
f 1086/1086/1086 1151/1151/1151 1150/1150/1150
f 1087/1087/1087 1088/1088/1088 1152/1152/1152
f 1087/1087/1087 1152/1152/1152 1151/1151/1151
f 1088/1088/1088 1089/1089/1089 1153/1153/1153
f 1088/1088/1088 1153/1153/1153 1152/1152/1152
f 1089/1089/1089 1027/1027/1027 1091/1091/1091
f 1089/1089/1089 1091/1091/1091 1153/1153/1153
f 1091/1091/1091 1090/1090/1090 1154/1154/1154
f 1091/1091/1091 1154/1154/1154 1155/1155/1155
f 1090/1090/1090 1092/1092/1092 1156/1156/1156
f 1090/1090/1090 1156/1156/1156 1154/1154/1154
f 1092/1092/1092 1093/1093/1093 1157/1157/1157
f 1092/1092/1092 1157/1157/1157 1156/1156/1156
f 1093/1093/1093 1094/1094/1094 1158/1158/1158
f 1093/1093/1093 1158/1158/1158 1157/1157/1157
f 1094/1094/1094 1095/1095/1095 1159/1159/1159
f 1094/1094/1094 1159/1159/1159 1158/1158/1158
f 1095/1095/1095 1096/1096/1096 1160/1160/1160
f 1095/1095/1095 1160/1160/1160 1159/1159/1159
f 1096/1096/1096 1097/1097/1097 1161/1161/1161
f 1096/1096/1096 1161/1161/1161 1160/1160/1160
f 1097/1097/1097 1098/1098/1098 1162/1162/1162
f 1097/1097/1097 1162/1162/1162 1161/1161/1161
f 1098/1098/1098 1099/1099/1099 1163/1163/1163
f 1098/1098/1098 1163/1163/1163 1162/1162/1162
f 1099/1099/1099 1100/1100/1100 1164/1164/1164
f 1099/1099/1099 1164/1164/1164 1163/1163/1163
f 1100/1100/1100 1101/1101/1101 1165/1165/1165
f 1100/1100/1100 1165/1165/1165 1164/1164/1164
f 1101/1101/1101 1102/1102/1102 1166/1166/1166
f 1101/1101/1101 1166/1166/1166 1165/1165/1165
f 1102/1102/1102 1103/1103/1103 1167/1167/1167
f 1102/1102/1102 1167/1167/1167 1166/1166/1166
f 1103/1103/1103 1104/1104/1104 1168/1168/1168
f 1103/1103/1103 1168/1168/1168 1167/1167/1167
f 1104/1104/1104 1105/1105/1105 1169/1169/1169
f 1104/1104/1104 1169/1169/1169 1168/1168/1168
f 1105/1105/1105 1106/1106/1106 1170/1170/1170
f 1105/1105/1105 1170/1170/1170 1169/1169/1169
f 1106/1106/1106 1107/1107/1107 1171/1171/1171
f 1106/1106/1106 1171/1171/1171 1170/1170/1170
f 1107/1107/1107 1108/1108/1108 1172/1172/1172
f 1107/1107/1107 1172/1172/1172 1171/1171/1171
f 1108/1108/1108 1109/1109/1109 1173/1173/1173
f 1108/1108/1108 1173/1173/1173 1172/1172/1172
f 1109/1109/1109 1110/1110/1110 1174/1174/1174
f 1109/1109/1109 1174/1174/1174 1173/1173/1173
f 1110/1110/1110 1111/1111/1111 1175/1175/1175
f 1110/1110/1110 1175/1175/1175 1174/1174/1174
f 1111/1111/1111 1112/1112/1112 1176/1176/1176
f 1111/1111/1111 1176/1176/1176 1175/1175/1175
f 1112/1112/1112 1113/1113/1113 1177/1177/1177
f 1112/1112/1112 1177/1177/1177 1176/1176/1176
f 1113/1113/1113 1114/1114/1114 1178/1178/1178
f 1113/1113/1113 1178/1178/1178 1177/1177/1177
f 1114/1114/1114 1115/1115/1115 1179/1179/1179
f 1114/1114/1114 1179/1179/1179 1178/1178/1178
f 1115/1115/1115 1116/1116/1116 1180/1180/1180
f 1115/1115/1115 1180/1180/1180 1179/1179/1179
f 1116/1116/1116 1117/1117/1117 1181/1181/1181
f 1116/1116/1116 1181/1181/1181 1180/1180/1180
f 1117/1117/1117 1118/1118/1118 1182/1182/1182
f 1117/1117/1117 1182/1182/1182 1181/1181/1181
f 1118/1118/1118 1119/1119/1119 1183/1183/1183
f 1118/1118/1118 1183/1183/1183 1182/1182/1182
f 1119/1119/1119 1120/1120/1120 1184/1184/1184
f 1119/1119/1119 1184/1184/1184 1183/1183/1183
f 1120/1120/1120 1121/1121/1121 1185/1185/1185
f 1120/1120/1120 1185/1185/1185 1184/1184/1184
f 1121/1121/1121 1122/1122/1122 1186/1186/1186
f 1121/1121/1121 1186/1186/1186 1185/1185/1185
f 1122/1122/1122 1123/1123/1123 1187/1187/1187
f 1122/1122/1122 1187/1187/1187 1186/1186/1186
f 1123/1123/1123 1124/1124/1124 1188/1188/1188
f 1123/1123/1123 1188/1188/1188 1187/1187/1187
f 1124/1124/1124 1125/1125/1125 1189/1189/1189
f 1124/1124/1124 1189/1189/1189 1188/1188/1188
f 1125/1125/1125 1126/1126/1126 1190/1190/1190
f 1125/1125/1125 1190/1190/1190 1189/1189/1189
f 1126/1126/1126 1127/1127/1127 1191/1191/1191
f 1126/1126/1126 1191/1191/1191 1190/1190/1190
f 1127/1127/1127 1128/1128/1128 1192/1192/1192
f 1127/1127/1127 1192/1192/1192 1191/1191/1191
f 1128/1128/1128 1129/1129/1129 1193/1193/1193
f 1128/1128/1128 1193/1193/1193 1192/1192/1192
f 1129/1129/1129 1130/1130/1130 1194/1194/1194
f 1129/1129/1129 1194/1194/1194 1193/1193/1193
f 1130/1130/1130 1131/1131/1131 1195/1195/1195
f 1130/1130/1130 1195/1195/1195 1194/1194/1194
f 1131/1131/1131 1132/1132/1132 1196/1196/1196
f 1131/1131/1131 1196/1196/1196 1195/1195/1195
f 1132/1132/1132 1133/1133/1133 1197/1197/1197
f 1132/1132/1132 1197/1197/1197 1196/1196/1196
f 1133/1133/1133 1134/1134/1134 1198/1198/1198
f 1133/1133/1133 1198/1198/1198 1197/1197/1197
f 1134/1134/1134 1135/1135/1135 1199/1199/1199
f 1134/1134/1134 1199/1199/1199 1198/1198/1198
f 1135/1135/1135 1136/1136/1136 1200/1200/1200
f 1135/1135/1135 1200/1200/1200 1199/1199/1199
f 1136/1136/1136 1137/1137/1137 1201/1201/1201
f 1136/1136/1136 1201/1201/1201 1200/1200/1200
f 1137/1137/1137 1138/1138/1138 1202/1202/1202
f 1137/1137/1137 1202/1202/1202 1201/1201/1201
f 1138/1138/1138 1139/1139/1139 1203/1203/1203
f 1138/1138/1138 1203/1203/1203 1202/1202/1202
f 1139/1139/1139 1140/1140/1140 1204/1204/1204
f 1139/1139/1139 1204/1204/1204 1203/1203/1203
f 1140/1140/1140 1141/1141/1141 1205/1205/1205
f 1140/1140/1140 1205/1205/1205 1204/1204/1204
f 1141/1141/1141 1142/1142/1142 1206/1206/1206
f 1141/1141/1141 1206/1206/1206 1205/1205/1205
f 1142/1142/1142 1143/1143/1143 1207/1207/1207
f 1142/1142/1142 1207/1207/1207 1206/1206/1206
f 1143/1143/1143 1144/1144/1144 1208/1208/1208
f 1143/1143/1143 1208/1208/1208 1207/1207/1207
f 1144/1144/1144 1145/1145/1145 1209/1209/1209
f 1144/1144/1144 1209/1209/1209 1208/1208/1208
f 1145/1145/1145 1146/1146/1146 1210/1210/1210
f 1145/1145/1145 1210/1210/1210 1209/1209/1209
f 1146/1146/1146 1147/1147/1147 1211/1211/1211
f 1146/1146/1146 1211/1211/1211 1210/1210/1210
f 1147/1147/1147 1148/1148/1148 1212/1212/1212
f 1147/1147/1147 1212/1212/1212 1211/1211/1211
f 1148/1148/1148 1149/1149/1149 1213/1213/1213
f 1148/1148/1148 1213/1213/1213 1212/1212/1212
f 1149/1149/1149 1150/1150/1150 1214/1214/1214
f 1149/1149/1149 1214/1214/1214 1213/1213/1213
f 1150/1150/1150 1151/1151/1151 1215/1215/1215
f 1150/1150/1150 1215/1215/1215 1214/1214/1214
f 1151/1151/1151 1152/1152/1152 1216/1216/1216
f 1151/1151/1151 1216/1216/1216 1215/1215/1215
f 1152/1152/1152 1153/1153/1153 1217/1217/1217
f 1152/1152/1152 1217/1217/1217 1216/1216/1216
f 1153/1153/1153 1091/1091/1091 1155/1155/1155
f 1153/1153/1153 1155/1155/1155 1217/1217/1217
f 1155/1155/1155 1154/1154/1154 1218/1218/1218
f 1155/1155/1155 1218/1218/1218 1219/1219/1219
f 1154/1154/1154 1156/1156/1156 1220/1220/1220
f 1154/1154/1154 1220/1220/1220 1218/1218/1218
f 1156/1156/1156 1157/1157/1157 1221/1221/1221
f 1156/1156/1156 1221/1221/1221 1220/1220/1220
f 1157/1157/1157 1158/1158/1158 1222/1222/1222
f 1157/1157/1157 1222/1222/1222 1221/1221/1221
f 1158/1158/1158 1159/1159/1159 1223/1223/1223
f 1158/1158/1158 1223/1223/1223 1222/1222/1222
f 1159/1159/1159 1160/1160/1160 1224/1224/1224
f 1159/1159/1159 1224/1224/1224 1223/1223/1223
f 1160/1160/1160 1161/1161/1161 1225/1225/1225
f 1160/1160/1160 1225/1225/1225 1224/1224/1224
f 1161/1161/1161 1162/1162/1162 1226/1226/1226
f 1161/1161/1161 1226/1226/1226 1225/1225/1225
f 1162/1162/1162 1163/1163/1163 1227/1227/1227
f 1162/1162/1162 1227/1227/1227 1226/1226/1226
f 1163/1163/1163 1164/1164/1164 1228/1228/1228
f 1163/1163/1163 1228/1228/1228 1227/1227/1227
f 1164/1164/1164 1165/1165/1165 1229/1229/1229
f 1164/1164/1164 1229/1229/1229 1228/1228/1228
f 1165/1165/1165 1166/1166/1166 1230/1230/1230
f 1165/1165/1165 1230/1230/1230 1229/1229/1229
f 1166/1166/1166 1167/1167/1167 1231/1231/1231
f 1166/1166/1166 1231/1231/1231 1230/1230/1230
f 1167/1167/1167 1168/1168/1168 1232/1232/1232
f 1167/1167/1167 1232/1232/1232 1231/1231/1231
f 1168/1168/1168 1169/1169/1169 1233/1233/1233
f 1168/1168/1168 1233/1233/1233 1232/1232/1232
f 1169/1169/1169 1170/1170/1170 1234/1234/1234
f 1169/1169/1169 1234/1234/1234 1233/1233/1233
f 1170/1170/1170 1171/1171/1171 1235/1235/1235
f 1170/1170/1170 1235/1235/1235 1234/1234/1234
f 1171/1171/1171 1172/1172/1172 1236/1236/1236
f 1171/1171/1171 1236/1236/1236 1235/1235/1235
f 1172/1172/1172 1173/1173/1173 1237/1237/1237
f 1172/1172/1172 1237/1237/1237 1236/1236/1236
f 1173/1173/1173 1174/1174/1174 1238/1238/1238
f 1173/1173/1173 1238/1238/1238 1237/1237/1237
f 1174/1174/1174 1175/1175/1175 1239/1239/1239
f 1174/1174/1174 1239/1239/1239 1238/1238/1238
f 1175/1175/1175 1176/1176/1176 1240/1240/1240
f 1175/1175/1175 1240/1240/1240 1239/1239/1239
f 1176/1176/1176 1177/1177/1177 1241/1241/1241
f 1176/1176/1176 1241/1241/1241 1240/1240/1240
f 1177/1177/1177 1178/1178/1178 1242/1242/1242
f 1177/1177/1177 1242/1242/1242 1241/1241/1241
f 1178/1178/1178 1179/1179/1179 1243/1243/1243
f 1178/1178/1178 1243/1243/1243 1242/1242/1242
f 1179/1179/1179 1180/1180/1180 1244/1244/1244
f 1179/1179/1179 1244/1244/1244 1243/1243/1243
f 1180/1180/1180 1181/1181/1181 1245/1245/1245
f 1180/1180/1180 1245/1245/1245 1244/1244/1244
f 1181/1181/1181 1182/1182/1182 1246/1246/1246
f 1181/1181/1181 1246/1246/1246 1245/1245/1245
f 1182/1182/1182 1183/1183/1183 1247/1247/1247
f 1182/1182/1182 1247/1247/1247 1246/1246/1246
f 1183/1183/1183 1184/1184/1184 1248/1248/1248
f 1183/1183/1183 1248/1248/1248 1247/1247/1247
f 1184/1184/1184 1185/1185/1185 1249/1249/1249
f 1184/1184/1184 1249/1249/1249 1248/1248/1248
f 1185/1185/1185 1186/1186/1186 1250/1250/1250
f 1185/1185/1185 1250/1250/1250 1249/1249/1249
f 1186/1186/1186 1187/1187/1187 1251/1251/1251
f 1186/1186/1186 1251/1251/1251 1250/1250/1250
f 1187/1187/1187 1188/1188/1188 1252/1252/1252
f 1187/1187/1187 1252/1252/1252 1251/1251/1251
f 1188/1188/1188 1189/1189/1189 1253/1253/1253
f 1188/1188/1188 1253/1253/1253 1252/1252/1252
f 1189/1189/1189 1190/1190/1190 1254/1254/1254
f 1189/1189/1189 1254/1254/1254 1253/1253/1253
f 1190/1190/1190 1191/1191/1191 1255/1255/1255
f 1190/1190/1190 1255/1255/1255 1254/1254/1254
f 1191/1191/1191 1192/1192/1192 1256/1256/1256
f 1191/1191/1191 1256/1256/1256 1255/1255/1255
f 1192/1192/1192 1193/1193/1193 1257/1257/1257
f 1192/1192/1192 1257/1257/1257 1256/1256/1256
f 1193/1193/1193 1194/1194/1194 1258/1258/1258
f 1193/1193/1193 1258/1258/1258 1257/1257/1257
f 1194/1194/1194 1195/1195/1195 1259/1259/1259
f 1194/1194/1194 1259/1259/1259 1258/1258/1258
f 1195/1195/1195 1196/1196/1196 1260/1260/1260
f 1195/1195/1195 1260/1260/1260 1259/1259/1259
f 1196/1196/1196 1197/1197/1197 1261/1261/1261
f 1196/1196/1196 1261/1261/1261 1260/1260/1260
f 1197/1197/1197 1198/1198/1198 1262/1262/1262
f 1197/1197/1197 1262/1262/1262 1261/1261/1261
f 1198/1198/1198 1199/1199/1199 1263/1263/1263
f 1198/1198/1198 1263/1263/1263 1262/1262/1262
f 1199/1199/1199 1200/1200/1200 1264/1264/1264
f 1199/1199/1199 1264/1264/1264 1263/1263/1263
f 1200/1200/1200 1201/1201/1201 1265/1265/1265
f 1200/1200/1200 1265/1265/1265 1264/1264/1264
f 1201/1201/1201 1202/1202/1202 1266/1266/1266
f 1201/1201/1201 1266/1266/1266 1265/1265/1265
f 1202/1202/1202 1203/1203/1203 1267/1267/1267
f 1202/1202/1202 1267/1267/1267 1266/1266/1266
f 1203/1203/1203 1204/1204/1204 1268/1268/1268
f 1203/1203/1203 1268/1268/1268 1267/1267/1267
f 1204/1204/1204 1205/1205/1205 1269/1269/1269
f 1204/1204/1204 1269/1269/1269 1268/1268/1268
f 1205/1205/1205 1206/1206/1206 1270/1270/1270
f 1205/1205/1205 1270/1270/1270 1269/1269/1269
f 1206/1206/1206 1207/1207/1207 1271/1271/1271
f 1206/1206/1206 1271/1271/1271 1270/1270/1270
f 1207/1207/1207 1208/1208/1208 1272/1272/1272
f 1207/1207/1207 1272/1272/1272 1271/1271/1271
f 1208/1208/1208 1209/1209/1209 1273/1273/1273
f 1208/1208/1208 1273/1273/1273 1272/1272/1272
f 1209/1209/1209 1210/1210/1210 1274/1274/1274
f 1209/1209/1209 1274/1274/1274 1273/1273/1273
f 1210/1210/1210 1211/1211/1211 1275/1275/1275
f 1210/1210/1210 1275/1275/1275 1274/1274/1274
f 1211/1211/1211 1212/1212/1212 1276/1276/1276
f 1211/1211/1211 1276/1276/1276 1275/1275/1275
f 1212/1212/1212 1213/1213/1213 1277/1277/1277
f 1212/1212/1212 1277/1277/1277 1276/1276/1276
f 1213/1213/1213 1214/1214/1214 1278/1278/1278
f 1213/1213/1213 1278/1278/1278 1277/1277/1277
f 1214/1214/1214 1215/1215/1215 1279/1279/1279
f 1214/1214/1214 1279/1279/1279 1278/1278/1278
f 1215/1215/1215 1216/1216/1216 1280/1280/1280
f 1215/1215/1215 1280/1280/1280 1279/1279/1279
f 1216/1216/1216 1217/1217/1217 1281/1281/1281
f 1216/1216/1216 1281/1281/1281 1280/1280/1280
f 1217/1217/1217 1155/1155/1155 1219/1219/1219
f 1217/1217/1217 1219/1219/1219 1281/1281/1281
f 1219/1219/1219 1218/1218/1218 1282/1282/1282
f 1219/1219/1219 1282/1282/1282 1283/1283/1283
f 1218/1218/1218 1220/1220/1220 1284/1284/1284
f 1218/1218/1218 1284/1284/1284 1282/1282/1282
f 1220/1220/1220 1221/1221/1221 1285/1285/1285
f 1220/1220/1220 1285/1285/1285 1284/1284/1284
f 1221/1221/1221 1222/1222/1222 1286/1286/1286
f 1221/1221/1221 1286/1286/1286 1285/1285/1285
f 1222/1222/1222 1223/1223/1223 1287/1287/1287
f 1222/1222/1222 1287/1287/1287 1286/1286/1286
f 1223/1223/1223 1224/1224/1224 1288/1288/1288
f 1223/1223/1223 1288/1288/1288 1287/1287/1287
f 1224/1224/1224 1225/1225/1225 1289/1289/1289
f 1224/1224/1224 1289/1289/1289 1288/1288/1288
f 1225/1225/1225 1226/1226/1226 1290/1290/1290
f 1225/1225/1225 1290/1290/1290 1289/1289/1289
f 1226/1226/1226 1227/1227/1227 1291/1291/1291
f 1226/1226/1226 1291/1291/1291 1290/1290/1290
f 1227/1227/1227 1228/1228/1228 1292/1292/1292
f 1227/1227/1227 1292/1292/1292 1291/1291/1291
f 1228/1228/1228 1229/1229/1229 1293/1293/1293
f 1228/1228/1228 1293/1293/1293 1292/1292/1292
f 1229/1229/1229 1230/1230/1230 1294/1294/1294
f 1229/1229/1229 1294/1294/1294 1293/1293/1293
f 1230/1230/1230 1231/1231/1231 1295/1295/1295
f 1230/1230/1230 1295/1295/1295 1294/1294/1294
f 1231/1231/1231 1232/1232/1232 1296/1296/1296
f 1231/1231/1231 1296/1296/1296 1295/1295/1295
f 1232/1232/1232 1233/1233/1233 1297/1297/1297
f 1232/1232/1232 1297/1297/1297 1296/1296/1296
f 1233/1233/1233 1234/1234/1234 1298/1298/1298
f 1233/1233/1233 1298/1298/1298 1297/1297/1297
f 1234/1234/1234 1235/1235/1235 1299/1299/1299
f 1234/1234/1234 1299/1299/1299 1298/1298/1298
f 1235/1235/1235 1236/1236/1236 1300/1300/1300
f 1235/1235/1235 1300/1300/1300 1299/1299/1299
f 1236/1236/1236 1237/1237/1237 1301/1301/1301
f 1236/1236/1236 1301/1301/1301 1300/1300/1300
f 1237/1237/1237 1238/1238/1238 1302/1302/1302
f 1237/1237/1237 1302/1302/1302 1301/1301/1301
f 1238/1238/1238 1239/1239/1239 1303/1303/1303
f 1238/1238/1238 1303/1303/1303 1302/1302/1302
f 1239/1239/1239 1240/1240/1240 1304/1304/1304
f 1239/1239/1239 1304/1304/1304 1303/1303/1303
f 1240/1240/1240 1241/1241/1241 1305/1305/1305
f 1240/1240/1240 1305/1305/1305 1304/1304/1304
f 1241/1241/1241 1242/1242/1242 1306/1306/1306
f 1241/1241/1241 1306/1306/1306 1305/1305/1305
f 1242/1242/1242 1243/1243/1243 1307/1307/1307
f 1242/1242/1242 1307/1307/1307 1306/1306/1306
f 1243/1243/1243 1244/1244/1244 1308/1308/1308
f 1243/1243/1243 1308/1308/1308 1307/1307/1307
f 1244/1244/1244 1245/1245/1245 1309/1309/1309
f 1244/1244/1244 1309/1309/1309 1308/1308/1308
f 1245/1245/1245 1246/1246/1246 1310/1310/1310
f 1245/1245/1245 1310/1310/1310 1309/1309/1309
f 1246/1246/1246 1247/1247/1247 1311/1311/1311
f 1246/1246/1246 1311/1311/1311 1310/1310/1310
f 1247/1247/1247 1248/1248/1248 1312/1312/1312
f 1247/1247/1247 1312/1312/1312 1311/1311/1311
f 1248/1248/1248 1249/1249/1249 1313/1313/1313
f 1248/1248/1248 1313/1313/1313 1312/1312/1312
f 1249/1249/1249 1250/1250/1250 1314/1314/1314
f 1249/1249/1249 1314/1314/1314 1313/1313/1313
f 1250/1250/1250 1251/1251/1251 1315/1315/1315
f 1250/1250/1250 1315/1315/1315 1314/1314/1314
f 1251/1251/1251 1252/1252/1252 1316/1316/1316
f 1251/1251/1251 1316/1316/1316 1315/1315/1315
f 1252/1252/1252 1253/1253/1253 1317/1317/1317
f 1252/1252/1252 1317/1317/1317 1316/1316/1316
f 1253/1253/1253 1254/1254/1254 1318/1318/1318
f 1253/1253/1253 1318/1318/1318 1317/1317/1317
f 1254/1254/1254 1255/1255/1255 1319/1319/1319
f 1254/1254/1254 1319/1319/1319 1318/1318/1318
f 1255/1255/1255 1256/1256/1256 1320/1320/1320
f 1255/1255/1255 1320/1320/1320 1319/1319/1319
f 1256/1256/1256 1257/1257/1257 1321/1321/1321
f 1256/1256/1256 1321/1321/1321 1320/1320/1320
f 1257/1257/1257 1258/1258/1258 1322/1322/1322
f 1257/1257/1257 1322/1322/1322 1321/1321/1321
f 1258/1258/1258 1259/1259/1259 1323/1323/1323
f 1258/1258/1258 1323/1323/1323 1322/1322/1322
f 1259/1259/1259 1260/1260/1260 1324/1324/1324
f 1259/1259/1259 1324/1324/1324 1323/1323/1323
f 1260/1260/1260 1261/1261/1261 1325/1325/1325
f 1260/1260/1260 1325/1325/1325 1324/1324/1324
f 1261/1261/1261 1262/1262/1262 1326/1326/1326
f 1261/1261/1261 1326/1326/1326 1325/1325/1325
f 1262/1262/1262 1263/1263/1263 1327/1327/1327
f 1262/1262/1262 1327/1327/1327 1326/1326/1326
f 1263/1263/1263 1264/1264/1264 1328/1328/1328
f 1263/1263/1263 1328/1328/1328 1327/1327/1327
f 1264/1264/1264 1265/1265/1265 1329/1329/1329
f 1264/1264/1264 1329/1329/1329 1328/1328/1328
f 1265/1265/1265 1266/1266/1266 1330/1330/1330
f 1265/1265/1265 1330/1330/1330 1329/1329/1329
f 1266/1266/1266 1267/1267/1267 1331/1331/1331
f 1266/1266/1266 1331/1331/1331 1330/1330/1330
f 1267/1267/1267 1268/1268/1268 1332/1332/1332
f 1267/1267/1267 1332/1332/1332 1331/1331/1331
f 1268/1268/1268 1269/1269/1269 1333/1333/1333
f 1268/1268/1268 1333/1333/1333 1332/1332/1332
f 1269/1269/1269 1270/1270/1270 1334/1334/1334
f 1269/1269/1269 1334/1334/1334 1333/1333/1333
f 1270/1270/1270 1271/1271/1271 1335/1335/1335
f 1270/1270/1270 1335/1335/1335 1334/1334/1334
f 1271/1271/1271 1272/1272/1272 1336/1336/1336
f 1271/1271/1271 1336/1336/1336 1335/1335/1335
f 1272/1272/1272 1273/1273/1273 1337/1337/1337
f 1272/1272/1272 1337/1337/1337 1336/1336/1336
f 1273/1273/1273 1274/1274/1274 1338/1338/1338
f 1273/1273/1273 1338/1338/1338 1337/1337/1337
f 1274/1274/1274 1275/1275/1275 1339/1339/1339
f 1274/1274/1274 1339/1339/1339 1338/1338/1338
f 1275/1275/1275 1276/1276/1276 1340/1340/1340
f 1275/1275/1275 1340/1340/1340 1339/1339/1339
f 1276/1276/1276 1277/1277/1277 1341/1341/1341
f 1276/1276/1276 1341/1341/1341 1340/1340/1340
f 1277/1277/1277 1278/1278/1278 1342/1342/1342
f 1277/1277/1277 1342/1342/1342 1341/1341/1341
f 1278/1278/1278 1279/1279/1279 1343/1343/1343
f 1278/1278/1278 1343/1343/1343 1342/1342/1342
f 1279/1279/1279 1280/1280/1280 1344/1344/1344
f 1279/1279/1279 1344/1344/1344 1343/1343/1343
f 1280/1280/1280 1281/1281/1281 1345/1345/1345
f 1280/1280/1280 1345/1345/1345 1344/1344/1344
f 1281/1281/1281 1219/1219/1219 1283/1283/1283
f 1281/1281/1281 1283/1283/1283 1345/1345/1345
f 1283/1283/1283 1282/1282/1282 1346/1346/1346
f 1283/1283/1283 1346/1346/1346 1347/1347/1347
f 1282/1282/1282 1284/1284/1284 1348/1348/1348
f 1282/1282/1282 1348/1348/1348 1346/1346/1346
f 1284/1284/1284 1285/1285/1285 1349/1349/1349
f 1284/1284/1284 1349/1349/1349 1348/1348/1348
f 1285/1285/1285 1286/1286/1286 1350/1350/1350
f 1285/1285/1285 1350/1350/1350 1349/1349/1349
f 1286/1286/1286 1287/1287/1287 1351/1351/1351
f 1286/1286/1286 1351/1351/1351 1350/1350/1350
f 1287/1287/1287 1288/1288/1288 1352/1352/1352
f 1287/1287/1287 1352/1352/1352 1351/1351/1351
f 1288/1288/1288 1289/1289/1289 1353/1353/1353
f 1288/1288/1288 1353/1353/1353 1352/1352/1352
f 1289/1289/1289 1290/1290/1290 1354/1354/1354
f 1289/1289/1289 1354/1354/1354 1353/1353/1353
f 1290/1290/1290 1291/1291/1291 1355/1355/1355
f 1290/1290/1290 1355/1355/1355 1354/1354/1354
f 1291/1291/1291 1292/1292/1292 1356/1356/1356
f 1291/1291/1291 1356/1356/1356 1355/1355/1355
f 1292/1292/1292 1293/1293/1293 1357/1357/1357
f 1292/1292/1292 1357/1357/1357 1356/1356/1356
f 1293/1293/1293 1294/1294/1294 1358/1358/1358
f 1293/1293/1293 1358/1358/1358 1357/1357/1357
f 1294/1294/1294 1295/1295/1295 1359/1359/1359
f 1294/1294/1294 1359/1359/1359 1358/1358/1358
f 1295/1295/1295 1296/1296/1296 1360/1360/1360
f 1295/1295/1295 1360/1360/1360 1359/1359/1359
f 1296/1296/1296 1297/1297/1297 1361/1361/1361
f 1296/1296/1296 1361/1361/1361 1360/1360/1360
f 1297/1297/1297 1298/1298/1298 1362/1362/1362
f 1297/1297/1297 1362/1362/1362 1361/1361/1361
f 1298/1298/1298 1299/1299/1299 1363/1363/1363
f 1298/1298/1298 1363/1363/1363 1362/1362/1362
f 1299/1299/1299 1300/1300/1300 1364/1364/1364
f 1299/1299/1299 1364/1364/1364 1363/1363/1363
f 1300/1300/1300 1301/1301/1301 1365/1365/1365
f 1300/1300/1300 1365/1365/1365 1364/1364/1364
f 1301/1301/1301 1302/1302/1302 1366/1366/1366
f 1301/1301/1301 1366/1366/1366 1365/1365/1365
f 1302/1302/1302 1303/1303/1303 1367/1367/1367
f 1302/1302/1302 1367/1367/1367 1366/1366/1366
f 1303/1303/1303 1304/1304/1304 1368/1368/1368
f 1303/1303/1303 1368/1368/1368 1367/1367/1367
f 1304/1304/1304 1305/1305/1305 1369/1369/1369
f 1304/1304/1304 1369/1369/1369 1368/1368/1368
f 1305/1305/1305 1306/1306/1306 1370/1370/1370
f 1305/1305/1305 1370/1370/1370 1369/1369/1369
f 1306/1306/1306 1307/1307/1307 1371/1371/1371
f 1306/1306/1306 1371/1371/1371 1370/1370/1370
f 1307/1307/1307 1308/1308/1308 1372/1372/1372
f 1307/1307/1307 1372/1372/1372 1371/1371/1371
f 1308/1308/1308 1309/1309/1309 1373/1373/1373
f 1308/1308/1308 1373/1373/1373 1372/1372/1372
f 1309/1309/1309 1310/1310/1310 1374/1374/1374
f 1309/1309/1309 1374/1374/1374 1373/1373/1373
f 1310/1310/1310 1311/1311/1311 1375/1375/1375
f 1310/1310/1310 1375/1375/1375 1374/1374/1374
f 1311/1311/1311 1312/1312/1312 1376/1376/1376
f 1311/1311/1311 1376/1376/1376 1375/1375/1375
f 1312/1312/1312 1313/1313/1313 1377/1377/1377
f 1312/1312/1312 1377/1377/1377 1376/1376/1376
f 1313/1313/1313 1314/1314/1314 1378/1378/1378
f 1313/1313/1313 1378/1378/1378 1377/1377/1377
f 1314/1314/1314 1315/1315/1315 1379/1379/1379
f 1314/1314/1314 1379/1379/1379 1378/1378/1378
f 1315/1315/1315 1316/1316/1316 1380/1380/1380
f 1315/1315/1315 1380/1380/1380 1379/1379/1379
f 1316/1316/1316 1317/1317/1317 1381/1381/1381
f 1316/1316/1316 1381/1381/1381 1380/1380/1380
f 1317/1317/1317 1318/1318/1318 1382/1382/1382
f 1317/1317/1317 1382/1382/1382 1381/1381/1381
f 1318/1318/1318 1319/1319/1319 1383/1383/1383
f 1318/1318/1318 1383/1383/1383 1382/1382/1382
f 1319/1319/1319 1320/1320/1320 1384/1384/1384
f 1319/1319/1319 1384/1384/1384 1383/1383/1383
f 1320/1320/1320 1321/1321/1321 1385/1385/1385
f 1320/1320/1320 1385/1385/1385 1384/1384/1384
f 1321/1321/1321 1322/1322/1322 1386/1386/1386
f 1321/1321/1321 1386/1386/1386 1385/1385/1385
f 1322/1322/1322 1323/1323/1323 1387/1387/1387
f 1322/1322/1322 1387/1387/1387 1386/1386/1386
f 1323/1323/1323 1324/1324/1324 1388/1388/1388
f 1323/1323/1323 1388/1388/1388 1387/1387/1387
f 1324/1324/1324 1325/1325/1325 1389/1389/1389
f 1324/1324/1324 1389/1389/1389 1388/1388/1388
f 1325/1325/1325 1326/1326/1326 1390/1390/1390
f 1325/1325/1325 1390/1390/1390 1389/1389/1389
f 1326/1326/1326 1327/1327/1327 1391/1391/1391
f 1326/1326/1326 1391/1391/1391 1390/1390/1390
f 1327/1327/1327 1328/1328/1328 1392/1392/1392
f 1327/1327/1327 1392/1392/1392 1391/1391/1391
f 1328/1328/1328 1329/1329/1329 1393/1393/1393
f 1328/1328/1328 1393/1393/1393 1392/1392/1392
f 1329/1329/1329 1330/1330/1330 1394/1394/1394
f 1329/1329/1329 1394/1394/1394 1393/1393/1393
f 1330/1330/1330 1331/1331/1331 1395/1395/1395
f 1330/1330/1330 1395/1395/1395 1394/1394/1394
f 1331/1331/1331 1332/1332/1332 1396/1396/1396
f 1331/1331/1331 1396/1396/1396 1395/1395/1395
f 1332/1332/1332 1333/1333/1333 1397/1397/1397
f 1332/1332/1332 1397/1397/1397 1396/1396/1396
f 1333/1333/1333 1334/1334/1334 1398/1398/1398
f 1333/1333/1333 1398/1398/1398 1397/1397/1397
f 1334/1334/1334 1335/1335/1335 1399/1399/1399
f 1334/1334/1334 1399/1399/1399 1398/1398/1398
f 1335/1335/1335 1336/1336/1336 1400/1400/1400
f 1335/1335/1335 1400/1400/1400 1399/1399/1399
f 1336/1336/1336 1337/1337/1337 1401/1401/1401
f 1336/1336/1336 1401/1401/1401 1400/1400/1400
f 1337/1337/1337 1338/1338/1338 1402/1402/1402
f 1337/1337/1337 1402/1402/1402 1401/1401/1401
f 1338/1338/1338 1339/1339/1339 1403/1403/1403
f 1338/1338/1338 1403/1403/1403 1402/1402/1402
f 1339/1339/1339 1340/1340/1340 1404/1404/1404
f 1339/1339/1339 1404/1404/1404 1403/1403/1403
f 1340/1340/1340 1341/1341/1341 1405/1405/1405
f 1340/1340/1340 1405/1405/1405 1404/1404/1404
f 1341/1341/1341 1342/1342/1342 1406/1406/1406
f 1341/1341/1341 1406/1406/1406 1405/1405/1405
f 1342/1342/1342 1343/1343/1343 1407/1407/1407
f 1342/1342/1342 1407/1407/1407 1406/1406/1406
f 1343/1343/1343 1344/1344/1344 1408/1408/1408
f 1343/1343/1343 1408/1408/1408 1407/1407/1407
f 1344/1344/1344 1345/1345/1345 1409/1409/1409
f 1344/1344/1344 1409/1409/1409 1408/1408/1408
f 1345/1345/1345 1283/1283/1283 1347/1347/1347
f 1345/1345/1345 1347/1347/1347 1409/1409/1409
f 1347/1347/1347 1346/1346/1346 1410/1410/1410
f 1347/1347/1347 1410/1410/1410 1411/1411/1411
f 1346/1346/1346 1348/1348/1348 1412/1412/1412
f 1346/1346/1346 1412/1412/1412 1410/1410/1410
f 1348/1348/1348 1349/1349/1349 1413/1413/1413
f 1348/1348/1348 1413/1413/1413 1412/1412/1412
f 1349/1349/1349 1350/1350/1350 1414/1414/1414
f 1349/1349/1349 1414/1414/1414 1413/1413/1413
f 1350/1350/1350 1351/1351/1351 1415/1415/1415
f 1350/1350/1350 1415/1415/1415 1414/1414/1414
f 1351/1351/1351 1352/1352/1352 1416/1416/1416
f 1351/1351/1351 1416/1416/1416 1415/1415/1415
f 1352/1352/1352 1353/1353/1353 1417/1417/1417
f 1352/1352/1352 1417/1417/1417 1416/1416/1416
f 1353/1353/1353 1354/1354/1354 1418/1418/1418
f 1353/1353/1353 1418/1418/1418 1417/1417/1417
f 1354/1354/1354 1355/1355/1355 1419/1419/1419
f 1354/1354/1354 1419/1419/1419 1418/1418/1418
f 1355/1355/1355 1356/1356/1356 1420/1420/1420
f 1355/1355/1355 1420/1420/1420 1419/1419/1419
f 1356/1356/1356 1357/1357/1357 1421/1421/1421
f 1356/1356/1356 1421/1421/1421 1420/1420/1420
f 1357/1357/1357 1358/1358/1358 1422/1422/1422
f 1357/1357/1357 1422/1422/1422 1421/1421/1421
f 1358/1358/1358 1359/1359/1359 1423/1423/1423
f 1358/1358/1358 1423/1423/1423 1422/1422/1422
f 1359/1359/1359 1360/1360/1360 1424/1424/1424
f 1359/1359/1359 1424/1424/1424 1423/1423/1423
f 1360/1360/1360 1361/1361/1361 1425/1425/1425
f 1360/1360/1360 1425/1425/1425 1424/1424/1424
f 1361/1361/1361 1362/1362/1362 1426/1426/1426
f 1361/1361/1361 1426/1426/1426 1425/1425/1425
f 1362/1362/1362 1363/1363/1363 1427/1427/1427
f 1362/1362/1362 1427/1427/1427 1426/1426/1426
f 1363/1363/1363 1364/1364/1364 1428/1428/1428
f 1363/1363/1363 1428/1428/1428 1427/1427/1427
f 1364/1364/1364 1365/1365/1365 1429/1429/1429
f 1364/1364/1364 1429/1429/1429 1428/1428/1428
f 1365/1365/1365 1366/1366/1366 1430/1430/1430
f 1365/1365/1365 1430/1430/1430 1429/1429/1429
f 1366/1366/1366 1367/1367/1367 1431/1431/1431
f 1366/1366/1366 1431/1431/1431 1430/1430/1430
f 1367/1367/1367 1368/1368/1368 1432/1432/1432
f 1367/1367/1367 1432/1432/1432 1431/1431/1431
f 1368/1368/1368 1369/1369/1369 1433/1433/1433
f 1368/1368/1368 1433/1433/1433 1432/1432/1432
f 1369/1369/1369 1370/1370/1370 1434/1434/1434
f 1369/1369/1369 1434/1434/1434 1433/1433/1433
f 1370/1370/1370 1371/1371/1371 1435/1435/1435
f 1370/1370/1370 1435/1435/1435 1434/1434/1434
f 1371/1371/1371 1372/1372/1372 1436/1436/1436
f 1371/1371/1371 1436/1436/1436 1435/1435/1435
f 1372/1372/1372 1373/1373/1373 1437/1437/1437
f 1372/1372/1372 1437/1437/1437 1436/1436/1436
f 1373/1373/1373 1374/1374/1374 1438/1438/1438
f 1373/1373/1373 1438/1438/1438 1437/1437/1437
f 1374/1374/1374 1375/1375/1375 1439/1439/1439
f 1374/1374/1374 1439/1439/1439 1438/1438/1438
f 1375/1375/1375 1376/1376/1376 1440/1440/1440
f 1375/1375/1375 1440/1440/1440 1439/1439/1439
f 1376/1376/1376 1377/1377/1377 1441/1441/1441
f 1376/1376/1376 1441/1441/1441 1440/1440/1440
f 1377/1377/1377 1378/1378/1378 1442/1442/1442
f 1377/1377/1377 1442/1442/1442 1441/1441/1441
f 1378/1378/1378 1379/1379/1379 1443/1443/1443
f 1378/1378/1378 1443/1443/1443 1442/1442/1442
f 1379/1379/1379 1380/1380/1380 1444/1444/1444
f 1379/1379/1379 1444/1444/1444 1443/1443/1443
f 1380/1380/1380 1381/1381/1381 1445/1445/1445
f 1380/1380/1380 1445/1445/1445 1444/1444/1444
f 1381/1381/1381 1382/1382/1382 1446/1446/1446
f 1381/1381/1381 1446/1446/1446 1445/1445/1445
f 1382/1382/1382 1383/1383/1383 1447/1447/1447
f 1382/1382/1382 1447/1447/1447 1446/1446/1446
f 1383/1383/1383 1384/1384/1384 1448/1448/1448
f 1383/1383/1383 1448/1448/1448 1447/1447/1447
f 1384/1384/1384 1385/1385/1385 1449/1449/1449
f 1384/1384/1384 1449/1449/1449 1448/1448/1448
f 1385/1385/1385 1386/1386/1386 1450/1450/1450
f 1385/1385/1385 1450/1450/1450 1449/1449/1449
f 1386/1386/1386 1387/1387/1387 1451/1451/1451
f 1386/1386/1386 1451/1451/1451 1450/1450/1450
f 1387/1387/1387 1388/1388/1388 1452/1452/1452
f 1387/1387/1387 1452/1452/1452 1451/1451/1451
f 1388/1388/1388 1389/1389/1389 1453/1453/1453
f 1388/1388/1388 1453/1453/1453 1452/1452/1452
f 1389/1389/1389 1390/1390/1390 1454/1454/1454
f 1389/1389/1389 1454/1454/1454 1453/1453/1453
f 1390/1390/1390 1391/1391/1391 1455/1455/1455
f 1390/1390/1390 1455/1455/1455 1454/1454/1454
f 1391/1391/1391 1392/1392/1392 1456/1456/1456
f 1391/1391/1391 1456/1456/1456 1455/1455/1455
f 1392/1392/1392 1393/1393/1393 1457/1457/1457
f 1392/1392/1392 1457/1457/1457 1456/1456/1456
f 1393/1393/1393 1394/1394/1394 1458/1458/1458
f 1393/1393/1393 1458/1458/1458 1457/1457/1457
f 1394/1394/1394 1395/1395/1395 1459/1459/1459
f 1394/1394/1394 1459/1459/1459 1458/1458/1458
f 1395/1395/1395 1396/1396/1396 1460/1460/1460
f 1395/1395/1395 1460/1460/1460 1459/1459/1459
f 1396/1396/1396 1397/1397/1397 1461/1461/1461
f 1396/1396/1396 1461/1461/1461 1460/1460/1460
f 1397/1397/1397 1398/1398/1398 1462/1462/1462
f 1397/1397/1397 1462/1462/1462 1461/1461/1461
f 1398/1398/1398 1399/1399/1399 1463/1463/1463
f 1398/1398/1398 1463/1463/1463 1462/1462/1462
f 1399/1399/1399 1400/1400/1400 1464/1464/1464
f 1399/1399/1399 1464/1464/1464 1463/1463/1463
f 1400/1400/1400 1401/1401/1401 1465/1465/1465
f 1400/1400/1400 1465/1465/1465 1464/1464/1464
f 1401/1401/1401 1402/1402/1402 1466/1466/1466
f 1401/1401/1401 1466/1466/1466 1465/1465/1465
f 1402/1402/1402 1403/1403/1403 1467/1467/1467
f 1402/1402/1402 1467/1467/1467 1466/1466/1466
f 1403/1403/1403 1404/1404/1404 1468/1468/1468
f 1403/1403/1403 1468/1468/1468 1467/1467/1467
f 1404/1404/1404 1405/1405/1405 1469/1469/1469
f 1404/1404/1404 1469/1469/1469 1468/1468/1468
f 1405/1405/1405 1406/1406/1406 1470/1470/1470
f 1405/1405/1405 1470/1470/1470 1469/1469/1469
f 1406/1406/1406 1407/1407/1407 1471/1471/1471
f 1406/1406/1406 1471/1471/1471 1470/1470/1470
f 1407/1407/1407 1408/1408/1408 1472/1472/1472
f 1407/1407/1407 1472/1472/1472 1471/1471/1471
f 1408/1408/1408 1409/1409/1409 1473/1473/1473
f 1408/1408/1408 1473/1473/1473 1472/1472/1472
f 1409/1409/1409 1347/1347/1347 1411/1411/1411
f 1409/1409/1409 1411/1411/1411 1473/1473/1473
f 1411/1411/1411 1410/1410/1410 1474/1474/1474
f 1411/1411/1411 1474/1474/1474 1475/1475/1475
f 1410/1410/1410 1412/1412/1412 1476/1476/1476
f 1410/1410/1410 1476/1476/1476 1474/1474/1474
f 1412/1412/1412 1413/1413/1413 1477/1477/1477
f 1412/1412/1412 1477/1477/1477 1476/1476/1476
f 1413/1413/1413 1414/1414/1414 1478/1478/1478
f 1413/1413/1413 1478/1478/1478 1477/1477/1477
f 1414/1414/1414 1415/1415/1415 1479/1479/1479
f 1414/1414/1414 1479/1479/1479 1478/1478/1478
f 1415/1415/1415 1416/1416/1416 1480/1480/1480
f 1415/1415/1415 1480/1480/1480 1479/1479/1479
f 1416/1416/1416 1417/1417/1417 1481/1481/1481
f 1416/1416/1416 1481/1481/1481 1480/1480/1480
f 1417/1417/1417 1418/1418/1418 1482/1482/1482
f 1417/1417/1417 1482/1482/1482 1481/1481/1481
f 1418/1418/1418 1419/1419/1419 1483/1483/1483
f 1418/1418/1418 1483/1483/1483 1482/1482/1482
f 1419/1419/1419 1420/1420/1420 1484/1484/1484
f 1419/1419/1419 1484/1484/1484 1483/1483/1483
f 1420/1420/1420 1421/1421/1421 1485/1485/1485
f 1420/1420/1420 1485/1485/1485 1484/1484/1484
f 1421/1421/1421 1422/1422/1422 1486/1486/1486
f 1421/1421/1421 1486/1486/1486 1485/1485/1485
f 1422/1422/1422 1423/1423/1423 1487/1487/1487
f 1422/1422/1422 1487/1487/1487 1486/1486/1486
f 1423/1423/1423 1424/1424/1424 1488/1488/1488
f 1423/1423/1423 1488/1488/1488 1487/1487/1487
f 1424/1424/1424 1425/1425/1425 1489/1489/1489
f 1424/1424/1424 1489/1489/1489 1488/1488/1488
f 1425/1425/1425 1426/1426/1426 1490/1490/1490
f 1425/1425/1425 1490/1490/1490 1489/1489/1489
f 1426/1426/1426 1427/1427/1427 1491/1491/1491
f 1426/1426/1426 1491/1491/1491 1490/1490/1490
f 1427/1427/1427 1428/1428/1428 1492/1492/1492
f 1427/1427/1427 1492/1492/1492 1491/1491/1491
f 1428/1428/1428 1429/1429/1429 1493/1493/1493
f 1428/1428/1428 1493/1493/1493 1492/1492/1492
f 1429/1429/1429 1430/1430/1430 1494/1494/1494
f 1429/1429/1429 1494/1494/1494 1493/1493/1493
f 1430/1430/1430 1431/1431/1431 1495/1495/1495
f 1430/1430/1430 1495/1495/1495 1494/1494/1494
f 1431/1431/1431 1432/1432/1432 1496/1496/1496
f 1431/1431/1431 1496/1496/1496 1495/1495/1495
f 1432/1432/1432 1433/1433/1433 1497/1497/1497
f 1432/1432/1432 1497/1497/1497 1496/1496/1496
f 1433/1433/1433 1434/1434/1434 1498/1498/1498
f 1433/1433/1433 1498/1498/1498 1497/1497/1497
f 1434/1434/1434 1435/1435/1435 1499/1499/1499
f 1434/1434/1434 1499/1499/1499 1498/1498/1498
f 1435/1435/1435 1436/1436/1436 1500/1500/1500
f 1435/1435/1435 1500/1500/1500 1499/1499/1499
f 1436/1436/1436 1437/1437/1437 1501/1501/1501
f 1436/1436/1436 1501/1501/1501 1500/1500/1500
f 1437/1437/1437 1438/1438/1438 1502/1502/1502
f 1437/1437/1437 1502/1502/1502 1501/1501/1501
f 1438/1438/1438 1439/1439/1439 1503/1503/1503
f 1438/1438/1438 1503/1503/1503 1502/1502/1502
f 1439/1439/1439 1440/1440/1440 1504/1504/1504
f 1439/1439/1439 1504/1504/1504 1503/1503/1503
f 1440/1440/1440 1441/1441/1441 1505/1505/1505
f 1440/1440/1440 1505/1505/1505 1504/1504/1504
f 1441/1441/1441 1442/1442/1442 1506/1506/1506
f 1441/1441/1441 1506/1506/1506 1505/1505/1505
f 1442/1442/1442 1443/1443/1443 1507/1507/1507
f 1442/1442/1442 1507/1507/1507 1506/1506/1506
f 1443/1443/1443 1444/1444/1444 1508/1508/1508
f 1443/1443/1443 1508/1508/1508 1507/1507/1507
f 1444/1444/1444 1445/1445/1445 1509/1509/1509
f 1444/1444/1444 1509/1509/1509 1508/1508/1508
f 1445/1445/1445 1446/1446/1446 1510/1510/1510
f 1445/1445/1445 1510/1510/1510 1509/1509/1509
f 1446/1446/1446 1447/1447/1447 1511/1511/1511
f 1446/1446/1446 1511/1511/1511 1510/1510/1510
f 1447/1447/1447 1448/1448/1448 1512/1512/1512
f 1447/1447/1447 1512/1512/1512 1511/1511/1511
f 1448/1448/1448 1449/1449/1449 1513/1513/1513
f 1448/1448/1448 1513/1513/1513 1512/1512/1512
f 1449/1449/1449 1450/1450/1450 1514/1514/1514
f 1449/1449/1449 1514/1514/1514 1513/1513/1513
f 1450/1450/1450 1451/1451/1451 1515/1515/1515
f 1450/1450/1450 1515/1515/1515 1514/1514/1514
f 1451/1451/1451 1452/1452/1452 1516/1516/1516
f 1451/1451/1451 1516/1516/1516 1515/1515/1515
f 1452/1452/1452 1453/1453/1453 1517/1517/1517
f 1452/1452/1452 1517/1517/1517 1516/1516/1516
f 1453/1453/1453 1454/1454/1454 1518/1518/1518
f 1453/1453/1453 1518/1518/1518 1517/1517/1517
f 1454/1454/1454 1455/1455/1455 1519/1519/1519
f 1454/1454/1454 1519/1519/1519 1518/1518/1518
f 1455/1455/1455 1456/1456/1456 1520/1520/1520
f 1455/1455/1455 1520/1520/1520 1519/1519/1519
f 1456/1456/1456 1457/1457/1457 1521/1521/1521
f 1456/1456/1456 1521/1521/1521 1520/1520/1520
f 1457/1457/1457 1458/1458/1458 1522/1522/1522
f 1457/1457/1457 1522/1522/1522 1521/1521/1521
f 1458/1458/1458 1459/1459/1459 1523/1523/1523
f 1458/1458/1458 1523/1523/1523 1522/1522/1522
f 1459/1459/1459 1460/1460/1460 1524/1524/1524
f 1459/1459/1459 1524/1524/1524 1523/1523/1523
f 1460/1460/1460 1461/1461/1461 1525/1525/1525
f 1460/1460/1460 1525/1525/1525 1524/1524/1524
f 1461/1461/1461 1462/1462/1462 1526/1526/1526
f 1461/1461/1461 1526/1526/1526 1525/1525/1525
f 1462/1462/1462 1463/1463/1463 1527/1527/1527
f 1462/1462/1462 1527/1527/1527 1526/1526/1526
f 1463/1463/1463 1464/1464/1464 1528/1528/1528
f 1463/1463/1463 1528/1528/1528 1527/1527/1527
f 1464/1464/1464 1465/1465/1465 1529/1529/1529
f 1464/1464/1464 1529/1529/1529 1528/1528/1528
f 1465/1465/1465 1466/1466/1466 1530/1530/1530
f 1465/1465/1465 1530/1530/1530 1529/1529/1529
f 1466/1466/1466 1467/1467/1467 1531/1531/1531
f 1466/1466/1466 1531/1531/1531 1530/1530/1530
f 1467/1467/1467 1468/1468/1468 1532/1532/1532
f 1467/1467/1467 1532/1532/1532 1531/1531/1531
f 1468/1468/1468 1469/1469/1469 1533/1533/1533
f 1468/1468/1468 1533/1533/1533 1532/1532/1532
f 1469/1469/1469 1470/1470/1470 1534/1534/1534
f 1469/1469/1469 1534/1534/1534 1533/1533/1533
f 1470/1470/1470 1471/1471/1471 1535/1535/1535
f 1470/1470/1470 1535/1535/1535 1534/1534/1534
f 1471/1471/1471 1472/1472/1472 1536/1536/1536
f 1471/1471/1471 1536/1536/1536 1535/1535/1535
f 1472/1472/1472 1473/1473/1473 1537/1537/1537
f 1472/1472/1472 1537/1537/1537 1536/1536/1536
f 1473/1473/1473 1411/1411/1411 1475/1475/1475
f 1473/1473/1473 1475/1475/1475 1537/1537/1537
f 1475/1475/1475 1474/1474/1474 1538/1538/1538
f 1475/1475/1475 1538/1538/1538 1539/1539/1539
f 1474/1474/1474 1476/1476/1476 1540/1540/1540
f 1474/1474/1474 1540/1540/1540 1538/1538/1538
f 1476/1476/1476 1477/1477/1477 1541/1541/1541
f 1476/1476/1476 1541/1541/1541 1540/1540/1540
f 1477/1477/1477 1478/1478/1478 1542/1542/1542
f 1477/1477/1477 1542/1542/1542 1541/1541/1541
f 1478/1478/1478 1479/1479/1479 1543/1543/1543
f 1478/1478/1478 1543/1543/1543 1542/1542/1542
f 1479/1479/1479 1480/1480/1480 1544/1544/1544
f 1479/1479/1479 1544/1544/1544 1543/1543/1543
f 1480/1480/1480 1481/1481/1481 1545/1545/1545
f 1480/1480/1480 1545/1545/1545 1544/1544/1544
f 1481/1481/1481 1482/1482/1482 1546/1546/1546
f 1481/1481/1481 1546/1546/1546 1545/1545/1545
f 1482/1482/1482 1483/1483/1483 1547/1547/1547
f 1482/1482/1482 1547/1547/1547 1546/1546/1546
f 1483/1483/1483 1484/1484/1484 1548/1548/1548
f 1483/1483/1483 1548/1548/1548 1547/1547/1547
f 1484/1484/1484 1485/1485/1485 1549/1549/1549
f 1484/1484/1484 1549/1549/1549 1548/1548/1548
f 1485/1485/1485 1486/1486/1486 1550/1550/1550
f 1485/1485/1485 1550/1550/1550 1549/1549/1549
f 1486/1486/1486 1487/1487/1487 1551/1551/1551
f 1486/1486/1486 1551/1551/1551 1550/1550/1550
f 1487/1487/1487 1488/1488/1488 1552/1552/1552
f 1487/1487/1487 1552/1552/1552 1551/1551/1551
f 1488/1488/1488 1489/1489/1489 1553/1553/1553
f 1488/1488/1488 1553/1553/1553 1552/1552/1552
f 1489/1489/1489 1490/1490/1490 1554/1554/1554
f 1489/1489/1489 1554/1554/1554 1553/1553/1553
f 1490/1490/1490 1491/1491/1491 1555/1555/1555
f 1490/1490/1490 1555/1555/1555 1554/1554/1554
f 1491/1491/1491 1492/1492/1492 1556/1556/1556
f 1491/1491/1491 1556/1556/1556 1555/1555/1555
f 1492/1492/1492 1493/1493/1493 1557/1557/1557
f 1492/1492/1492 1557/1557/1557 1556/1556/1556
f 1493/1493/1493 1494/1494/1494 1558/1558/1558
f 1493/1493/1493 1558/1558/1558 1557/1557/1557
f 1494/1494/1494 1495/1495/1495 1559/1559/1559
f 1494/1494/1494 1559/1559/1559 1558/1558/1558
f 1495/1495/1495 1496/1496/1496 1560/1560/1560
f 1495/1495/1495 1560/1560/1560 1559/1559/1559
f 1496/1496/1496 1497/1497/1497 1561/1561/1561
f 1496/1496/1496 1561/1561/1561 1560/1560/1560
f 1497/1497/1497 1498/1498/1498 1562/1562/1562
f 1497/1497/1497 1562/1562/1562 1561/1561/1561
f 1498/1498/1498 1499/1499/1499 1563/1563/1563
f 1498/1498/1498 1563/1563/1563 1562/1562/1562
f 1499/1499/1499 1500/1500/1500 1564/1564/1564
f 1499/1499/1499 1564/1564/1564 1563/1563/1563
f 1500/1500/1500 1501/1501/1501 1565/1565/1565
f 1500/1500/1500 1565/1565/1565 1564/1564/1564
f 1501/1501/1501 1502/1502/1502 1566/1566/1566
f 1501/1501/1501 1566/1566/1566 1565/1565/1565
f 1502/1502/1502 1503/1503/1503 1567/1567/1567
f 1502/1502/1502 1567/1567/1567 1566/1566/1566
f 1503/1503/1503 1504/1504/1504 1568/1568/1568
f 1503/1503/1503 1568/1568/1568 1567/1567/1567
f 1504/1504/1504 1505/1505/1505 1569/1569/1569
f 1504/1504/1504 1569/1569/1569 1568/1568/1568
f 1505/1505/1505 1506/1506/1506 1570/1570/1570
f 1505/1505/1505 1570/1570/1570 1569/1569/1569
f 1506/1506/1506 1507/1507/1507 1571/1571/1571
f 1506/1506/1506 1571/1571/1571 1570/1570/1570
f 1507/1507/1507 1508/1508/1508 1572/1572/1572
f 1507/1507/1507 1572/1572/1572 1571/1571/1571
f 1508/1508/1508 1509/1509/1509 1573/1573/1573
f 1508/1508/1508 1573/1573/1573 1572/1572/1572
f 1509/1509/1509 1510/1510/1510 1574/1574/1574
f 1509/1509/1509 1574/1574/1574 1573/1573/1573
f 1510/1510/1510 1511/1511/1511 1575/1575/1575
f 1510/1510/1510 1575/1575/1575 1574/1574/1574
f 1511/1511/1511 1512/1512/1512 1576/1576/1576
f 1511/1511/1511 1576/1576/1576 1575/1575/1575
f 1512/1512/1512 1513/1513/1513 1577/1577/1577
f 1512/1512/1512 1577/1577/1577 1576/1576/1576
f 1513/1513/1513 1514/1514/1514 1578/1578/1578
f 1513/1513/1513 1578/1578/1578 1577/1577/1577
f 1514/1514/1514 1515/1515/1515 1579/1579/1579
f 1514/1514/1514 1579/1579/1579 1578/1578/1578
f 1515/1515/1515 1516/1516/1516 1580/1580/1580
f 1515/1515/1515 1580/1580/1580 1579/1579/1579
f 1516/1516/1516 1517/1517/1517 1581/1581/1581
f 1516/1516/1516 1581/1581/1581 1580/1580/1580
f 1517/1517/1517 1518/1518/1518 1582/1582/1582
f 1517/1517/1517 1582/1582/1582 1581/1581/1581
f 1518/1518/1518 1519/1519/1519 1583/1583/1583
f 1518/1518/1518 1583/1583/1583 1582/1582/1582
f 1519/1519/1519 1520/1520/1520 1584/1584/1584
f 1519/1519/1519 1584/1584/1584 1583/1583/1583
f 1520/1520/1520 1521/1521/1521 1585/1585/1585
f 1520/1520/1520 1585/1585/1585 1584/1584/1584
f 1521/1521/1521 1522/1522/1522 1586/1586/1586
f 1521/1521/1521 1586/1586/1586 1585/1585/1585
f 1522/1522/1522 1523/1523/1523 1587/1587/1587
f 1522/1522/1522 1587/1587/1587 1586/1586/1586
f 1523/1523/1523 1524/1524/1524 1588/1588/1588
f 1523/1523/1523 1588/1588/1588 1587/1587/1587
f 1524/1524/1524 1525/1525/1525 1589/1589/1589
f 1524/1524/1524 1589/1589/1589 1588/1588/1588
f 1525/1525/1525 1526/1526/1526 1590/1590/1590
f 1525/1525/1525 1590/1590/1590 1589/1589/1589
f 1526/1526/1526 1527/1527/1527 1591/1591/1591
f 1526/1526/1526 1591/1591/1591 1590/1590/1590
f 1527/1527/1527 1528/1528/1528 1592/1592/1592
f 1527/1527/1527 1592/1592/1592 1591/1591/1591
f 1528/1528/1528 1529/1529/1529 1593/1593/1593
f 1528/1528/1528 1593/1593/1593 1592/1592/1592
f 1529/1529/1529 1530/1530/1530 1594/1594/1594
f 1529/1529/1529 1594/1594/1594 1593/1593/1593
f 1530/1530/1530 1531/1531/1531 1595/1595/1595
f 1530/1530/1530 1595/1595/1595 1594/1594/1594
f 1531/1531/1531 1532/1532/1532 1596/1596/1596
f 1531/1531/1531 1596/1596/1596 1595/1595/1595
f 1532/1532/1532 1533/1533/1533 1597/1597/1597
f 1532/1532/1532 1597/1597/1597 1596/1596/1596
f 1533/1533/1533 1534/1534/1534 1598/1598/1598
f 1533/1533/1533 1598/1598/1598 1597/1597/1597
f 1534/1534/1534 1535/1535/1535 1599/1599/1599
f 1534/1534/1534 1599/1599/1599 1598/1598/1598
f 1535/1535/1535 1536/1536/1536 1600/1600/1600
f 1535/1535/1535 1600/1600/1600 1599/1599/1599
f 1536/1536/1536 1537/1537/1537 1601/1601/1601
f 1536/1536/1536 1601/1601/1601 1600/1600/1600
f 1537/1537/1537 1475/1475/1475 1539/1539/1539
f 1537/1537/1537 1539/1539/1539 1601/1601/1601
f 1539/1539/1539 1538/1538/1538 1602/1602/1602
f 1539/1539/1539 1602/1602/1602 1603/1603/1603
f 1538/1538/1538 1540/1540/1540 1604/1604/1604
f 1538/1538/1538 1604/1604/1604 1602/1602/1602
f 1540/1540/1540 1541/1541/1541 1605/1605/1605
f 1540/1540/1540 1605/1605/1605 1604/1604/1604
f 1541/1541/1541 1542/1542/1542 1606/1606/1606
f 1541/1541/1541 1606/1606/1606 1605/1605/1605
f 1542/1542/1542 1543/1543/1543 1607/1607/1607
f 1542/1542/1542 1607/1607/1607 1606/1606/1606
f 1543/1543/1543 1544/1544/1544 1608/1608/1608
f 1543/1543/1543 1608/1608/1608 1607/1607/1607
f 1544/1544/1544 1545/1545/1545 1609/1609/1609
f 1544/1544/1544 1609/1609/1609 1608/1608/1608
f 1545/1545/1545 1546/1546/1546 1610/1610/1610
f 1545/1545/1545 1610/1610/1610 1609/1609/1609
f 1546/1546/1546 1547/1547/1547 1611/1611/1611
f 1546/1546/1546 1611/1611/1611 1610/1610/1610
f 1547/1547/1547 1548/1548/1548 1612/1612/1612
f 1547/1547/1547 1612/1612/1612 1611/1611/1611
f 1548/1548/1548 1549/1549/1549 1613/1613/1613
f 1548/1548/1548 1613/1613/1613 1612/1612/1612
f 1549/1549/1549 1550/1550/1550 1614/1614/1614
f 1549/1549/1549 1614/1614/1614 1613/1613/1613
f 1550/1550/1550 1551/1551/1551 1615/1615/1615
f 1550/1550/1550 1615/1615/1615 1614/1614/1614
f 1551/1551/1551 1552/1552/1552 1616/1616/1616
f 1551/1551/1551 1616/1616/1616 1615/1615/1615
f 1552/1552/1552 1553/1553/1553 1617/1617/1617
f 1552/1552/1552 1617/1617/1617 1616/1616/1616
f 1553/1553/1553 1554/1554/1554 1618/1618/1618
f 1553/1553/1553 1618/1618/1618 1617/1617/1617
f 1554/1554/1554 1555/1555/1555 1619/1619/1619
f 1554/1554/1554 1619/1619/1619 1618/1618/1618
f 1555/1555/1555 1556/1556/1556 1620/1620/1620
f 1555/1555/1555 1620/1620/1620 1619/1619/1619
f 1556/1556/1556 1557/1557/1557 1621/1621/1621
f 1556/1556/1556 1621/1621/1621 1620/1620/1620
f 1557/1557/1557 1558/1558/1558 1622/1622/1622
f 1557/1557/1557 1622/1622/1622 1621/1621/1621
f 1558/1558/1558 1559/1559/1559 1623/1623/1623
f 1558/1558/1558 1623/1623/1623 1622/1622/1622
f 1559/1559/1559 1560/1560/1560 1624/1624/1624
f 1559/1559/1559 1624/1624/1624 1623/1623/1623
f 1560/1560/1560 1561/1561/1561 1625/1625/1625
f 1560/1560/1560 1625/1625/1625 1624/1624/1624
f 1561/1561/1561 1562/1562/1562 1626/1626/1626
f 1561/1561/1561 1626/1626/1626 1625/1625/1625
f 1562/1562/1562 1563/1563/1563 1627/1627/1627
f 1562/1562/1562 1627/1627/1627 1626/1626/1626
f 1563/1563/1563 1564/1564/1564 1628/1628/1628
f 1563/1563/1563 1628/1628/1628 1627/1627/1627
f 1564/1564/1564 1565/1565/1565 1629/1629/1629
f 1564/1564/1564 1629/1629/1629 1628/1628/1628
f 1565/1565/1565 1566/1566/1566 1630/1630/1630
f 1565/1565/1565 1630/1630/1630 1629/1629/1629
f 1566/1566/1566 1567/1567/1567 1631/1631/1631
f 1566/1566/1566 1631/1631/1631 1630/1630/1630
f 1567/1567/1567 1568/1568/1568 1632/1632/1632
f 1567/1567/1567 1632/1632/1632 1631/1631/1631
f 1568/1568/1568 1569/1569/1569 1633/1633/1633
f 1568/1568/1568 1633/1633/1633 1632/1632/1632
f 1569/1569/1569 1570/1570/1570 1634/1634/1634
f 1569/1569/1569 1634/1634/1634 1633/1633/1633
f 1570/1570/1570 1571/1571/1571 1635/1635/1635
f 1570/1570/1570 1635/1635/1635 1634/1634/1634
f 1571/1571/1571 1572/1572/1572 1636/1636/1636
f 1571/1571/1571 1636/1636/1636 1635/1635/1635
f 1572/1572/1572 1573/1573/1573 1637/1637/1637
f 1572/1572/1572 1637/1637/1637 1636/1636/1636
f 1573/1573/1573 1574/1574/1574 1638/1638/1638
f 1573/1573/1573 1638/1638/1638 1637/1637/1637
f 1574/1574/1574 1575/1575/1575 1639/1639/1639
f 1574/1574/1574 1639/1639/1639 1638/1638/1638
f 1575/1575/1575 1576/1576/1576 1640/1640/1640
f 1575/1575/1575 1640/1640/1640 1639/1639/1639
f 1576/1576/1576 1577/1577/1577 1641/1641/1641
f 1576/1576/1576 1641/1641/1641 1640/1640/1640
f 1577/1577/1577 1578/1578/1578 1642/1642/1642
f 1577/1577/1577 1642/1642/1642 1641/1641/1641
f 1578/1578/1578 1579/1579/1579 1643/1643/1643
f 1578/1578/1578 1643/1643/1643 1642/1642/1642
f 1579/1579/1579 1580/1580/1580 1644/1644/1644
f 1579/1579/1579 1644/1644/1644 1643/1643/1643
f 1580/1580/1580 1581/1581/1581 1645/1645/1645
f 1580/1580/1580 1645/1645/1645 1644/1644/1644
f 1581/1581/1581 1582/1582/1582 1646/1646/1646
f 1581/1581/1581 1646/1646/1646 1645/1645/1645
f 1582/1582/1582 1583/1583/1583 1647/1647/1647
f 1582/1582/1582 1647/1647/1647 1646/1646/1646
f 1583/1583/1583 1584/1584/1584 1648/1648/1648
f 1583/1583/1583 1648/1648/1648 1647/1647/1647
f 1584/1584/1584 1585/1585/1585 1649/1649/1649
f 1584/1584/1584 1649/1649/1649 1648/1648/1648
f 1585/1585/1585 1586/1586/1586 1650/1650/1650
f 1585/1585/1585 1650/1650/1650 1649/1649/1649
f 1586/1586/1586 1587/1587/1587 1651/1651/1651
f 1586/1586/1586 1651/1651/1651 1650/1650/1650
f 1587/1587/1587 1588/1588/1588 1652/1652/1652
f 1587/1587/1587 1652/1652/1652 1651/1651/1651
f 1588/1588/1588 1589/1589/1589 1653/1653/1653
f 1588/1588/1588 1653/1653/1653 1652/1652/1652
f 1589/1589/1589 1590/1590/1590 1654/1654/1654
f 1589/1589/1589 1654/1654/1654 1653/1653/1653
f 1590/1590/1590 1591/1591/1591 1655/1655/1655
f 1590/1590/1590 1655/1655/1655 1654/1654/1654
f 1591/1591/1591 1592/1592/1592 1656/1656/1656
f 1591/1591/1591 1656/1656/1656 1655/1655/1655
f 1592/1592/1592 1593/1593/1593 1657/1657/1657
f 1592/1592/1592 1657/1657/1657 1656/1656/1656
f 1593/1593/1593 1594/1594/1594 1658/1658/1658
f 1593/1593/1593 1658/1658/1658 1657/1657/1657
f 1594/1594/1594 1595/1595/1595 1659/1659/1659
f 1594/1594/1594 1659/1659/1659 1658/1658/1658
f 1595/1595/1595 1596/1596/1596 1660/1660/1660
f 1595/1595/1595 1660/1660/1660 1659/1659/1659
f 1596/1596/1596 1597/1597/1597 1661/1661/1661
f 1596/1596/1596 1661/1661/1661 1660/1660/1660
f 1597/1597/1597 1598/1598/1598 1662/1662/1662
f 1597/1597/1597 1662/1662/1662 1661/1661/1661
f 1598/1598/1598 1599/1599/1599 1663/1663/1663
f 1598/1598/1598 1663/1663/1663 1662/1662/1662
f 1599/1599/1599 1600/1600/1600 1664/1664/1664
f 1599/1599/1599 1664/1664/1664 1663/1663/1663
f 1600/1600/1600 1601/1601/1601 1665/1665/1665
f 1600/1600/1600 1665/1665/1665 1664/1664/1664
f 1601/1601/1601 1539/1539/1539 1603/1603/1603
f 1601/1601/1601 1603/1603/1603 1665/1665/1665
f 1603/1603/1603 1602/1602/1602 1666/1666/1666
f 1603/1603/1603 1666/1666/1666 1667/1667/1667
f 1602/1602/1602 1604/1604/1604 1668/1668/1668
f 1602/1602/1602 1668/1668/1668 1666/1666/1666
f 1604/1604/1604 1605/1605/1605 1669/1669/1669
f 1604/1604/1604 1669/1669/1669 1668/1668/1668
f 1605/1605/1605 1606/1606/1606 1670/1670/1670
f 1605/1605/1605 1670/1670/1670 1669/1669/1669
f 1606/1606/1606 1607/1607/1607 1671/1671/1671
f 1606/1606/1606 1671/1671/1671 1670/1670/1670
f 1607/1607/1607 1608/1608/1608 1672/1672/1672
f 1607/1607/1607 1672/1672/1672 1671/1671/1671
f 1608/1608/1608 1609/1609/1609 1673/1673/1673
f 1608/1608/1608 1673/1673/1673 1672/1672/1672
f 1609/1609/1609 1610/1610/1610 1674/1674/1674
f 1609/1609/1609 1674/1674/1674 1673/1673/1673
f 1610/1610/1610 1611/1611/1611 1675/1675/1675
f 1610/1610/1610 1675/1675/1675 1674/1674/1674
f 1611/1611/1611 1612/1612/1612 1676/1676/1676
f 1611/1611/1611 1676/1676/1676 1675/1675/1675
f 1612/1612/1612 1613/1613/1613 1677/1677/1677
f 1612/1612/1612 1677/1677/1677 1676/1676/1676
f 1613/1613/1613 1614/1614/1614 1678/1678/1678
f 1613/1613/1613 1678/1678/1678 1677/1677/1677
f 1614/1614/1614 1615/1615/1615 1679/1679/1679
f 1614/1614/1614 1679/1679/1679 1678/1678/1678
f 1615/1615/1615 1616/1616/1616 1680/1680/1680
f 1615/1615/1615 1680/1680/1680 1679/1679/1679
f 1616/1616/1616 1617/1617/1617 1681/1681/1681
f 1616/1616/1616 1681/1681/1681 1680/1680/1680
f 1617/1617/1617 1618/1618/1618 1682/1682/1682
f 1617/1617/1617 1682/1682/1682 1681/1681/1681
f 1618/1618/1618 1619/1619/1619 1683/1683/1683
f 1618/1618/1618 1683/1683/1683 1682/1682/1682
f 1619/1619/1619 1620/1620/1620 1684/1684/1684
f 1619/1619/1619 1684/1684/1684 1683/1683/1683
f 1620/1620/1620 1621/1621/1621 1685/1685/1685
f 1620/1620/1620 1685/1685/1685 1684/1684/1684
f 1621/1621/1621 1622/1622/1622 1686/1686/1686
f 1621/1621/1621 1686/1686/1686 1685/1685/1685
f 1622/1622/1622 1623/1623/1623 1687/1687/1687
f 1622/1622/1622 1687/1687/1687 1686/1686/1686
f 1623/1623/1623 1624/1624/1624 1688/1688/1688
f 1623/1623/1623 1688/1688/1688 1687/1687/1687
f 1624/1624/1624 1625/1625/1625 1689/1689/1689
f 1624/1624/1624 1689/1689/1689 1688/1688/1688
f 1625/1625/1625 1626/1626/1626 1690/1690/1690
f 1625/1625/1625 1690/1690/1690 1689/1689/1689
f 1626/1626/1626 1627/1627/1627 1691/1691/1691
f 1626/1626/1626 1691/1691/1691 1690/1690/1690
f 1627/1627/1627 1628/1628/1628 1692/1692/1692
f 1627/1627/1627 1692/1692/1692 1691/1691/1691
f 1628/1628/1628 1629/1629/1629 1693/1693/1693
f 1628/1628/1628 1693/1693/1693 1692/1692/1692
f 1629/1629/1629 1630/1630/1630 1694/1694/1694
f 1629/1629/1629 1694/1694/1694 1693/1693/1693
f 1630/1630/1630 1631/1631/1631 1695/1695/1695
f 1630/1630/1630 1695/1695/1695 1694/1694/1694
f 1631/1631/1631 1632/1632/1632 1696/1696/1696
f 1631/1631/1631 1696/1696/1696 1695/1695/1695
f 1632/1632/1632 1633/1633/1633 1697/1697/1697
f 1632/1632/1632 1697/1697/1697 1696/1696/1696
f 1633/1633/1633 1634/1634/1634 1698/1698/1698
f 1633/1633/1633 1698/1698/1698 1697/1697/1697
f 1634/1634/1634 1635/1635/1635 1699/1699/1699
f 1634/1634/1634 1699/1699/1699 1698/1698/1698
f 1635/1635/1635 1636/1636/1636 1700/1700/1700
f 1635/1635/1635 1700/1700/1700 1699/1699/1699
f 1636/1636/1636 1637/1637/1637 1701/1701/1701
f 1636/1636/1636 1701/1701/1701 1700/1700/1700
f 1637/1637/1637 1638/1638/1638 1702/1702/1702
f 1637/1637/1637 1702/1702/1702 1701/1701/1701
f 1638/1638/1638 1639/1639/1639 1703/1703/1703
f 1638/1638/1638 1703/1703/1703 1702/1702/1702
f 1639/1639/1639 1640/1640/1640 1704/1704/1704
f 1639/1639/1639 1704/1704/1704 1703/1703/1703
f 1640/1640/1640 1641/1641/1641 1705/1705/1705
f 1640/1640/1640 1705/1705/1705 1704/1704/1704
f 1641/1641/1641 1642/1642/1642 1706/1706/1706
f 1641/1641/1641 1706/1706/1706 1705/1705/1705
f 1642/1642/1642 1643/1643/1643 1707/1707/1707
f 1642/1642/1642 1707/1707/1707 1706/1706/1706
f 1643/1643/1643 1644/1644/1644 1708/1708/1708
f 1643/1643/1643 1708/1708/1708 1707/1707/1707
f 1644/1644/1644 1645/1645/1645 1709/1709/1709
f 1644/1644/1644 1709/1709/1709 1708/1708/1708
f 1645/1645/1645 1646/1646/1646 1710/1710/1710
f 1645/1645/1645 1710/1710/1710 1709/1709/1709
f 1646/1646/1646 1647/1647/1647 1711/1711/1711
f 1646/1646/1646 1711/1711/1711 1710/1710/1710
f 1647/1647/1647 1648/1648/1648 1712/1712/1712
f 1647/1647/1647 1712/1712/1712 1711/1711/1711
f 1648/1648/1648 1649/1649/1649 1713/1713/1713
f 1648/1648/1648 1713/1713/1713 1712/1712/1712
f 1649/1649/1649 1650/1650/1650 1714/1714/1714
f 1649/1649/1649 1714/1714/1714 1713/1713/1713
f 1650/1650/1650 1651/1651/1651 1715/1715/1715
f 1650/1650/1650 1715/1715/1715 1714/1714/1714
f 1651/1651/1651 1652/1652/1652 1716/1716/1716
f 1651/1651/1651 1716/1716/1716 1715/1715/1715
f 1652/1652/1652 1653/1653/1653 1717/1717/1717
f 1652/1652/1652 1717/1717/1717 1716/1716/1716
f 1653/1653/1653 1654/1654/1654 1718/1718/1718
f 1653/1653/1653 1718/1718/1718 1717/1717/1717
f 1654/1654/1654 1655/1655/1655 1719/1719/1719
f 1654/1654/1654 1719/1719/1719 1718/1718/1718
f 1655/1655/1655 1656/1656/1656 1720/1720/1720
f 1655/1655/1655 1720/1720/1720 1719/1719/1719
f 1656/1656/1656 1657/1657/1657 1721/1721/1721
f 1656/1656/1656 1721/1721/1721 1720/1720/1720
f 1657/1657/1657 1658/1658/1658 1722/1722/1722
f 1657/1657/1657 1722/1722/1722 1721/1721/1721
f 1658/1658/1658 1659/1659/1659 1723/1723/1723
f 1658/1658/1658 1723/1723/1723 1722/1722/1722
f 1659/1659/1659 1660/1660/1660 1724/1724/1724
f 1659/1659/1659 1724/1724/1724 1723/1723/1723
f 1660/1660/1660 1661/1661/1661 1725/1725/1725
f 1660/1660/1660 1725/1725/1725 1724/1724/1724
f 1661/1661/1661 1662/1662/1662 1726/1726/1726
f 1661/1661/1661 1726/1726/1726 1725/1725/1725
f 1662/1662/1662 1663/1663/1663 1727/1727/1727
f 1662/1662/1662 1727/1727/1727 1726/1726/1726
f 1663/1663/1663 1664/1664/1664 1728/1728/1728
f 1663/1663/1663 1728/1728/1728 1727/1727/1727
f 1664/1664/1664 1665/1665/1665 1729/1729/1729
f 1664/1664/1664 1729/1729/1729 1728/1728/1728
f 1665/1665/1665 1603/1603/1603 1667/1667/1667
f 1665/1665/1665 1667/1667/1667 1729/1729/1729
f 1667/1667/1667 1666/1666/1666 1730/1730/1730
f 1667/1667/1667 1730/1730/1730 1731/1731/1731
f 1666/1666/1666 1668/1668/1668 1732/1732/1732
f 1666/1666/1666 1732/1732/1732 1730/1730/1730
f 1668/1668/1668 1669/1669/1669 1733/1733/1733
f 1668/1668/1668 1733/1733/1733 1732/1732/1732
f 1669/1669/1669 1670/1670/1670 1734/1734/1734
f 1669/1669/1669 1734/1734/1734 1733/1733/1733
f 1670/1670/1670 1671/1671/1671 1735/1735/1735
f 1670/1670/1670 1735/1735/1735 1734/1734/1734
f 1671/1671/1671 1672/1672/1672 1736/1736/1736
f 1671/1671/1671 1736/1736/1736 1735/1735/1735
f 1672/1672/1672 1673/1673/1673 1737/1737/1737
f 1672/1672/1672 1737/1737/1737 1736/1736/1736
f 1673/1673/1673 1674/1674/1674 1738/1738/1738
f 1673/1673/1673 1738/1738/1738 1737/1737/1737
f 1674/1674/1674 1675/1675/1675 1739/1739/1739
f 1674/1674/1674 1739/1739/1739 1738/1738/1738
f 1675/1675/1675 1676/1676/1676 1740/1740/1740
f 1675/1675/1675 1740/1740/1740 1739/1739/1739
f 1676/1676/1676 1677/1677/1677 1741/1741/1741
f 1676/1676/1676 1741/1741/1741 1740/1740/1740
f 1677/1677/1677 1678/1678/1678 1742/1742/1742
f 1677/1677/1677 1742/1742/1742 1741/1741/1741
f 1678/1678/1678 1679/1679/1679 1743/1743/1743
f 1678/1678/1678 1743/1743/1743 1742/1742/1742
f 1679/1679/1679 1680/1680/1680 1744/1744/1744
f 1679/1679/1679 1744/1744/1744 1743/1743/1743
f 1680/1680/1680 1681/1681/1681 1745/1745/1745
f 1680/1680/1680 1745/1745/1745 1744/1744/1744
f 1681/1681/1681 1682/1682/1682 1746/1746/1746
f 1681/1681/1681 1746/1746/1746 1745/1745/1745
f 1682/1682/1682 1683/1683/1683 1747/1747/1747
f 1682/1682/1682 1747/1747/1747 1746/1746/1746
f 1683/1683/1683 1684/1684/1684 1748/1748/1748
f 1683/1683/1683 1748/1748/1748 1747/1747/1747
f 1684/1684/1684 1685/1685/1685 1749/1749/1749
f 1684/1684/1684 1749/1749/1749 1748/1748/1748
f 1685/1685/1685 1686/1686/1686 1750/1750/1750
f 1685/1685/1685 1750/1750/1750 1749/1749/1749
f 1686/1686/1686 1687/1687/1687 1751/1751/1751
f 1686/1686/1686 1751/1751/1751 1750/1750/1750
f 1687/1687/1687 1688/1688/1688 1752/1752/1752
f 1687/1687/1687 1752/1752/1752 1751/1751/1751
f 1688/1688/1688 1689/1689/1689 1753/1753/1753
f 1688/1688/1688 1753/1753/1753 1752/1752/1752
f 1689/1689/1689 1690/1690/1690 1754/1754/1754
f 1689/1689/1689 1754/1754/1754 1753/1753/1753
f 1690/1690/1690 1691/1691/1691 1755/1755/1755
f 1690/1690/1690 1755/1755/1755 1754/1754/1754
f 1691/1691/1691 1692/1692/1692 1756/1756/1756
f 1691/1691/1691 1756/1756/1756 1755/1755/1755
f 1692/1692/1692 1693/1693/1693 1757/1757/1757
f 1692/1692/1692 1757/1757/1757 1756/1756/1756
f 1693/1693/1693 1694/1694/1694 1758/1758/1758
f 1693/1693/1693 1758/1758/1758 1757/1757/1757
f 1694/1694/1694 1695/1695/1695 1759/1759/1759
f 1694/1694/1694 1759/1759/1759 1758/1758/1758
f 1695/1695/1695 1696/1696/1696 1760/1760/1760
f 1695/1695/1695 1760/1760/1760 1759/1759/1759
f 1696/1696/1696 1697/1697/1697 1761/1761/1761
f 1696/1696/1696 1761/1761/1761 1760/1760/1760
f 1697/1697/1697 1698/1698/1698 1762/1762/1762
f 1697/1697/1697 1762/1762/1762 1761/1761/1761
f 1698/1698/1698 1699/1699/1699 1763/1763/1763
f 1698/1698/1698 1763/1763/1763 1762/1762/1762
f 1699/1699/1699 1700/1700/1700 1764/1764/1764
f 1699/1699/1699 1764/1764/1764 1763/1763/1763
f 1700/1700/1700 1701/1701/1701 1765/1765/1765
f 1700/1700/1700 1765/1765/1765 1764/1764/1764
f 1701/1701/1701 1702/1702/1702 1766/1766/1766
f 1701/1701/1701 1766/1766/1766 1765/1765/1765
f 1702/1702/1702 1703/1703/1703 1767/1767/1767
f 1702/1702/1702 1767/1767/1767 1766/1766/1766
f 1703/1703/1703 1704/1704/1704 1768/1768/1768
f 1703/1703/1703 1768/1768/1768 1767/1767/1767
f 1704/1704/1704 1705/1705/1705 1769/1769/1769
f 1704/1704/1704 1769/1769/1769 1768/1768/1768
f 1705/1705/1705 1706/1706/1706 1770/1770/1770
f 1705/1705/1705 1770/1770/1770 1769/1769/1769
f 1706/1706/1706 1707/1707/1707 1771/1771/1771
f 1706/1706/1706 1771/1771/1771 1770/1770/1770
f 1707/1707/1707 1708/1708/1708 1772/1772/1772
f 1707/1707/1707 1772/1772/1772 1771/1771/1771
f 1708/1708/1708 1709/1709/1709 1773/1773/1773
f 1708/1708/1708 1773/1773/1773 1772/1772/1772
f 1709/1709/1709 1710/1710/1710 1774/1774/1774
f 1709/1709/1709 1774/1774/1774 1773/1773/1773
f 1710/1710/1710 1711/1711/1711 1775/1775/1775
f 1710/1710/1710 1775/1775/1775 1774/1774/1774
f 1711/1711/1711 1712/1712/1712 1776/1776/1776
f 1711/1711/1711 1776/1776/1776 1775/1775/1775
f 1712/1712/1712 1713/1713/1713 1777/1777/1777
f 1712/1712/1712 1777/1777/1777 1776/1776/1776
f 1713/1713/1713 1714/1714/1714 1778/1778/1778
f 1713/1713/1713 1778/1778/1778 1777/1777/1777
f 1714/1714/1714 1715/1715/1715 1779/1779/1779
f 1714/1714/1714 1779/1779/1779 1778/1778/1778
f 1715/1715/1715 1716/1716/1716 1780/1780/1780
f 1715/1715/1715 1780/1780/1780 1779/1779/1779
f 1716/1716/1716 1717/1717/1717 1781/1781/1781
f 1716/1716/1716 1781/1781/1781 1780/1780/1780
f 1717/1717/1717 1718/1718/1718 1782/1782/1782
f 1717/1717/1717 1782/1782/1782 1781/1781/1781
f 1718/1718/1718 1719/1719/1719 1783/1783/1783
f 1718/1718/1718 1783/1783/1783 1782/1782/1782
f 1719/1719/1719 1720/1720/1720 1784/1784/1784
f 1719/1719/1719 1784/1784/1784 1783/1783/1783
f 1720/1720/1720 1721/1721/1721 1785/1785/1785
f 1720/1720/1720 1785/1785/1785 1784/1784/1784
f 1721/1721/1721 1722/1722/1722 1786/1786/1786
f 1721/1721/1721 1786/1786/1786 1785/1785/1785
f 1722/1722/1722 1723/1723/1723 1787/1787/1787
f 1722/1722/1722 1787/1787/1787 1786/1786/1786
f 1723/1723/1723 1724/1724/1724 1788/1788/1788
f 1723/1723/1723 1788/1788/1788 1787/1787/1787
f 1724/1724/1724 1725/1725/1725 1789/1789/1789
f 1724/1724/1724 1789/1789/1789 1788/1788/1788
f 1725/1725/1725 1726/1726/1726 1790/1790/1790
f 1725/1725/1725 1790/1790/1790 1789/1789/1789
f 1726/1726/1726 1727/1727/1727 1791/1791/1791
f 1726/1726/1726 1791/1791/1791 1790/1790/1790
f 1727/1727/1727 1728/1728/1728 1792/1792/1792
f 1727/1727/1727 1792/1792/1792 1791/1791/1791
f 1728/1728/1728 1729/1729/1729 1793/1793/1793
f 1728/1728/1728 1793/1793/1793 1792/1792/1792
f 1729/1729/1729 1667/1667/1667 1731/1731/1731
f 1729/1729/1729 1731/1731/1731 1793/1793/1793
f 1731/1731/1731 1730/1730/1730 1794/1794/1794
f 1731/1731/1731 1794/1794/1794 1795/1795/1795
f 1730/1730/1730 1732/1732/1732 1796/1796/1796
f 1730/1730/1730 1796/1796/1796 1794/1794/1794
f 1732/1732/1732 1733/1733/1733 1797/1797/1797
f 1732/1732/1732 1797/1797/1797 1796/1796/1796
f 1733/1733/1733 1734/1734/1734 1798/1798/1798
f 1733/1733/1733 1798/1798/1798 1797/1797/1797
f 1734/1734/1734 1735/1735/1735 1799/1799/1799
f 1734/1734/1734 1799/1799/1799 1798/1798/1798
f 1735/1735/1735 1736/1736/1736 1800/1800/1800
f 1735/1735/1735 1800/1800/1800 1799/1799/1799
f 1736/1736/1736 1737/1737/1737 1801/1801/1801
f 1736/1736/1736 1801/1801/1801 1800/1800/1800
f 1737/1737/1737 1738/1738/1738 1802/1802/1802
f 1737/1737/1737 1802/1802/1802 1801/1801/1801
f 1738/1738/1738 1739/1739/1739 1803/1803/1803
f 1738/1738/1738 1803/1803/1803 1802/1802/1802
f 1739/1739/1739 1740/1740/1740 1804/1804/1804
f 1739/1739/1739 1804/1804/1804 1803/1803/1803
f 1740/1740/1740 1741/1741/1741 1805/1805/1805
f 1740/1740/1740 1805/1805/1805 1804/1804/1804
f 1741/1741/1741 1742/1742/1742 1806/1806/1806
f 1741/1741/1741 1806/1806/1806 1805/1805/1805
f 1742/1742/1742 1743/1743/1743 1807/1807/1807
f 1742/1742/1742 1807/1807/1807 1806/1806/1806
f 1743/1743/1743 1744/1744/1744 1808/1808/1808
f 1743/1743/1743 1808/1808/1808 1807/1807/1807
f 1744/1744/1744 1745/1745/1745 1809/1809/1809
f 1744/1744/1744 1809/1809/1809 1808/1808/1808
f 1745/1745/1745 1746/1746/1746 1810/1810/1810
f 1745/1745/1745 1810/1810/1810 1809/1809/1809
f 1746/1746/1746 1747/1747/1747 1811/1811/1811
f 1746/1746/1746 1811/1811/1811 1810/1810/1810
f 1747/1747/1747 1748/1748/1748 1812/1812/1812
f 1747/1747/1747 1812/1812/1812 1811/1811/1811
f 1748/1748/1748 1749/1749/1749 1813/1813/1813
f 1748/1748/1748 1813/1813/1813 1812/1812/1812
f 1749/1749/1749 1750/1750/1750 1814/1814/1814
f 1749/1749/1749 1814/1814/1814 1813/1813/1813
f 1750/1750/1750 1751/1751/1751 1815/1815/1815
f 1750/1750/1750 1815/1815/1815 1814/1814/1814
f 1751/1751/1751 1752/1752/1752 1816/1816/1816
f 1751/1751/1751 1816/1816/1816 1815/1815/1815
f 1752/1752/1752 1753/1753/1753 1817/1817/1817
f 1752/1752/1752 1817/1817/1817 1816/1816/1816
f 1753/1753/1753 1754/1754/1754 1818/1818/1818
f 1753/1753/1753 1818/1818/1818 1817/1817/1817
f 1754/1754/1754 1755/1755/1755 1819/1819/1819
f 1754/1754/1754 1819/1819/1819 1818/1818/1818
f 1755/1755/1755 1756/1756/1756 1820/1820/1820
f 1755/1755/1755 1820/1820/1820 1819/1819/1819
f 1756/1756/1756 1757/1757/1757 1821/1821/1821
f 1756/1756/1756 1821/1821/1821 1820/1820/1820
f 1757/1757/1757 1758/1758/1758 1822/1822/1822
f 1757/1757/1757 1822/1822/1822 1821/1821/1821
f 1758/1758/1758 1759/1759/1759 1823/1823/1823
f 1758/1758/1758 1823/1823/1823 1822/1822/1822
f 1759/1759/1759 1760/1760/1760 1824/1824/1824
f 1759/1759/1759 1824/1824/1824 1823/1823/1823
f 1760/1760/1760 1761/1761/1761 1825/1825/1825
f 1760/1760/1760 1825/1825/1825 1824/1824/1824
f 1761/1761/1761 1762/1762/1762 1826/1826/1826
f 1761/1761/1761 1826/1826/1826 1825/1825/1825
f 1762/1762/1762 1763/1763/1763 1827/1827/1827
f 1762/1762/1762 1827/1827/1827 1826/1826/1826
f 1763/1763/1763 1764/1764/1764 1828/1828/1828
f 1763/1763/1763 1828/1828/1828 1827/1827/1827
f 1764/1764/1764 1765/1765/1765 1829/1829/1829
f 1764/1764/1764 1829/1829/1829 1828/1828/1828
f 1765/1765/1765 1766/1766/1766 1830/1830/1830
f 1765/1765/1765 1830/1830/1830 1829/1829/1829
f 1766/1766/1766 1767/1767/1767 1831/1831/1831
f 1766/1766/1766 1831/1831/1831 1830/1830/1830
f 1767/1767/1767 1768/1768/1768 1832/1832/1832
f 1767/1767/1767 1832/1832/1832 1831/1831/1831
f 1768/1768/1768 1769/1769/1769 1833/1833/1833
f 1768/1768/1768 1833/1833/1833 1832/1832/1832
f 1769/1769/1769 1770/1770/1770 1834/1834/1834
f 1769/1769/1769 1834/1834/1834 1833/1833/1833
f 1770/1770/1770 1771/1771/1771 1835/1835/1835
f 1770/1770/1770 1835/1835/1835 1834/1834/1834
f 1771/1771/1771 1772/1772/1772 1836/1836/1836
f 1771/1771/1771 1836/1836/1836 1835/1835/1835
f 1772/1772/1772 1773/1773/1773 1837/1837/1837
f 1772/1772/1772 1837/1837/1837 1836/1836/1836
f 1773/1773/1773 1774/1774/1774 1838/1838/1838
f 1773/1773/1773 1838/1838/1838 1837/1837/1837
f 1774/1774/1774 1775/1775/1775 1839/1839/1839
f 1774/1774/1774 1839/1839/1839 1838/1838/1838
f 1775/1775/1775 1776/1776/1776 1840/1840/1840
f 1775/1775/1775 1840/1840/1840 1839/1839/1839
f 1776/1776/1776 1777/1777/1777 1841/1841/1841
f 1776/1776/1776 1841/1841/1841 1840/1840/1840
f 1777/1777/1777 1778/1778/1778 1842/1842/1842
f 1777/1777/1777 1842/1842/1842 1841/1841/1841
f 1778/1778/1778 1779/1779/1779 1843/1843/1843
f 1778/1778/1778 1843/1843/1843 1842/1842/1842
f 1779/1779/1779 1780/1780/1780 1844/1844/1844
f 1779/1779/1779 1844/1844/1844 1843/1843/1843
f 1780/1780/1780 1781/1781/1781 1845/1845/1845
f 1780/1780/1780 1845/1845/1845 1844/1844/1844
f 1781/1781/1781 1782/1782/1782 1846/1846/1846
f 1781/1781/1781 1846/1846/1846 1845/1845/1845
f 1782/1782/1782 1783/1783/1783 1847/1847/1847
f 1782/1782/1782 1847/1847/1847 1846/1846/1846
f 1783/1783/1783 1784/1784/1784 1848/1848/1848
f 1783/1783/1783 1848/1848/1848 1847/1847/1847
f 1784/1784/1784 1785/1785/1785 1849/1849/1849
f 1784/1784/1784 1849/1849/1849 1848/1848/1848
f 1785/1785/1785 1786/1786/1786 1850/1850/1850
f 1785/1785/1785 1850/1850/1850 1849/1849/1849
f 1786/1786/1786 1787/1787/1787 1851/1851/1851
f 1786/1786/1786 1851/1851/1851 1850/1850/1850
f 1787/1787/1787 1788/1788/1788 1852/1852/1852
f 1787/1787/1787 1852/1852/1852 1851/1851/1851
f 1788/1788/1788 1789/1789/1789 1853/1853/1853
f 1788/1788/1788 1853/1853/1853 1852/1852/1852
f 1789/1789/1789 1790/1790/1790 1854/1854/1854
f 1789/1789/1789 1854/1854/1854 1853/1853/1853
f 1790/1790/1790 1791/1791/1791 1855/1855/1855
f 1790/1790/1790 1855/1855/1855 1854/1854/1854
f 1791/1791/1791 1792/1792/1792 1856/1856/1856
f 1791/1791/1791 1856/1856/1856 1855/1855/1855
f 1792/1792/1792 1793/1793/1793 1857/1857/1857
f 1792/1792/1792 1857/1857/1857 1856/1856/1856
f 1793/1793/1793 1731/1731/1731 1795/1795/1795
f 1793/1793/1793 1795/1795/1795 1857/1857/1857
f 1795/1795/1795 1794/1794/1794 1858/1858/1858
f 1795/1795/1795 1858/1858/1858 1859/1859/1859
f 1794/1794/1794 1796/1796/1796 1860/1860/1860
f 1794/1794/1794 1860/1860/1860 1858/1858/1858
f 1796/1796/1796 1797/1797/1797 1861/1861/1861
f 1796/1796/1796 1861/1861/1861 1860/1860/1860
f 1797/1797/1797 1798/1798/1798 1862/1862/1862
f 1797/1797/1797 1862/1862/1862 1861/1861/1861
f 1798/1798/1798 1799/1799/1799 1863/1863/1863
f 1798/1798/1798 1863/1863/1863 1862/1862/1862
f 1799/1799/1799 1800/1800/1800 1864/1864/1864
f 1799/1799/1799 1864/1864/1864 1863/1863/1863
f 1800/1800/1800 1801/1801/1801 1865/1865/1865
f 1800/1800/1800 1865/1865/1865 1864/1864/1864
f 1801/1801/1801 1802/1802/1802 1866/1866/1866
f 1801/1801/1801 1866/1866/1866 1865/1865/1865
f 1802/1802/1802 1803/1803/1803 1867/1867/1867
f 1802/1802/1802 1867/1867/1867 1866/1866/1866
f 1803/1803/1803 1804/1804/1804 1868/1868/1868
f 1803/1803/1803 1868/1868/1868 1867/1867/1867
f 1804/1804/1804 1805/1805/1805 1869/1869/1869
f 1804/1804/1804 1869/1869/1869 1868/1868/1868
f 1805/1805/1805 1806/1806/1806 1870/1870/1870
f 1805/1805/1805 1870/1870/1870 1869/1869/1869
f 1806/1806/1806 1807/1807/1807 1871/1871/1871
f 1806/1806/1806 1871/1871/1871 1870/1870/1870
f 1807/1807/1807 1808/1808/1808 1872/1872/1872
f 1807/1807/1807 1872/1872/1872 1871/1871/1871
f 1808/1808/1808 1809/1809/1809 1873/1873/1873
f 1808/1808/1808 1873/1873/1873 1872/1872/1872
f 1809/1809/1809 1810/1810/1810 1874/1874/1874
f 1809/1809/1809 1874/1874/1874 1873/1873/1873
f 1810/1810/1810 1811/1811/1811 1875/1875/1875
f 1810/1810/1810 1875/1875/1875 1874/1874/1874
f 1811/1811/1811 1812/1812/1812 1876/1876/1876
f 1811/1811/1811 1876/1876/1876 1875/1875/1875
f 1812/1812/1812 1813/1813/1813 1877/1877/1877
f 1812/1812/1812 1877/1877/1877 1876/1876/1876
f 1813/1813/1813 1814/1814/1814 1878/1878/1878
f 1813/1813/1813 1878/1878/1878 1877/1877/1877
f 1814/1814/1814 1815/1815/1815 1879/1879/1879
f 1814/1814/1814 1879/1879/1879 1878/1878/1878
f 1815/1815/1815 1816/1816/1816 1880/1880/1880
f 1815/1815/1815 1880/1880/1880 1879/1879/1879
f 1816/1816/1816 1817/1817/1817 1881/1881/1881
f 1816/1816/1816 1881/1881/1881 1880/1880/1880
f 1817/1817/1817 1818/1818/1818 1882/1882/1882
f 1817/1817/1817 1882/1882/1882 1881/1881/1881
f 1818/1818/1818 1819/1819/1819 1883/1883/1883
f 1818/1818/1818 1883/1883/1883 1882/1882/1882
f 1819/1819/1819 1820/1820/1820 1884/1884/1884
f 1819/1819/1819 1884/1884/1884 1883/1883/1883
f 1820/1820/1820 1821/1821/1821 1885/1885/1885
f 1820/1820/1820 1885/1885/1885 1884/1884/1884
f 1821/1821/1821 1822/1822/1822 1886/1886/1886
f 1821/1821/1821 1886/1886/1886 1885/1885/1885
f 1822/1822/1822 1823/1823/1823 1887/1887/1887
f 1822/1822/1822 1887/1887/1887 1886/1886/1886
f 1823/1823/1823 1824/1824/1824 1888/1888/1888
f 1823/1823/1823 1888/1888/1888 1887/1887/1887
f 1824/1824/1824 1825/1825/1825 1889/1889/1889
f 1824/1824/1824 1889/1889/1889 1888/1888/1888
f 1825/1825/1825 1826/1826/1826 1890/1890/1890
f 1825/1825/1825 1890/1890/1890 1889/1889/1889
f 1826/1826/1826 1827/1827/1827 1891/1891/1891
f 1826/1826/1826 1891/1891/1891 1890/1890/1890
f 1827/1827/1827 1828/1828/1828 1892/1892/1892
f 1827/1827/1827 1892/1892/1892 1891/1891/1891
f 1828/1828/1828 1829/1829/1829 1893/1893/1893
f 1828/1828/1828 1893/1893/1893 1892/1892/1892
f 1829/1829/1829 1830/1830/1830 1894/1894/1894
f 1829/1829/1829 1894/1894/1894 1893/1893/1893
f 1830/1830/1830 1831/1831/1831 1895/1895/1895
f 1830/1830/1830 1895/1895/1895 1894/1894/1894
f 1831/1831/1831 1832/1832/1832 1896/1896/1896
f 1831/1831/1831 1896/1896/1896 1895/1895/1895
f 1832/1832/1832 1833/1833/1833 1897/1897/1897
f 1832/1832/1832 1897/1897/1897 1896/1896/1896
f 1833/1833/1833 1834/1834/1834 1898/1898/1898
f 1833/1833/1833 1898/1898/1898 1897/1897/1897
f 1834/1834/1834 1835/1835/1835 1899/1899/1899
f 1834/1834/1834 1899/1899/1899 1898/1898/1898
f 1835/1835/1835 1836/1836/1836 1900/1900/1900
f 1835/1835/1835 1900/1900/1900 1899/1899/1899
f 1836/1836/1836 1837/1837/1837 1901/1901/1901
f 1836/1836/1836 1901/1901/1901 1900/1900/1900
f 1837/1837/1837 1838/1838/1838 1902/1902/1902
f 1837/1837/1837 1902/1902/1902 1901/1901/1901
f 1838/1838/1838 1839/1839/1839 1903/1903/1903
f 1838/1838/1838 1903/1903/1903 1902/1902/1902
f 1839/1839/1839 1840/1840/1840 1904/1904/1904
f 1839/1839/1839 1904/1904/1904 1903/1903/1903
f 1840/1840/1840 1841/1841/1841 1905/1905/1905
f 1840/1840/1840 1905/1905/1905 1904/1904/1904
f 1841/1841/1841 1842/1842/1842 1906/1906/1906
f 1841/1841/1841 1906/1906/1906 1905/1905/1905
f 1842/1842/1842 1843/1843/1843 1907/1907/1907
f 1842/1842/1842 1907/1907/1907 1906/1906/1906
f 1843/1843/1843 1844/1844/1844 1908/1908/1908
f 1843/1843/1843 1908/1908/1908 1907/1907/1907
f 1844/1844/1844 1845/1845/1845 1909/1909/1909
f 1844/1844/1844 1909/1909/1909 1908/1908/1908
f 1845/1845/1845 1846/1846/1846 1910/1910/1910
f 1845/1845/1845 1910/1910/1910 1909/1909/1909
f 1846/1846/1846 1847/1847/1847 1911/1911/1911
f 1846/1846/1846 1911/1911/1911 1910/1910/1910
f 1847/1847/1847 1848/1848/1848 1912/1912/1912
f 1847/1847/1847 1912/1912/1912 1911/1911/1911
f 1848/1848/1848 1849/1849/1849 1913/1913/1913
f 1848/1848/1848 1913/1913/1913 1912/1912/1912
f 1849/1849/1849 1850/1850/1850 1914/1914/1914
f 1849/1849/1849 1914/1914/1914 1913/1913/1913
f 1850/1850/1850 1851/1851/1851 1915/1915/1915
f 1850/1850/1850 1915/1915/1915 1914/1914/1914
f 1851/1851/1851 1852/1852/1852 1916/1916/1916
f 1851/1851/1851 1916/1916/1916 1915/1915/1915
f 1852/1852/1852 1853/1853/1853 1917/1917/1917
f 1852/1852/1852 1917/1917/1917 1916/1916/1916
f 1853/1853/1853 1854/1854/1854 1918/1918/1918
f 1853/1853/1853 1918/1918/1918 1917/1917/1917
f 1854/1854/1854 1855/1855/1855 1919/1919/1919
f 1854/1854/1854 1919/1919/1919 1918/1918/1918
f 1855/1855/1855 1856/1856/1856 1920/1920/1920
f 1855/1855/1855 1920/1920/1920 1919/1919/1919
f 1856/1856/1856 1857/1857/1857 1921/1921/1921
f 1856/1856/1856 1921/1921/1921 1920/1920/1920
f 1857/1857/1857 1795/1795/1795 1859/1859/1859
f 1857/1857/1857 1859/1859/1859 1921/1921/1921
f 1859/1859/1859 1858/1858/1858 1922/1922/1922
f 1859/1859/1859 1922/1922/1922 1923/1923/1923
f 1858/1858/1858 1860/1860/1860 1924/1924/1924
f 1858/1858/1858 1924/1924/1924 1922/1922/1922
f 1860/1860/1860 1861/1861/1861 1925/1925/1925
f 1860/1860/1860 1925/1925/1925 1924/1924/1924
f 1861/1861/1861 1862/1862/1862 1926/1926/1926
f 1861/1861/1861 1926/1926/1926 1925/1925/1925
f 1862/1862/1862 1863/1863/1863 1927/1927/1927
f 1862/1862/1862 1927/1927/1927 1926/1926/1926
f 1863/1863/1863 1864/1864/1864 1928/1928/1928
f 1863/1863/1863 1928/1928/1928 1927/1927/1927
f 1864/1864/1864 1865/1865/1865 1929/1929/1929
f 1864/1864/1864 1929/1929/1929 1928/1928/1928
f 1865/1865/1865 1866/1866/1866 1930/1930/1930
f 1865/1865/1865 1930/1930/1930 1929/1929/1929
f 1866/1866/1866 1867/1867/1867 1931/1931/1931
f 1866/1866/1866 1931/1931/1931 1930/1930/1930
f 1867/1867/1867 1868/1868/1868 1932/1932/1932
f 1867/1867/1867 1932/1932/1932 1931/1931/1931
f 1868/1868/1868 1869/1869/1869 1933/1933/1933
f 1868/1868/1868 1933/1933/1933 1932/1932/1932
f 1869/1869/1869 1870/1870/1870 1934/1934/1934
f 1869/1869/1869 1934/1934/1934 1933/1933/1933
f 1870/1870/1870 1871/1871/1871 1935/1935/1935
f 1870/1870/1870 1935/1935/1935 1934/1934/1934
f 1871/1871/1871 1872/1872/1872 1936/1936/1936
f 1871/1871/1871 1936/1936/1936 1935/1935/1935
f 1872/1872/1872 1873/1873/1873 1937/1937/1937
f 1872/1872/1872 1937/1937/1937 1936/1936/1936
f 1873/1873/1873 1874/1874/1874 1938/1938/1938
f 1873/1873/1873 1938/1938/1938 1937/1937/1937
f 1874/1874/1874 1875/1875/1875 1939/1939/1939
f 1874/1874/1874 1939/1939/1939 1938/1938/1938
f 1875/1875/1875 1876/1876/1876 1940/1940/1940
f 1875/1875/1875 1940/1940/1940 1939/1939/1939
f 1876/1876/1876 1877/1877/1877 1941/1941/1941
f 1876/1876/1876 1941/1941/1941 1940/1940/1940
f 1877/1877/1877 1878/1878/1878 1942/1942/1942
f 1877/1877/1877 1942/1942/1942 1941/1941/1941
f 1878/1878/1878 1879/1879/1879 1943/1943/1943
f 1878/1878/1878 1943/1943/1943 1942/1942/1942
f 1879/1879/1879 1880/1880/1880 1944/1944/1944
f 1879/1879/1879 1944/1944/1944 1943/1943/1943
f 1880/1880/1880 1881/1881/1881 1945/1945/1945
f 1880/1880/1880 1945/1945/1945 1944/1944/1944
f 1881/1881/1881 1882/1882/1882 1946/1946/1946
f 1881/1881/1881 1946/1946/1946 1945/1945/1945
f 1882/1882/1882 1883/1883/1883 1947/1947/1947
f 1882/1882/1882 1947/1947/1947 1946/1946/1946
f 1883/1883/1883 1884/1884/1884 1948/1948/1948
f 1883/1883/1883 1948/1948/1948 1947/1947/1947
f 1884/1884/1884 1885/1885/1885 1949/1949/1949
f 1884/1884/1884 1949/1949/1949 1948/1948/1948
f 1885/1885/1885 1886/1886/1886 1950/1950/1950
f 1885/1885/1885 1950/1950/1950 1949/1949/1949
f 1886/1886/1886 1887/1887/1887 1951/1951/1951
f 1886/1886/1886 1951/1951/1951 1950/1950/1950
f 1887/1887/1887 1888/1888/1888 1952/1952/1952
f 1887/1887/1887 1952/1952/1952 1951/1951/1951
f 1888/1888/1888 1889/1889/1889 1953/1953/1953
f 1888/1888/1888 1953/1953/1953 1952/1952/1952
f 1889/1889/1889 1890/1890/1890 1954/1954/1954
f 1889/1889/1889 1954/1954/1954 1953/1953/1953
f 1890/1890/1890 1891/1891/1891 1955/1955/1955
f 1890/1890/1890 1955/1955/1955 1954/1954/1954
f 1891/1891/1891 1892/1892/1892 1956/1956/1956
f 1891/1891/1891 1956/1956/1956 1955/1955/1955
f 1892/1892/1892 1893/1893/1893 1957/1957/1957
f 1892/1892/1892 1957/1957/1957 1956/1956/1956
f 1893/1893/1893 1894/1894/1894 1958/1958/1958
f 1893/1893/1893 1958/1958/1958 1957/1957/1957
f 1894/1894/1894 1895/1895/1895 1959/1959/1959
f 1894/1894/1894 1959/1959/1959 1958/1958/1958
f 1895/1895/1895 1896/1896/1896 1960/1960/1960
f 1895/1895/1895 1960/1960/1960 1959/1959/1959
f 1896/1896/1896 1897/1897/1897 1961/1961/1961
f 1896/1896/1896 1961/1961/1961 1960/1960/1960
f 1897/1897/1897 1898/1898/1898 1962/1962/1962
f 1897/1897/1897 1962/1962/1962 1961/1961/1961
f 1898/1898/1898 1899/1899/1899 1963/1963/1963
f 1898/1898/1898 1963/1963/1963 1962/1962/1962
f 1899/1899/1899 1900/1900/1900 1964/1964/1964
f 1899/1899/1899 1964/1964/1964 1963/1963/1963
f 1900/1900/1900 1901/1901/1901 1965/1965/1965
f 1900/1900/1900 1965/1965/1965 1964/1964/1964
f 1901/1901/1901 1902/1902/1902 1966/1966/1966
f 1901/1901/1901 1966/1966/1966 1965/1965/1965
f 1902/1902/1902 1903/1903/1903 1967/1967/1967
f 1902/1902/1902 1967/1967/1967 1966/1966/1966
f 1903/1903/1903 1904/1904/1904 1968/1968/1968
f 1903/1903/1903 1968/1968/1968 1967/1967/1967
f 1904/1904/1904 1905/1905/1905 1969/1969/1969
f 1904/1904/1904 1969/1969/1969 1968/1968/1968
f 1905/1905/1905 1906/1906/1906 1970/1970/1970
f 1905/1905/1905 1970/1970/1970 1969/1969/1969
f 1906/1906/1906 1907/1907/1907 1971/1971/1971
f 1906/1906/1906 1971/1971/1971 1970/1970/1970
f 1907/1907/1907 1908/1908/1908 1972/1972/1972
f 1907/1907/1907 1972/1972/1972 1971/1971/1971
f 1908/1908/1908 1909/1909/1909 1973/1973/1973
f 1908/1908/1908 1973/1973/1973 1972/1972/1972
f 1909/1909/1909 1910/1910/1910 1974/1974/1974
f 1909/1909/1909 1974/1974/1974 1973/1973/1973
f 1910/1910/1910 1911/1911/1911 1975/1975/1975
f 1910/1910/1910 1975/1975/1975 1974/1974/1974
f 1911/1911/1911 1912/1912/1912 1976/1976/1976
f 1911/1911/1911 1976/1976/1976 1975/1975/1975
f 1912/1912/1912 1913/1913/1913 1977/1977/1977
f 1912/1912/1912 1977/1977/1977 1976/1976/1976
f 1913/1913/1913 1914/1914/1914 1978/1978/1978
f 1913/1913/1913 1978/1978/1978 1977/1977/1977
f 1914/1914/1914 1915/1915/1915 1979/1979/1979
f 1914/1914/1914 1979/1979/1979 1978/1978/1978
f 1915/1915/1915 1916/1916/1916 1980/1980/1980
f 1915/1915/1915 1980/1980/1980 1979/1979/1979
f 1916/1916/1916 1917/1917/1917 1981/1981/1981
f 1916/1916/1916 1981/1981/1981 1980/1980/1980
f 1917/1917/1917 1918/1918/1918 1982/1982/1982
f 1917/1917/1917 1982/1982/1982 1981/1981/1981
f 1918/1918/1918 1919/1919/1919 1983/1983/1983
f 1918/1918/1918 1983/1983/1983 1982/1982/1982
f 1919/1919/1919 1920/1920/1920 1984/1984/1984
f 1919/1919/1919 1984/1984/1984 1983/1983/1983
f 1920/1920/1920 1921/1921/1921 1985/1985/1985
f 1920/1920/1920 1985/1985/1985 1984/1984/1984
f 1921/1921/1921 1859/1859/1859 1923/1923/1923
f 1921/1921/1921 1923/1923/1923 1985/1985/1985
f 1923/1923/1923 1922/1922/1922 1986/1986/1986
f 1922/1922/1922 1924/1924/1924 1986/1986/1986
f 1924/1924/1924 1925/1925/1925 1986/1986/1986
f 1925/1925/1925 1926/1926/1926 1986/1986/1986
f 1926/1926/1926 1927/1927/1927 1986/1986/1986
f 1927/1927/1927 1928/1928/1928 1986/1986/1986
f 1928/1928/1928 1929/1929/1929 1986/1986/1986
f 1929/1929/1929 1930/1930/1930 1986/1986/1986
f 1930/1930/1930 1931/1931/1931 1986/1986/1986
f 1931/1931/1931 1932/1932/1932 1986/1986/1986
f 1932/1932/1932 1933/1933/1933 1986/1986/1986
f 1933/1933/1933 1934/1934/1934 1986/1986/1986
f 1934/1934/1934 1935/1935/1935 1986/1986/1986
f 1935/1935/1935 1936/1936/1936 1986/1986/1986
f 1936/1936/1936 1937/1937/1937 1986/1986/1986
f 1937/1937/1937 1938/1938/1938 1986/1986/1986
f 1938/1938/1938 1939/1939/1939 1986/1986/1986
f 1939/1939/1939 1940/1940/1940 1986/1986/1986
f 1940/1940/1940 1941/1941/1941 1986/1986/1986
f 1941/1941/1941 1942/1942/1942 1986/1986/1986
f 1942/1942/1942 1943/1943/1943 1986/1986/1986
f 1943/1943/1943 1944/1944/1944 1986/1986/1986
f 1944/1944/1944 1945/1945/1945 1986/1986/1986
f 1945/1945/1945 1946/1946/1946 1986/1986/1986
f 1946/1946/1946 1947/1947/1947 1986/1986/1986
f 1947/1947/1947 1948/1948/1948 1986/1986/1986
f 1948/1948/1948 1949/1949/1949 1986/1986/1986
f 1949/1949/1949 1950/1950/1950 1986/1986/1986
f 1950/1950/1950 1951/1951/1951 1986/1986/1986
f 1951/1951/1951 1952/1952/1952 1986/1986/1986
f 1952/1952/1952 1953/1953/1953 1986/1986/1986
f 1953/1953/1953 1954/1954/1954 1986/1986/1986
f 1954/1954/1954 1955/1955/1955 1986/1986/1986
f 1955/1955/1955 1956/1956/1956 1986/1986/1986
f 1956/1956/1956 1957/1957/1957 1986/1986/1986
f 1957/1957/1957 1958/1958/1958 1986/1986/1986
f 1958/1958/1958 1959/1959/1959 1986/1986/1986
f 1959/1959/1959 1960/1960/1960 1986/1986/1986
f 1960/1960/1960 1961/1961/1961 1986/1986/1986
f 1961/1961/1961 1962/1962/1962 1986/1986/1986
f 1962/1962/1962 1963/1963/1963 1986/1986/1986
f 1963/1963/1963 1964/1964/1964 1986/1986/1986
f 1964/1964/1964 1965/1965/1965 1986/1986/1986
f 1965/1965/1965 1966/1966/1966 1986/1986/1986
f 1966/1966/1966 1967/1967/1967 1986/1986/1986
f 1967/1967/1967 1968/1968/1968 1986/1986/1986
f 1968/1968/1968 1969/1969/1969 1986/1986/1986
f 1969/1969/1969 1970/1970/1970 1986/1986/1986
f 1970/1970/1970 1971/1971/1971 1986/1986/1986
f 1971/1971/1971 1972/1972/1972 1986/1986/1986
f 1972/1972/1972 1973/1973/1973 1986/1986/1986
f 1973/1973/1973 1974/1974/1974 1986/1986/1986
f 1974/1974/1974 1975/1975/1975 1986/1986/1986
f 1975/1975/1975 1976/1976/1976 1986/1986/1986
f 1976/1976/1976 1977/1977/1977 1986/1986/1986
f 1977/1977/1977 1978/1978/1978 1986/1986/1986
f 1978/1978/1978 1979/1979/1979 1986/1986/1986
f 1979/1979/1979 1980/1980/1980 1986/1986/1986
f 1980/1980/1980 1981/1981/1981 1986/1986/1986
f 1981/1981/1981 1982/1982/1982 1986/1986/1986
f 1982/1982/1982 1983/1983/1983 1986/1986/1986
f 1983/1983/1983 1984/1984/1984 1986/1986/1986
f 1984/1984/1984 1985/1985/1985 1986/1986/1986
f 1985/1985/1985 1923/1923/1923 1986/1986/1986
