# File generated by ImageToStl.com - Free Image and 3D model conversion tools

mtllib donut.mtl

o obj1
v -0.94270314 -0.0551369 0.1493242
v -0.93343182 -0.06985365 0.13774582
v -0.92556286 -0.06744981 0.14013777
v -0.93525635 -0.05206289 0.15224343
v -0.92624788 -0.0842728 0.12443415
v -0.91805175 -0.08252559 0.12621992
v -0.91048087 -0.08019686 0.1271504
v -0.9182699 -0.06456322 0.14158326
v -0.92832211 -0.04860692 0.15413688
v -0.92127227 -0.09814715 0.10961973
v -0.91284955 -0.09703176 0.11073091
v -0.918593 -0.11123762 0.09355551
v -0.91004829 -0.11071835 0.09393509
v -0.90218124 -0.10943287 0.09367093
v -0.90508617 -0.09523982 0.11108823
v -0.89804559 -0.09290935 0.11079649
v -0.90359977 -0.07742166 0.12733355
v -0.89505477 -0.10752201 0.09286429
v -0.88869026 -0.10513738 0.09162855
v -0.89175048 -0.09018559 0.10997694
v -0.89743357 -0.07433845 0.12689779
v -0.9116191 -0.06132584 0.14219307
v -0.92196847 -0.04489782 0.15511784
v -0.90563899 -0.05786906 0.14210221
v -0.91622859 -0.04105977 0.1553269
v -0.9410264 0.07417558 0.1594447
v -0.92216275 0.058098 0.15584101
v -0.91925979 0.06207562 0.15322534
v -0.93813771 0.07816536 0.15683173
v -0.90481911 0.04118627 0.14946287
v -0.90190303 0.04515112 0.1468424
v -0.89937789 0.0486288 0.14447441
v -0.91673935 0.06555792 0.1508591
v -0.93562243 0.08165203 0.15446647
v -0.88929155 0.02373169 0.14042291
v -0.88636377 0.02768334 0.13779557
v -0.87584901 0.00603362 0.12887346
v -0.87291106 0.00997191 0.12623741
v -0.87037799 0.01344 0.12386382
v -0.88383434 0.03115627 0.13542516
v -0.88164336 0.03434702 0.13306047
v -0.89717227 0.05180315 0.14210125
v -0.86819964 0.01664739 0.12150999
v -0.86630219 0.01984559 0.11889766
v -0.87970651 0.03749335 0.1304143
v -0.89518993 0.05489832 0.13942857
v -0.91451745 0.06871636 0.14847994
v -0.93338278 0.08479536 0.15208392
v -0.91248427 0.07176196 0.14578855
v -0.93129432 0.08779385 0.14938198
v -0.86736731 0.04956059 0.07657285
v -0.85809598 0.03484385 0.06499446
v -0.86253419 0.03846584 0.05781639
v -0.87132105 0.0524136 0.06878979
v -0.85091202 0.02042469 0.05168282
v -0.8557256 0.02480012 0.0452003
v -0.86169811 0.02872036 0.03867467
v -0.86809211 0.04155398 0.05052255
v -0.87634395 0.05465245 0.06082777
v -0.84593642 0.00655033 0.03686841
v -0.85100999 0.01165073 0.03115999
v -0.84325717 -0.00654014 0.02080415
v -0.84847071 -0.00075574 0.01593513
v -0.85488498 0.00472061 0.01119146
v -0.85726963 0.01637166 0.02548926
v -0.86459774 0.02050813 0.02006426
v -0.86871983 0.03200245 0.03233739
v -0.86237808 0.00966321 0.00675571
v -0.87078996 0.01385358 0.00280845
v -0.87283898 0.02386484 0.01509396
v -0.8766442 0.03447557 0.02642363
v -0.87467144 0.04394812 0.04336552
v -0.88235233 0.05614033 0.05295775
v -0.8821383 0.04550297 0.03660404
v -0.88922876 0.05675795 0.04545889
v -0.89034786 0.04609794 0.03047512
v -0.89684431 0.05641002 0.03858814
v -0.88531404 0.0359944 0.02114759
v -0.89456653 0.03650305 0.01663584
v -0.89914687 0.04569641 0.02512307
v -0.90505808 0.0550795 0.03250521
v -0.88182761 0.02627258 0.01076709
v -0.87995023 0.01710004 -0.00048918
v -0.88968594 0.01931082 -0.00305176
v -0.89139418 0.02765705 0.00719047
v -0.90136797 0.02797565 0.00444352
v -0.90423694 0.03597568 0.0129856
v -0.89982309 0.02042762 -0.0048192
v -0.9101867 0.02042564 -0.00575682
v -0.91157684 0.02721771 0.0025782
v -0.91415846 0.0344165 0.01026475
v -0.90837925 0.04428984 0.02066116
v -0.91372513 0.0527756 0.02733733
v -0.91788591 0.04189796 0.01717156
v -0.92269638 0.04953382 0.02317909
v -0.92750618 0.03855488 0.01472065
v -0.9318205 0.04540317 0.02010854
v -0.92416319 0.03184507 0.0085262
v -0.93408064 0.02831197 0.00779279
v -0.9370759 0.03432388 0.01334292
v -0.94094148 0.04045985 0.0181704
v -0.92184785 0.02538877 0.00163247
v -0.92060108 0.01929725 -0.00584287
v -0.93088903 0.01706929 -0.00508172
v -0.93200611 0.02252723 0.00161608
v -0.94187737 0.01868335 0.0025283
v -0.94374062 0.02387898 0.00807594
v -0.94087404 0.01378128 -0.00348739
v -0.95038419 0.00948852 -0.00108635
v -0.95129163 0.01392213 0.00435446
v -0.95297681 0.01862124 0.00937195
v -0.94643084 0.0292786 0.01306084
v -0.94990272 0.03478968 0.01739667
v -0.95540995 0.02350486 0.01388047
v -0.95855006 0.02848927 0.01780194
v -0.9638571 0.01709635 0.0157954
v -0.96673341 0.02166203 0.01938745
v -0.96162837 0.01262299 0.01166563
v -0.96955234 0.00599118 0.0149112
v -0.97163246 0.01016627 0.01876561
v -0.97431699 0.01442752 0.02211815
v -0.96008474 0.00831865 0.00706965
v -0.95925354 0.00425749 0.00208592
v -0.96733585 -0.00181653 0.00597025
v -0.96811164 0.00197384 0.01062167
v -0.96955234 0.00599118 0.0149112
v -0.96811164 0.00197384 0.01062167
v -0.97523536 -0.00500253 0.0149486
v -0.9766135 -0.00115963 0.01905188
v -0.97449327 -0.00862832 0.01049914
v -0.98060171 -0.01606163 0.0155955
v -0.98133246 -0.01249127 0.01997694
v -0.98268953 -0.00870712 0.02401749
v -0.97163246 0.01016627 0.01876561
v -0.97860331 0.00283417 0.02273892
v -0.98117127 0.0069104 0.02594589
v -0.98464892 -0.00477437 0.02764817
v -0.98717762 -0.00076045 0.03080611
v -0.98717762 -0.00076045 0.03080611
v -0.98464892 -0.00477437 0.02764817
v -0.98965954 -0.01253115 0.03341584
v -0.99222749 -0.00845492 0.03662282
v -0.98268953 -0.00870712 0.02401749
v -0.98766973 -0.01652495 0.02972881
v -0.99147701 -0.02447849 0.03608372
v -0.99355714 -0.02030341 0.03993813
v -0.99624166 -0.01604215 0.04329067
v -0.98133246 -0.01249127 0.01997694
v -0.98629159 -0.02036785 0.02562553
v -0.98060171 -0.01606163 0.0155955
v -0.98554949 -0.02399364 0.02117607
v -0.98926053 -0.0322862 0.02714277
v -0.99003631 -0.02849583 0.0317942
v -0.99250372 -0.0367354 0.03837644
v -0.99404733 -0.03243106 0.04297243
v -0.98926053 -0.0322862 0.02714277
v -0.9916725 -0.04079655 0.03339271
v -0.9927425 -0.04937866 0.03981881
v -0.99364993 -0.04494505 0.04525961
v -0.99533513 -0.04024595 0.0502771
v -0.99624166 -0.01604215 0.04329067
v -0.99355714 -0.02030341 0.03993813
v -0.99627607 -0.0279577 0.04710219
v -0.99915237 -0.02339201 0.05069425
v -0.99776826 -0.03536233 0.05478562
v -1.00090836 -0.03037791 0.0587071
v -0.99799974 -0.04238894 0.06286061
v -1.00147163 -0.03687787 0.06719644
v -0.99530952 -0.04778858 0.05787571
v -0.99397996 -0.05493271 0.06563718
v -0.99697523 -0.04892082 0.07118732
v -1.0008408 -0.04278483 0.0760148
v -0.99344627 -0.0529842 0.05232806
v -0.99244295 -0.05788628 0.04631238
v -0.99078834 -0.0661754 0.05276268
v -0.99190544 -0.06071747 0.05946048
v -0.98905537 -0.06801244 0.06653434
v -0.99137072 -0.06155615 0.07342809
v -0.9878086 -0.07410397 0.05905901
v -0.98355344 -0.08153531 0.06509299
v -0.98494358 -0.07474324 0.07342801
v -0.98752521 -0.06754446 0.08111456
v -0.9947137 -0.05484633 0.07962253
v -0.99902802 -0.04799805 0.08501042
v -0.99125265 -0.06006299 0.08802137
v -0.99606313 -0.05242713 0.09402889
v -0.98664298 -0.06447668 0.09623998
v -0.99198887 -0.05599094 0.10291615
v -0.98250067 -0.07279085 0.08856441
v -0.97639051 -0.07721131 0.09565276
v -0.98097086 -0.06801795 0.10414
v -0.98688205 -0.05863485 0.11152215
v -0.97963172 -0.08079088 0.08002233
v -0.97808683 -0.08833893 0.07075962
v -0.97150993 -0.09440353 0.07596515
v -0.97321817 -0.08605732 0.0862074
v -0.96581962 -0.09045479 0.09187768
v -0.96930605 -0.08073298 0.10225818
v -0.96394225 -0.09962734 0.0806214
v -0.95553977 -0.10392693 0.08465082
v -0.95758879 -0.09391568 0.09693634
v -0.96139402 -0.08330494 0.10826602
v -0.97433988 -0.07062942 0.11158569
v -0.9808363 -0.06031736 0.11969874
v -0.9668881 -0.07227754 0.11844642
v -0.97397859 -0.06102256 0.12730125
v -0.95878796 -0.07295226 0.12459632
v -0.96646886 -0.06076007 0.13418855
v -0.95283635 -0.08489794 0.11356819
v -0.94392051 -0.08554767 0.11807632
v -0.9503145 -0.07271407 0.12992422
v -0.95856635 -0.05961559 0.14022943
v -0.94871427 -0.09639226 0.10129506
v -0.94649461 -0.10723718 0.08798651
v -0.93710738 -0.10954743 0.09059312
v -0.93949202 -0.09789639 0.10489092
v -0.93024196 -0.0984614 0.10767382
v -0.93495759 -0.08531201 0.12171414
v -0.9277027 -0.11086787 0.09244897
v -0.94176616 -0.07164629 0.13433022
v -0.95055303 -0.05769853 0.14530362
v -0.83418356 -0.02938703 0.03899174
v -0.83381662 -0.04318163 0.01951972
v -0.83456211 -0.03743277 0.01576288
v -0.83492073 -0.02395109 0.03479322
v -0.83613074 -0.05559264 -0.00073748
v -0.83682375 -0.0495623 -0.00403487
v -0.83842913 -0.0431408 -0.0073922
v -0.83623244 -0.03135958 0.01183705
v -0.83658076 -0.01826501 0.03032092
v -0.84108319 -0.06640861 -0.02143125
v -0.84166387 -0.06013292 -0.02425926
v -0.84859181 -0.07544179 -0.04220641
v -0.84900216 -0.06896123 -0.04456318
v -0.85025784 -0.06198268 -0.04675675
v -0.84313026 -0.05340789 -0.02703585
v -0.84563483 -0.04631168 -0.02967783
v -0.84110144 -0.03641097 -0.01073511
v -0.85250808 -0.0545805 -0.048695
v -0.85587178 -0.04686163 -0.05028582
v -0.84929787 -0.03895299 -0.03209693
v -0.84496196 -0.02948348 -0.01397928
v -0.83898313 -0.02505012 0.00780798
v -0.83931903 -0.01242281 0.02563231
v -0.8429359 -0.01861748 0.00375617
v -0.99707775 0.00171091 0.17482841
v -0.98134064 -0.01170189 0.17182203
v -0.97565335 -0.00664994 0.17576577
v -0.99210711 0.00737369 0.17890905
v -0.9668716 -0.0258106 0.16650104
v -0.96052542 -0.02140111 0.17020247
v -0.95452624 -0.01681055 0.17276046
v -0.97021395 -0.00151351 0.17852964
v -0.98727657 0.01302903 0.18178922
v -0.95391765 -0.04037219 0.1589594
v -0.94698159 -0.03662582 0.16231737
v -0.94048121 -0.03259862 0.16458361
v -0.93448704 -0.02841625 0.16587341
v -0.94894727 -0.01216142 0.17429202
v -0.92903769 -0.02419569 0.16633211
v -0.94383354 -0.0075636 0.1749461
v -0.96509878 0.00358785 0.18023174
v -0.98266585 0.01856032 0.18358769
v -0.96035989 0.00855119 0.18102368
v -0.97833467 0.02387115 0.18445752
v -0.85854585 -0.08252541 -0.06270819
v -0.85873041 -0.07588418 -0.06459995
v -0.87075946 -0.08755254 -0.08259032
v -0.870667 -0.0807973 -0.0840311
v -0.87130058 -0.07347887 -0.08509135
v -0.85970675 -0.06870685 -0.06621816
v -0.88502043 -0.09043922 -0.10151215
v -0.8846045 -0.08361846 -0.10252373
v -0.90108597 -0.09113335 -0.11914736
v -0.90030564 -0.08429687 -0.11975894
v -0.90008816 -0.07687796 -0.11979328
v -0.88483787 -0.07621905 -0.10305298
v -0.88585417 -0.06830884 -0.10298238
v -0.87279993 -0.06566648 -0.0856617
v -0.90056027 -0.06894426 -0.11912533
v -0.90183106 -0.06059978 -0.11764856
v -0.88776547 -0.05999207 -0.10220872
v -0.8752798 -0.05746477 -0.08564244
v -0.8616198 -0.06106471 -0.06746196
v -0.86458664 -0.05306344 -0.06823538
v -0.84694881 -0.06121283 0.06202501
v -0.84656372 -0.0756896 0.04159007
v -0.84360367 -0.07181306 0.03888805
v -0.84398904 -0.05732535 0.05933844
v -0.84899229 -0.0887144 0.02033105
v -0.84603406 -0.0848477 0.01761299
v -0.84349366 -0.08140546 0.01520979
v -0.8410626 -0.06836726 0.03649066
v -0.84144808 -0.0538756 0.05694663
v -0.85418966 -0.10006524 -0.0013861
v -0.85123537 -0.0962071 -0.00412057
v -0.8620696 -0.10954514 -0.02318864
v -0.85912126 -0.10569418 -0.0259396
v -0.85658442 -0.10225761 -0.02835465
v -0.84869636 -0.09276796 -0.00652969
v -0.84653837 -0.08946083 -0.00876106
v -0.84134054 -0.07810899 0.01295801
v -0.85441901 -0.09894157 -0.03056552
v -0.85256197 -0.09540462 -0.03273219
v -0.84470443 -0.08595166 -0.01099161
v -0.83952183 -0.07463309 0.01066379
v -0.83891175 -0.06508305 0.03421891
v -0.83929689 -0.05060499 0.05465565
v -0.83710017 -0.06164532 0.03186237
v -0.83748416 -0.0472097 0.05223925
v -0.84816625 -0.012202 -0.00022206
v -0.8500864 -0.02250024 -0.01703078
v -0.8564023 -0.01569985 -0.01976715
v -0.85459904 -0.00602869 -0.00398193
v -0.8541958 -0.03147493 -0.03420175
v -0.86042618 -0.03897034 -0.05144022
v -0.86611247 -0.0311671 -0.0520814
v -0.86026145 -0.02412807 -0.03589257
v -0.86738256 -0.01718947 -0.03707063
v -0.86379042 -0.00934439 -0.02206091
v -0.87282876 -0.02374147 -0.05213938
v -0.88043728 -0.01698324 -0.05155929
v -0.87540973 -0.0109349 -0.0376489
v -0.87209373 -0.00369288 -0.023793
v -0.86211194 -0.00034235 -0.00736783
v -0.87054426 0.00461715 -0.0102294
v -0.87972512 0.00863741 -0.01243475
v -0.88114478 0.00102357 -0.02486205
v -0.89077287 0.00468262 -0.02522896
v -0.8894811 0.01161057 -0.01392121
v -0.88418298 -0.00561175 -0.03755715
v -0.88878934 -0.01115337 -0.05030217
v -0.89772876 -0.00639733 -0.04837727
v -0.89353737 -0.00135493 -0.03678042
v -0.90330619 0.00173819 -0.03532226
v -0.90080608 0.00719835 -0.02487551
v -0.90709674 -0.00282198 -0.04581007
v -0.91673186 -0.0004954 -0.04264226
v -0.91332095 0.00360806 -0.03320485
v -0.91107123 0.00852137 -0.02380441
v -0.89963785 0.01346375 -0.01464915
v -0.91002 0.01415925 -0.01460227
v -0.92045159 0.01367718 -0.01377598
v -0.92139437 0.0086208 -0.022029
v -0.93159983 0.00750333 -0.01958427
v -0.93075507 0.0120338 -0.01218968
v -0.92341207 0.00421425 -0.03045987
v -0.92647116 0.00053404 -0.03892389
v -0.93614854 0.00025771 -0.03472187
v -0.93340762 0.00355514 -0.02713822
v -0.94313615 0.00164344 -0.02329759
v -0.94151244 0.00518954 -0.01651296
v -0.94559791 -0.00131817 -0.03010891
v -0.95465663 -0.00416796 -0.0251638
v -0.95243012 -0.00148939 -0.0190034
v -0.95096158 0.00171784 -0.01286714
v -0.94075374 0.0092586 -0.00987146
v -0.95027538 0.00539804 -0.00686032
v -0.95915387 0.00051065 -0.003203
v -0.95978243 -0.00286039 -0.0087052
v -0.96782948 -0.00845981 -0.00410135
v -0.96724283 -0.00531354 0.00103398
v -0.96112759 -0.00579818 -0.01432597
v -0.96316706 -0.00825174 -0.01996884
v -0.97098844 -0.01349168 -0.01461396
v -0.96908495 -0.01120171 -0.00934734
v -0.96782948 -0.00845981 -0.00410135
v -0.96908495 -0.01120171 -0.00934734
v -0.97616641 -0.01760599 -0.00415334
v -0.97496545 -0.01498314 0.00086487
v -0.97098844 -0.01349168 -0.01461396
v -0.97798725 -0.01979652 -0.00919128
v -0.98404228 -0.02705911 -0.00379392
v -0.98224928 -0.02490206 0.00116701
v -0.98106668 -0.02231931 0.0061085
v -0.96724283 -0.00531354 0.00103398
v -0.97440428 -0.01197349 0.00577721
v -0.98051408 -0.01935566 0.01094575
v -0.98051408 -0.01935566 0.01094575
v -0.98546051 -0.0273388 0.01645414
v -0.98106668 -0.02231931 0.0061085
v -0.98602168 -0.03034846 0.0115418
v -0.98975415 -0.03892948 0.01707117
v -0.98916751 -0.03578321 0.0222065
v -0.98224928 -0.02490206 0.00116701
v -0.98722264 -0.03297131 0.00652359
v -0.98404228 -0.02705911 -0.00379392
v -0.98904347 -0.03516184 0.00148565
v -0.99291311 -0.04396135 0.00655856
v -0.99100963 -0.04167138 0.01182518
v -0.98975415 -0.03892948 0.01707117
v -0.99354656 -0.05085222 0.01698083
v -0.99220139 -0.04791443 0.0226016
v -0.99291311 -0.04396135 0.00655856
v -0.99558603 -0.05330578 0.01133796
v -0.99701494 -0.06303515 0.01574136
v -0.99478843 -0.06035657 0.02190175
v -0.99331989 -0.05714934 0.02803802
v -0.98916751 -0.03578321 0.0222065
v -0.99157284 -0.0445434 0.02810379
v -0.99263369 -0.05346914 0.03404483
v -0.99232265 -0.06240894 0.03992831
v -0.99308136 -0.06647801 0.03328681
v -0.99149912 -0.07574136 0.03826013
v -0.99065441 -0.0712109 0.04565472
v -0.99470506 -0.07002411 0.02650218
v -0.99716683 -0.07298572 0.01969087
v -0.99604786 -0.08298698 0.02312253
v -0.99330695 -0.07968956 0.03070618
v -0.99061958 -0.08918695 0.03444202
v -0.9886019 -0.08478043 0.04287289
v -0.99367868 -0.09286718 0.025978
v -0.9900986 -0.10245635 0.02820755
v -0.98668769 -0.09835289 0.03764496
v -0.98443797 -0.0934396 0.04704541
v -0.9876591 -0.07972402 0.0511259
v -0.98338674 -0.0878017 0.05624754
v -0.97790159 -0.09530277 0.06092966
v -0.97906981 -0.10156818 0.0507033
v -0.97259686 -0.10903173 0.05378795
v -0.97130511 -0.1021038 0.06509571
v -0.98156994 -0.10702833 0.04025656
v -0.98536049 -0.11158851 0.02976876
v -0.97955274 -0.1201117 0.03063964
v -0.97536136 -0.1150693 0.04223651
v -0.968175 -0.12233911 0.04355343
v -0.9651368 -0.11570382 0.05624853
v -0.97278135 -0.12788075 0.03080841
v -0.9651871 -0.13476374 0.03028308
v -0.96015954 -0.12871543 0.04419346
v -0.95684355 -0.1214734 0.05804938
v -0.96371714 -0.10808996 0.06867582
v -0.95529406 -0.11316337 0.07161297
v -0.94622845 -0.11724273 0.07386296
v -0.94790695 -0.12624478 0.05916989
v -0.9386247 -0.12996789 0.0596345
v -0.93682144 -0.12029673 0.07541974
v -0.9514991 -0.13408985 0.04416017
v -0.95694528 -0.14064186 0.02909143
v -0.94833487 -0.14543513 0.02732027
v -0.94248384 -0.13839611 0.04350909
v -0.93342777 -0.14158706 0.04231209
v -0.92931838 -0.13261237 0.05948306
v -0.93965816 -0.14908248 0.02507361
v -0.93120761 -0.15155911 0.02246554
v -0.9246337 -0.14365047 0.04065443
v -0.92029778 -0.13418097 0.05877207
v -0.92739823 -0.12231412 0.07629178
v -0.91827173 -0.12331496 0.07650752
v -0.8708402 -0.09356606 0.08445097
v -0.87045622 -0.10800167 0.0640741
v -0.86767934 -0.10506259 0.06199955
v -0.86806446 -0.09058454 0.08243633
v -0.87287787 -0.12098945 0.04287552
v -0.87010812 -0.11808854 0.04073867
v -0.86764996 -0.1149765 0.03853736
v -0.86521889 -0.10193832 0.05981822
v -0.86560438 -0.08744665 0.08027422
v -0.87806047 -0.13230802 0.02122011
v -0.87530593 -0.12944038 0.01901961
v -0.88591801 -0.14176097 -0.00052046
v -0.88318657 -0.13892113 -0.00278486
v -0.88074071 -0.13582866 -0.00502707
v -0.87285265 -0.12633901 0.01679789
v -0.87039936 -0.12284015 0.01438597
v -0.86519805 -0.11148075 0.03611953
v -0.87828526 -0.1323272 -0.00743302
v -0.87556234 -0.12829655 -0.01015881
v -0.86768239 -0.11881664 0.01164374
v -0.86248501 -0.10746582 0.03336088
v -0.86276766 -0.09844611 0.0573946
v -0.86315305 -0.0839584 0.07784499
v -0.86005644 -0.09444103 0.05461988
v -0.86044154 -0.07996424 0.07505486
v -0.93992247 -0.15776092 0.00451597
v -0.93234908 -0.15936026 0.00084086
v -0.92323733 -0.15287601 0.01960783
v -0.95061564 -0.16216224 -0.01289108
v -0.94352918 -0.16396201 -0.01735889
v -0.93690106 -0.16464674 -0.02174138
v -0.92530724 -0.15987471 -0.00286817
v -0.91585835 -0.15315053 0.01659324
v -0.9631013 -0.16468955 -0.02945737
v -0.95658343 -0.16660439 -0.03467957
v -0.97716689 -0.16529727 -0.04489721
v -0.97128952 -0.16723979 -0.05082252
v -0.96568865 -0.16804582 -0.05644329
v -0.95043836 -0.16738691 -0.039703
v -0.94473856 -0.16718936 -0.04445264
v -0.93080104 -0.1643682 -0.02596002
v -0.9604397 -0.16786776 -0.06168784
v -0.95559268 -0.16688369 -0.06651057
v -0.93952713 -0.16618956 -0.04887536
v -0.92526616 -0.1633029 -0.02995354
v -0.91886447 -0.15945508 -0.00652885
v -0.90913623 -0.15253211 0.01350792
v -0.91305254 -0.15827577 -0.01007141
v -0.90309852 -0.15119212 0.01043039
v -0.91869379 -0.08960799 -0.13518551
v -0.91751407 -0.08280608 -0.13543331
v -0.93753427 -0.0859042 -0.14936515
v -0.93592722 -0.07918632 -0.14929131
v -0.93468687 -0.07191417 -0.14847765
v -0.91680244 -0.07543002 -0.13501759
v -0.95728256 -0.08008809 -0.16144494
v -0.95522755 -0.07350213 -0.1610971
v -0.97760027 -0.07225719 -0.17121489
v -0.97508442 -0.06584887 -0.17064545
v -0.97271969 -0.05895968 -0.1692186
v -0.953433 -0.06639321 -0.15994445
v -0.95200158 -0.05883362 -0.15784375
v -0.93392435 -0.06415762 -0.14678615
v -0.97060004 -0.05166538 -0.16678698
v -0.96882026 -0.04407348 -0.16323431
v -0.95103184 -0.05092953 -0.15468061
v -0.93374197 -0.05602162 -0.14410461
v -0.91667813 -0.06754795 -0.13380636
v -0.91724691 -0.05926431 -0.13169016
v -0.87251589 -0.11697907 -0.04470431
v -0.86957543 -0.11313375 -0.04747154
v -0.8853335 -0.12225483 -0.06556968
v -0.88240273 -0.11841347 -0.06835266
v -0.87987225 -0.11498036 -0.07077927
v -0.86704144 -0.1096992 -0.04989246
v -0.90029974 -0.12528423 -0.08542724
v -0.89738028 -0.12144516 -0.08822522
v -0.91715977 -0.12601269 -0.10393457
v -0.91425304 -0.12217418 -0.10674654
v -0.91173125 -0.11874209 -0.10918362
v -0.89485386 -0.1180129 -0.09065726
v -0.89265251 -0.11468205 -0.09280962
v -0.87768496 -0.11165238 -0.07295031
v -0.90951405 -0.11541057 -0.11131858
v -0.90749554 -0.11182535 -0.11324858
v -0.89068342 -0.11109898 -0.09479387
v -0.87575974 -0.10807818 -0.07499275
v -0.86486623 -0.10637616 -0.0520831
v -0.86297856 -0.10281742 -0.05418669
v -0.86868569 -0.04484809 -0.06845188
v -0.8788201 -0.04901943 -0.08494938
v -0.88338638 -0.0406043 -0.08355017
v -0.87386904 -0.03668694 -0.06805723
v -0.89065336 -0.05141468 -0.10065004
v -0.90398399 -0.05199064 -0.11528311
v -0.90701802 -0.04339459 -0.11203688
v -0.89449911 -0.04285368 -0.09829481
v -0.89925137 -0.03461948 -0.09515534
v -0.88890752 -0.03252572 -0.08143086
v -0.91090411 -0.03512296 -0.10794661
v -0.91558573 -0.02748982 -0.10307656
v -0.90482874 -0.02702504 -0.09126857
v -0.89528004 -0.02509224 -0.07859911
v -0.88004867 -0.0288794 -0.06700985
v -0.88710218 -0.02172622 -0.06528666
v -0.89489588 -0.015499 -0.0628795
v -0.90238862 -0.01858301 -0.07507668
v -0.91010292 -0.01315768 -0.07091994
v -0.90328517 -0.01035148 -0.05982156
v -0.91113737 -0.02035391 -0.08668473
v -0.92099317 -0.02077974 -0.09750348
v -0.92703146 -0.0151565 -0.09132639
v -0.91806353 -0.01476902 -0.08148227
v -0.92548683 -0.01039304 -0.07574909
v -0.91828753 -0.00893581 -0.06619689
v -0.93359711 -0.01074348 -0.0846518
v -0.94057809 -0.00762352 -0.0775938
v -0.93328008 -0.00730819 -0.06958276
v -0.92680182 -0.00599689 -0.06098725
v -0.91212179 -0.00639798 -0.05615989
v -0.92125361 -0.00371323 -0.0519555
v -0.93052654 -0.00235191 -0.04727655
v -0.93550249 -0.00440002 -0.05537675
v -0.94424051 -0.00416315 -0.04946341
v -0.9397821 -0.00232806 -0.04220575
v -0.94131259 -0.00557607 -0.06308569
v -0.94785786 -0.00585887 -0.07027048
v -0.95531074 -0.00547026 -0.062808
v -0.94944626 -0.00521687 -0.05637054
v -0.95754136 -0.00623521 -0.04955281
v -0.95286577 -0.00528879 -0.04334913
v -0.96280858 -0.00646278 -0.05533467
v -0.97022258 -0.00882093 -0.04797889
v -0.9654587 -0.00861512 -0.04274957
v -0.96122994 -0.00775913 -0.03713873
v -0.94886143 -0.0036406 -0.0368306
v -0.95760826 -0.00626846 -0.03124314
v -0.96587074 -0.01017577 -0.02553747
v -0.96918816 -0.01154123 -0.03093778
v -0.97660806 -0.01656183 -0.02485152
v -0.97351184 -0.01528742 -0.01981129
v -0.97306167 -0.01232529 -0.03607727
v -0.97742534 -0.01251383 -0.04086728
v -0.98429602 -0.01746958 -0.03411894
v -0.9802233 -0.01729361 -0.02964832
v -0.97660806 -0.01656183 -0.02485152
v -0.9802233 -0.01729361 -0.02964832
v -0.98682113 -0.02343337 -0.02357283
v -0.98336286 -0.02273337 -0.01898432
v -0.98429602 -0.01746958 -0.03411894
v -0.990717 -0.02360169 -0.02784934
v -0.99657743 -0.03080611 -0.02216675
v -0.99274111 -0.03064036 -0.01795561
v -0.98933571 -0.02995106 -0.01343725
v -0.97351184 -0.01528742 -0.01981129
v -0.98040108 -0.02151429 -0.01416294
v -0.98641921 -0.02875062 -0.00868957
v -0.98641921 -0.02875062 -0.00868957
v -0.9914573 -0.03687961 -0.003486
v -0.98933571 -0.02995106 -0.01343725
v -0.99441908 -0.03809869 -0.00830739
v -0.99853273 -0.0470315 -0.003679
v -0.99543651 -0.04575709 0.00136123
v -0.99274111 -0.03064036 -0.01795561
v -0.99787735 -0.03879869 -0.0128959
v -0.99657743 -0.03080611 -0.02216675
v -1.00177322 -0.03896702 -0.01717241
v -1.00622069 -0.04793925 -0.01294642
v -1.00214798 -0.04776328 -0.0084758
v -0.99853273 -0.0470315 -0.003679
v -1.00214798 -0.04776328 -0.0084758
v -1.00548064 -0.05737934 -0.00477047
v -1.00160712 -0.05659527 0.00036901
v -1.00984431 -0.05756788 -0.00956049
v -1.01258089 -0.06768812 -0.00707373
v -1.00781701 -0.06748229 -0.00184441
v -1.00358825 -0.06662632 0.00376642
v -0.99543651 -0.04575709 0.00136123
v -0.99828971 -0.05522982 0.00576933
v -0.99996658 -0.06513564 0.00966202
v -1.00043034 -0.07530815 0.01296917
v -1.00443468 -0.07695634 0.00645065
v -1.00413982 -0.08740783 0.00838099
v -0.99968143 -0.08557276 0.01563866
v -1.00911026 -0.07790275 0.00024696
v -1.01437749 -0.07813033 -0.00553489
v -1.01521006 -0.08871495 -0.0049636
v -1.00934558 -0.08846157 0.00147387
v -1.0085201 -0.09897728 0.00181618
v -1.00271002 -0.09780124 0.00952514
v -1.01506538 -0.0992601 -0.00536859
v -1.01394483 -0.10958447 -0.006744
v -1.00664682 -0.10926914 0.00126705
v -1.00016857 -0.10795784 0.00986257
v -0.99773406 -0.09575312 0.01762534
v -0.99462035 -0.10567419 0.01889431
v -0.99038553 -0.1151645 0.01941893
v -0.99655127 -0.11770233 0.00938192
v -0.99192691 -0.12687203 0.00809698
v -0.98510917 -0.12406584 0.01919536
v -1.00375057 -0.11915959 -0.00017029
v -1.01186086 -0.11951001 -0.00907298
v -1.00885544 -0.12887087 -0.01230948
v -0.99988752 -0.12848339 -0.00246534
v -0.99512939 -0.13708128 -0.00557416
v -0.98638064 -0.1353104 0.00603389
v -1.00498518 -0.13750714 -0.01639292
v -1.00033555 -0.14527032 -0.02123418
v -0.98957855 -0.14480557 -0.00942621
v -0.98002985 -0.14287276 0.00324326
v -0.9788879 -0.13222636 0.01823107
v -0.97185199 -0.13950674 0.01655571
v -0.96416519 -0.14577979 0.01422095
v -0.97302403 -0.14942612 -0.00020006
v -0.96560877 -0.15487233 -0.00414852
v -0.95609144 -0.15095499 0.01134444
v -0.98336789 -0.15151986 -0.01392453
v -0.99502064 -0.15202334 -0.0267158
v -0.98924043 -0.15766263 -0.03263521
v -0.9767215 -0.15712172 -0.01889315
v -0.96988535 -0.1615268 -0.0241362
v -0.95805208 -0.15913157 -0.00843555
v -0.98321597 -0.16210277 -0.03876928
v -0.94791766 -0.15496022 0.00806195
v -0.8963346 -0.14917378 -0.02197497
v -0.89363377 -0.14635573 -0.02430245
v -0.90911579 -0.15443452 -0.04278101
v -0.90645254 -0.15163191 -0.04516962
v -0.90402854 -0.14855141 -0.04745169
v -0.89119773 -0.14327025 -0.02656488
v -0.92403946 -0.15745534 -0.06258215
v -0.92142008 -0.1546616 -0.06502896
v -0.94085159 -0.15818171 -0.08103685
v -0.93828161 -0.15539013 -0.08353792
v -0.93588754 -0.15231314 -0.08585604
v -0.91901017 -0.15158392 -0.06732967
v -0.91654427 -0.1480782 -0.06971866
v -0.90156673 -0.1450465 -0.04984609
v -0.93341706 -0.1488072 -0.08823997
v -0.93065248 -0.14476413 -0.09090474
v -0.91379246 -0.14403564 -0.0723974
v -0.89882623 -0.14100624 -0.05253984
v -0.88873943 -0.13976678 -0.02896498
v -0.88600862 -0.13573048 -0.03167446
v -0.99258274 -0.1639618 -0.05893882
v -0.98740741 -0.16584349 -0.06550353
v -1.00907782 -0.16071908 -0.07135325
v -1.00465364 -0.16245311 -0.07848332
v -1.00028734 -0.16308204 -0.08512767
v -0.98240295 -0.16659785 -0.07166757
v -1.02636769 -0.155627 -0.08192925
v -1.02273085 -0.15712916 -0.08954094
v -1.04415609 -0.14877096 -0.09048296
v -1.04132931 -0.14996089 -0.09848417
v -1.03832018 -0.15012755 -0.10586862
v -1.01903351 -0.15756104 -0.09659444
v -1.01536162 -0.15707302 -0.10302602
v -0.99606125 -0.16275724 -0.09122024
v -1.03521849 -0.14941975 -0.11257436
v -1.03210698 -0.14800754 -0.1185781
v -1.01178927 -0.15583844 -0.10880815
v -0.99204097 -0.16165455 -0.09672836
v -0.97764814 -0.16637697 -0.0773622
v -0.97320049 -0.16535833 -0.08254873
v -0.99814388 -0.06253155 -0.17849198
v -0.99516205 -0.05634379 -0.17775747
v -1.01856294 -0.05108929 -0.18316974
v -1.01511796 -0.04516109 -0.18232911
v -1.01160366 -0.03886597 -0.18056678
v -0.9922208 -0.04972757 -0.17612642
v -1.03850703 -0.03812882 -0.18517072
v -1.03460966 -0.03249458 -0.1842847
v -1.0576328 -0.02387116 -0.18445754
v -1.05330162 -0.01856034 -0.18358773
v -1.04869087 -0.01302905 -0.18178924
v -1.03053566 -0.02656319 -0.18246623
v -1.02635296 -0.02042487 -0.17956188
v -1.00809652 -0.03228867 -0.17773022
v -1.04386035 -0.00737369 -0.17890905
v -1.03888968 -0.00171093 -0.1748284
v -1.02214484 -0.01419368 -0.17545281
v -1.00468357 -0.02554073 -0.17370092
v -0.98940528 -0.04276268 -0.17344829
v -0.98680643 -0.03555856 -0.16960551
v -0.93563835 -0.1244119 -0.12076587
v -0.9327456 -0.12057216 -0.12359054
v -0.95541055 -0.12052496 -0.13564672
v -0.95253273 -0.1166823 -0.13848266
v -0.95002136 -0.11324872 -0.14092838
v -0.93022881 -0.11713967 -0.12603224
v -0.97613547 -0.11442119 -0.14832389
v -0.9732733 -0.11057394 -0.1511694
v -0.99745795 -0.10620304 -0.15857699
v -0.9946119 -0.10234957 -0.16143027
v -0.99211198 -0.0989121 -0.16388225
v -0.97076757 -0.10713871 -0.1536186
v -0.96849493 -0.10381808 -0.15571183
v -0.94776819 -0.10992237 -0.14303355
v -0.98981931 -0.09559919 -0.16596584
v -0.98756544 -0.09207205 -0.1677357
v -0.96630357 -0.10026684 -0.15751174
v -0.94563757 -0.10635323 -0.1448706
v -0.92799426 -0.11380963 -0.12815135
v -0.92592158 -0.11022912 -0.13003204
v -0.91859434 -0.05072494 -0.128591
v -0.9342275 -0.04765168 -0.14035677
v -0.93542 -0.03931984 -0.1355838
v -0.92073874 -0.04220595 -0.12453445
v -0.95061393 -0.04282568 -0.15038014
v -0.96747285 -0.03632787 -0.1584869
v -0.96664104 -0.02868553 -0.15260998
v -0.95080866 -0.03478767 -0.14499685
v -0.95166492 -0.02711155 -0.13862611
v -0.93734099 -0.03133013 -0.12986434
v -0.96640188 -0.0214316 -0.14571251
v -0.96681733 -0.01485093 -0.13793935
v -0.95321321 -0.02009425 -0.13139771
v -0.93999037 -0.02398856 -0.12330946
v -0.92367551 -0.03401657 -0.11957948
v -0.92737537 -0.02646849 -0.11381521
v -0.93179512 -0.01984397 -0.10734248
v -0.94335327 -0.01757179 -0.11604134
v -0.94737721 -0.01223755 -0.10819422
v -0.93686029 -0.01430502 -0.10027903
v -0.95546835 -0.01400376 -0.12345197
v -0.96793274 -0.00919971 -0.12944559
v -0.96974241 -0.00461966 -0.12039093
v -0.95840088 -0.00899094 -0.11493727
v -0.96196656 -0.00516755 -0.10600468
v -0.95199713 -0.00810368 -0.0999065
v -0.97222346 -0.00121432 -0.11093679
v -0.97533582 0.00095125 -0.10124623
v -0.9661062 -0.00260605 -0.0968081
v -0.95713525 -0.00524811 -0.09132069
v -0.94248599 -0.00997343 -0.09274825
v -0.9485767 -0.00693059 -0.08487937
v -0.95503148 -0.00523742 -0.07680459
v -0.96270729 -0.00372847 -0.08258155
v -0.96861564 -0.00356146 -0.07383856
v -0.9617382 -0.00491344 -0.0686625
v -0.97075296 -0.00135892 -0.08750298
v -0.97903063 0.00183148 -0.09148336
v -0.98324113 0.00142019 -0.08181447
v -0.97582445 -0.00143835 -0.0782481
v -0.98123312 -0.00284151 -0.0692023
v -0.97475847 -0.00474837 -0.06524184
v -0.98789446 -0.00027407 -0.07240546
v -0.99291114 -0.00322365 -0.06341833
v -0.98688639 -0.00554573 -0.06052128
v -0.98103048 -0.00727036 -0.05693929
v -0.96858146 -0.00596268 -0.06059291
v -0.97544377 -0.00836863 -0.05273464
v -0.98220792 -0.01209951 -0.04522351
v -0.9873253 -0.01109351 -0.04907494
v -0.99353587 -0.01614397 -0.04177934
v -0.9887597 -0.01708289 -0.03818472
v -0.99268927 -0.00951375 -0.05235601
v -0.9982079 -0.00738675 -0.05500969
v -1.00369284 -0.01268437 -0.04731837
v -0.99854218 -0.01466954 -0.04484163
v -0.99353587 -0.01614397 -0.04177934
v -0.99854218 -0.01466954 -0.04484163
v -1.00434458 -0.02092324 -0.03810644
v -0.99955564 -0.02233365 -0.03517711
v -1.00369284 -0.01268437 -0.04731837
v -1.00927159 -0.01902426 -0.04047563
v -1.01484838 -0.02629865 -0.03460002
v -1.00999668 -0.0281686 -0.03226705
v -1.00528096 -0.02955745 -0.0293825
v -0.9887597 -0.01708289 -0.03818472
v -0.99498686 -0.0232318 -0.03173857
v -1.00078202 -0.03044187 -0.02599652
v -1.00078202 -0.03044187 -0.02599652
v -1.00604309 -0.03859712 -0.02106164
v -1.00528096 -0.02955745 -0.0293825
v -1.01061187 -0.03769896 -0.02450018
v -1.01546054 -0.04661363 -0.02060681
v -1.01068437 -0.04755256 -0.01701219
v -1.00999668 -0.0281686 -0.03226705
v -1.0154008 -0.03628856 -0.02742951
v -1.01484838 -0.02629865 -0.03460002
v -1.02032782 -0.03438958 -0.0297987
v -1.02561751 -0.04315404 -0.02614585
v -1.02046685 -0.04513922 -0.02366911
v -1.01546054 -0.04661363 -0.02060681
v -1.02046685 -0.04513922 -0.02366911
v -1.02510824 -0.0545678 -0.0210492
v -1.01974427 -0.05614756 -0.01776814
v -1.02561751 -0.04315404 -0.02614585
v -1.03062686 -0.0524408 -0.02370289
v -1.03526945 -0.06209083 -0.02251317
v -1.0292447 -0.06441291 -0.01961612
v -1.02338879 -0.06613754 -0.01603413
v -1.01068437 -0.04755256 -0.01701219
v -1.01462689 -0.05715356 -0.01391671
v -1.01780208 -0.06723581 -0.01182948
v -1.02015036 -0.07763023 -0.01079314
v -1.02632738 -0.07641592 -0.01544205
v -1.02851495 -0.08680613 -0.01599415
v -1.02163753 -0.08815814 -0.01081809
v -1.03280202 -0.07450905 -0.01940252
v -1.03946337 -0.07194163 -0.02260568
v -1.04314045 -0.0818245 -0.02397007
v -1.03572377 -0.08468305 -0.0204037
v -1.03796048 -0.09476012 -0.0226011
v -1.02991481 -0.09712969 -0.01767966
v -1.04623814 -0.09156974 -0.02658148
v -1.04870257 -0.1010097 -0.03039642
v -1.03947294 -0.104567 -0.02595829
v -1.030502 -0.10720906 -0.02047087
v -1.02223899 -0.09863863 -0.01190272
v -1.02194343 -0.10889154 -0.01402957
v -1.02074972 -0.11873997 -0.01716945
v -1.03026087 -0.11687021 -0.02432769
v -1.02920119 -0.12595192 -0.02917731
v -1.01868427 -0.1280194 -0.02126211
v -1.0402303 -0.11393409 -0.03042587
v -1.05048721 -0.10998085 -0.03535798
v -1.05156639 -0.11833403 -0.04137402
v -1.04022486 -0.12270532 -0.03592035
v -1.03946036 -0.13073113 -0.0423414
v -1.02734528 -0.13429919 -0.03493076
v -1.05192476 -0.12592709 -0.04833502
v -1.05156713 -0.13263144 -0.05609698
v -1.03796303 -0.13787477 -0.04955533
v -1.02474019 -0.14176908 -0.04146708
v -1.01578713 -0.13657134 -0.02623191
v -1.01212518 -0.144249 -0.03197285
v -1.00779203 -0.15091694 -0.03834868
v -1.0214575 -0.14823053 -0.04863353
v -1.01764239 -0.15358788 -0.05618214
v -1.00296114 -0.15647401 -0.04513279
v -1.03578144 -0.14401193 -0.0573953
v -1.0505184 -0.13833199 -0.06448169
v -1.04886344 -0.14295356 -0.07320831
v -1.03303105 -0.14905572 -0.06559519
v -1.02984591 -0.15293781 -0.07386631
v -1.01345948 -0.15776381 -0.06384293
v -1.04670483 -0.14644 -0.08197307
v -0.99782631 -0.16083707 -0.05207717
v -0.95927762 -0.15658548 -0.09782031
v -0.95676182 -0.15378918 -0.1003707
v -0.97899363 -0.15270958 -0.11265888
v -0.97653577 -0.1499019 -0.11525288
v -0.97417764 -0.14681978 -0.11760081
v -0.95438512 -0.1507107 -0.10270464
v -0.99965963 -0.14662318 -0.1253
v -0.9972625 -0.14379761 -0.12793116
v -1.02092151 -0.13842837 -0.13552395
v -1.01858686 -0.13557875 -0.13818517
v -1.01626828 -0.13248314 -0.14055466
v -0.99492386 -0.14070975 -0.13029102
v -0.9924373 -0.13720697 -0.13266284
v -0.97169672 -0.14331534 -0.11997611
v -1.0137759 -0.1289826 -0.1429237
v -1.01095068 -0.12495445 -0.14554715
v -0.98962818 -0.13317262 -0.13529406
v -0.96890327 -0.13927637 -0.12261689
v -0.95190959 -0.1472052 -0.10508399
v -0.94913107 -0.1431633 -0.10773602
v -1.06214227 -0.14025604 -0.09685416
v -1.06013456 -0.14105823 -0.10514549
v -1.0800194 -0.13023822 -0.10094958
v -1.07882577 -0.13058419 -0.1094274
v -1.07720415 -0.13003382 -0.11721679
v -1.05782128 -0.14089543 -0.11277643
v -1.09748067 -0.11889116 -0.10270146
v -1.09708222 -0.11872042 -0.11125907
v -1.11422553 -0.10640841 -0.10207707
v -1.11458958 -0.10566922 -0.11060624
v -1.11429136 -0.1041969 -0.11843924
v -1.09613615 -0.11773104 -0.11911622
v -1.09474371 -0.11606549 -0.12621363
v -1.07525201 -0.12873199 -0.12425803
v -1.11343565 -0.10213124 -0.12551663
v -1.11213949 -0.0996215 -0.13182073
v -1.09301371 -0.11387916 -0.1325339
v -1.07306966 -0.12683963 -0.13053294
v -1.05529612 -0.1399147 -0.11968639
v -1.05265058 -0.13828189 -0.1258552
v -1.07560755 -0.00855121 -0.18102368
v -1.07086867 -0.00358786 -0.18023175
v -1.0921339 0.00756359 -0.17494609
v -1.08702017 0.01216141 -0.17429202
v -1.08144121 0.01681053 -0.17276047
v -1.0657535 0.00151349 -0.17852963
v -1.10692975 0.02419567 -0.16633211
v -1.1014804 0.02841623 -0.1658734
v -1.08702017 0.01216141 -0.17429202
v -1.11973885 0.04105976 -0.15532692
v -1.11399895 0.0448978 -0.15511783
v -1.10764533 0.0486069 -0.15413688
v -1.09548625 0.0325986 -0.16458362
v -1.08144121 0.01681053 -0.17276047
v -1.08898586 0.0366258 -0.16231737
v -1.07544202 0.0214011 -0.17020246
v -1.10071108 0.05206287 -0.15224343
v -1.09326431 0.05513687 -0.1493242
v -1.0820498 0.04037217 -0.15895939
v -1.06909585 0.02581058 -0.16650105
v -1.06031409 0.00664992 -0.17576577
v -1.07544202 0.0214011 -0.17020246
v -1.06909585 0.02581058 -0.16650105
v -1.05462681 0.01170188 -0.17182203
v -1.01901751 -0.09599643 -0.16621398
v -1.01618775 -0.09213524 -0.16907299
v -1.04044635 -0.08398832 -0.17112303
v -1.03763278 -0.08011806 -0.17398577
v -1.0351446 -0.07667453 -0.17644119
v -1.01369372 -0.08869498 -0.17152707
v -1.06137673 -0.07038691 -0.17322298
v -1.05857895 -0.06650637 -0.17608728
v -1.08144833 -0.05542417 -0.17247454
v -1.07866574 -0.05153233 -0.1753383
v -1.07618873 -0.048081 -0.17779406
v -1.0560965 -0.06305912 -0.17854329
v -1.05374371 -0.0597799 -0.1806131
v -1.0328115 -0.0733825 -0.17851298
v -1.0738171 -0.04481583 -0.1798646
v -1.07131708 -0.0414375 -0.18159372
v -1.05130252 -0.05635771 -0.18234002
v -1.03043166 -0.06992046 -0.18024607
v -1.01138076 -0.08539168 -0.17360349
v -1.00906372 -0.08189443 -0.17535094
v -0.98451921 -0.02825788 -0.16452518
v -1.00146222 -0.0187635 -0.1684066
v -0.99856079 -0.01219065 -0.16192566
v -0.98264944 -0.0211069 -0.15828058
v -1.01801111 -0.00800935 -0.17006694
v -1.03388099 0.00382114 -0.16947518
v -1.02900557 0.0090188 -0.16292916
v -1.01410199 -0.00209133 -0.16348491
v -1.01057907 0.00332257 -0.15583501
v -0.99611314 -0.00607799 -0.15438365
v -1.02445148 0.01366402 -0.15531772
v -1.02040459 0.01754683 -0.14680621
v -1.00759856 0.00800036 -0.14728374
v -0.99424464 -0.00067757 -0.14594393
v -0.98130268 -0.01437733 -0.15099076
v -0.98057269 -0.00833895 -0.14281188
v -0.98053572 -0.00323327 -0.1339099
v -0.99306228 0.00378626 -0.13677959
v -0.99260812 0.00719643 -0.12706424
v -0.98121003 0.00080928 -0.12445308
v -1.00529747 0.01173718 -0.13800713
v -1.01703064 0.02048389 -0.13756962
v -1.01441724 0.02238984 -0.12778309
v -1.00374107 0.01443109 -0.1281812
v -1.00297071 0.01601454 -0.11798205
v -0.99290244 0.00947176 -0.1169719
v -1.01262587 0.02321216 -0.11762201
v -1.01169175 0.0229313 -0.1072619
v -1.00300359 0.01645457 -0.10758587
v -0.99394371 0.01056708 -0.1066769
v -0.98259438 0.00369542 -0.11461046
v -0.98466805 0.00536927 -0.10455197
v -0.98740031 0.00579381 -0.09444813
v -0.99571926 0.01045552 -0.0963539
v -0.99819392 0.00914721 -0.08617839
v -0.99074025 0.0049704 -0.08447087
v -1.0038447 0.01573575 -0.09716911
v -1.01163674 0.02154447 -0.09687856
v -1.01245578 0.01908278 -0.0866485
v -1.0054742 0.01387824 -0.08690883
v -1.00786326 0.0109152 -0.07698099
v -1.00132442 0.00666601 -0.07632496
v -1.01413381 0.0155897 -0.07674718
v -1.01664295 0.01112412 -0.06734513
v -1.01097165 0.00689634 -0.06755661
v -1.00505768 0.00305321 -0.06696326
v -0.99462987 0.00291456 -0.07479132
v -0.99900288 -0.00033973 -0.06557619
v -1.00378788 -0.0047451 -0.05698626
v -1.00933403 -0.0016372 -0.05825681
v -1.01407711 -0.00731818 -0.05034899
v -1.00890076 -0.01021885 -0.04916316
v -1.01475117 0.00188308 -0.05880032
v -1.01994605 0.00575569 -0.0586066
v -1.02398155 -0.00041822 -0.05067545
v -1.01913305 -0.00403262 -0.05085625
v -1.01407711 -0.00731818 -0.05034899
v -1.01913305 -0.00403262 -0.05085625
v -1.02404137 -0.01074819 -0.0438599
v -1.01920497 -0.01389108 -0.04337466
v -1.02867934 -0.00729073 -0.04368695
v -1.03395945 -0.01474449 -0.03776226
v -1.02939238 -0.0181491 -0.03793256
v -1.0246299 -0.02124395 -0.03745474
v -1.00890076 -0.01021885 -0.04916316
v -1.01425338 -0.01666581 -0.04224032
v -1.01975401 -0.02397625 -0.03633773
v -1.01975401 -0.02397625 -0.03633773
v -1.02530961 -0.03203113 -0.03156339
v -1.0246299 -0.02124395 -0.03745474
v -1.03026119 -0.0292564 -0.03269773
v -1.03600178 -0.03778785 -0.02917647
v -1.03082544 -0.04068853 -0.02799064
v -1.02939238 -0.0181491 -0.03793256
v -1.0350976 -0.02611351 -0.03318297
v -1.03395945 -0.01474449 -0.03776226
v -1.03973557 -0.02265605 -0.03301002
v -1.04590622 -0.0308879 -0.02950294
v -1.04105772 -0.03450229 -0.02968373
v -1.03600178 -0.03778785 -0.02917647
v -1.04105772 -0.03450229 -0.02968373
v -1.04717014 -0.04317097 -0.02749352
v -1.041753 -0.04669125 -0.02695002
v -1.05236501 -0.03929835 -0.02729981
v -1.05900126 -0.04774306 -0.02643997
v -1.05332996 -0.05197084 -0.02665145
v -1.04741599 -0.05581398 -0.0260581
v -1.03082544 -0.04068853 -0.02799064
v -1.03620685 -0.04979915 -0.02567947
v -1.04136119 -0.05920692 -0.02467102
v -1.04619876 -0.06875298 -0.02499154
v -1.05289333 -0.06500155 -0.02652517
v -1.05809324 -0.07409748 -0.02833401
v -1.05063958 -0.0782743 -0.02662646
v -1.05943216 -0.06075234 -0.02718122
v -1.06570272 -0.05607785 -0.0269474
v -1.0723551 -0.06416191 -0.0288041
v -1.06537353 -0.06936646 -0.02906443
v -1.07105221 -0.07766546 -0.03226723
v -1.06292678 -0.08294571 -0.031452
v -1.07884427 -0.07185674 -0.03197668
v -1.08505849 -0.07902965 -0.03641209
v -1.07637033 -0.08550639 -0.03673607
v -1.06731045 -0.09139388 -0.03582709
v -1.05460783 -0.0876074 -0.02954625
v -1.05803479 -0.09659168 -0.03370216
v -1.06085813 -0.1050711 -0.03903164
v -1.07116617 -0.09929477 -0.04139308
v -1.07443211 -0.10651792 -0.04804732
v -1.06303402 -0.11290509 -0.04543616
v -1.08123445 -0.09275199 -0.04240323
v -1.09088963 -0.08555437 -0.0420432
v -1.09624123 -0.09132452 -0.04876618
v -1.08556507 -0.09928327 -0.04916428
v -1.08928949 -0.10499019 -0.05689655
v -1.07705431 -0.11294112 -0.055669
v -1.10102266 -0.09624349 -0.05645904
v -1.1051544 -0.10023368 -0.06496384
v -1.09234839 -0.10978015 -0.06544136
v -1.07899446 -0.11845809 -0.06410156
v -1.06452774 -0.11996063 -0.05279933
v -1.0653225 -0.12611946 -0.06096951
v -1.0654192 -0.13127771 -0.06975996
v -1.08022965 -0.12297838 -0.07315283
v -1.08078317 -0.1264587 -0.08252401
v -1.06487184 -0.13537495 -0.07887892
v -1.0946956 -0.1135778 -0.0746042
v -1.10856801 -0.10323638 -0.07408692
v -1.11122796 -0.10524924 -0.08352751
v -1.09632439 -0.11635937 -0.08408325
v -1.09724308 -0.11812149 -0.09355311
v -1.0806942 -0.12887563 -0.09189277
v -1.11311297 -0.10629099 -0.09296135
v -1.06375118 -0.13837001 -0.08801135
v -1.04241978 -0.12825078 -0.14313923
v -1.04014834 -0.1253712 -0.14582281
v -1.0637877 -0.11627681 -0.14803433
v -1.06157908 -0.11336204 -0.15073231
v -1.05930088 -0.11024557 -0.1531136
v -1.03785003 -0.12226601 -0.14819949
v -1.08465858 -0.10271406 -0.1501283
v -1.08251127 -0.09975943 -0.15283242
v -1.10467313 -0.08779386 -0.14938199
v -1.10258467 -0.08479537 -0.15208393
v -1.10034502 -0.08165204 -0.15446647
v -1.08025279 -0.09663017 -0.15521571
v -1.07774295 -0.09313941 -0.15758072
v -1.05679678 -0.1067511 -0.15547922
v -1.09782971 -0.07816537 -0.15683172
v -1.09494104 -0.07417559 -0.15944469
v -1.07486943 -0.08913834 -0.16019314
v -1.05393906 -0.10273974 -0.1580932
v -1.03535174 -0.11876829 -0.15056645
v -1.03251022 -0.11474785 -0.15318414
v -1.12996265 -0.0929956 -0.09907068
v -1.13104337 -0.09164562 -0.10746296
v -1.14443167 -0.0788869 -0.09374969
v -1.14617128 -0.07689442 -0.10189966
v -1.1470417 -0.07435733 -0.10941048
v -1.13135398 -0.08965438 -0.11517965
v -1.14443167 -0.0788869 -0.09374969
v -1.15738561 -0.06432531 -0.08620804
v -1.15971512 -0.06166973 -0.09401456
v -1.14617128 -0.07689442 -0.10189966
v -1.16860014 -0.04956061 -0.07657286
v -1.17144033 -0.04623266 -0.08394061
v -1.17324581 -0.04256096 -0.09078688
v -1.16108672 -0.05856926 -0.10123362
v -1.1470417 -0.07435733 -0.10941048
v -1.16161445 -0.05515467 -0.10780233
v -1.14715421 -0.07140949 -0.11622094
v -1.174133 -0.03867311 -0.09704675
v -1.17424556 -0.0346906 -0.10269012
v -1.16143647 -0.05155467 -0.11369533
v -1.14664059 -0.06818675 -0.12230929
v -1.13100271 -0.08715878 -0.12216066
v -1.14715421 -0.07140949 -0.11622094
v -1.13011426 -0.08430156 -0.12838688
v -1.11973885 0.04105976 -0.15532692
v -1.13032844 0.05786904 -0.14210221
v -1.12434835 0.06132581 -0.1421931
v -1.11399895 0.0448978 -0.15511783
v -1.13853387 0.07433844 -0.12689781
v -1.13236767 0.07742164 -0.12733357
v -1.12548658 0.08019683 -0.12715043
v -1.11769756 0.0645632 -0.14158329
v -1.10764533 0.0486069 -0.15413688
v -1.14421696 0.09018557 -0.10997697
v -1.13792185 0.09290932 -0.11079655
v -1.13236767 0.07742164 -0.12733357
v -1.14727719 0.10513735 -0.09162859
v -1.14091269 0.10752197 -0.09286435
v -1.1337862 0.10943284 -0.09367095
v -1.13088128 0.09523979 -0.11108826
v -1.12548658 0.08019683 -0.12715043
v -1.12311789 0.09703174 -0.11073093
v -1.11791571 0.08252556 -0.12621996
v -1.12591917 0.11071831 -0.09393514
v -1.11737445 0.1112376 -0.09355553
v -1.11469519 0.09814712 -0.10961977
v -1.10971959 0.08427277 -0.12443419
v -1.11040461 0.06744978 -0.14013779
v -1.10071108 0.05206287 -0.15224343
v -1.11791571 0.08252556 -0.12621996
v -1.10971959 0.08427277 -0.12443419
v -1.10253563 0.06985362 -0.13774583
v -1.09326431 0.05513687 -0.1493242
v -1.10031197 -0.0393466 -0.16887085
v -1.09754366 -0.0354426 -0.17173189
v -1.11765562 -0.02243488 -0.16249272
v -1.11490039 -0.0185181 -0.16534895
v -1.11243327 -0.01505778 -0.167802
v -1.09507181 -0.03198688 -0.17418669
v -1.11765562 -0.02243488 -0.16249272
v -1.13318315 -0.00498029 -0.15345272
v -1.13043966 -0.00105033 -0.15630213
v -1.11490039 -0.0185181 -0.16534895
v -1.14662569 0.01271777 -0.14190329
v -1.14389237 0.01666111 -0.14474396
v -1.14143316 0.02013102 -0.14719141
v -1.12797679 0.00241476 -0.15875272
v -1.11243327 -0.01505778 -0.167802
v -1.12555652 0.00563251 -0.16084115
v -1.1100276 -0.01182362 -0.16988192
v -1.13900022 0.02333213 -0.14929065
v -1.1363092 0.02651074 -0.15110941
v -1.12290486 0.00886299 -0.16262601
v -1.10742146 -0.00854198 -0.1716403
v -1.09268244 -0.02873683 -0.17626061
v -1.1100276 -0.01182362 -0.16988192
v -1.09012713 -0.02540563 -0.1780003
v -1.04879581 0.0165331 -0.16662587
v -1.06250881 0.02990459 -0.16158294
v -1.05589023 0.03351401 -0.15551749
v -1.04301223 0.02095673 -0.16025339
v -1.07478591 0.04370528 -0.15443536
v -1.06250881 0.02990459 -0.16158294
v -1.08541444 0.0576985 -0.14530364
v -1.07740109 0.05961557 -0.14022943
v -1.06741975 0.0464744 -0.14880513
v -1.05589023 0.03351401 -0.15551749
v -1.06020784 0.0485281 -0.1421709
v -1.04947602 0.03646443 -0.14841883
v -1.06949858 0.06076006 -0.13418856
v -1.06198887 0.06102255 -0.12730127
v -1.0534123 0.04973088 -0.13467
v -1.04350544 0.03859457 -0.14043766
v -1.03748903 0.02477597 -0.15282706
v -1.04947602 0.03646443 -0.14841883
v -1.03243992 0.02780461 -0.14450702
v -1.02805768 0.02988229 -0.13546303
v -1.03819619 0.03976831 -0.13173459
v -1.03367607 0.03993699 -0.12247374
v -1.02445091 0.03094157 -0.1258663
v -1.04727308 0.04997166 -0.12645013
v -1.03819619 0.03976831 -0.13173459
v -1.05513113 0.06031735 -0.11969873
v -1.04908539 0.05863484 -0.11152215
v -1.04193524 0.04922117 -0.11766534
v -1.03367607 0.03993699 -0.12247374
v -1.03751223 0.0474775 -0.10847185
v -1.0300429 0.03908122 -0.11282041
v -1.04397857 0.05599092 -0.10291614
v -1.03990433 0.05242712 -0.0940289
v -1.03408561 0.04476637 -0.09902817
v -1.02736438 0.037211 -0.1029412
v -1.02169999 0.03094606 -0.11588851
v -1.0300429 0.03908122 -0.11282041
v -1.02736438 0.037211 -0.1029412
v -1.01985704 0.02989062 -0.10570202
v -1.01895986 0.02778599 -0.09547957
v -1.02569288 0.03435134 -0.09300351
v -1.02504989 0.03055756 -0.08317649
v -1.01901719 0.0246751 -0.08539503
v -1.03172087 0.04112743 -0.08949407
v -1.02569288 0.03435134 -0.09300351
v -1.03693944 0.04799804 -0.08501043
v -1.03512667 0.04278482 -0.07601481
v -1.0304509 0.03662885 -0.08003209
v -1.02504989 0.03055756 -0.08317649
v -1.03029625 0.03134884 -0.0708046
v -1.0254453 0.02589586 -0.07362877
v -1.03449583 0.03687787 -0.06719645
v -1.0350591 0.0303779 -0.05870711
v -1.03126086 0.02537725 -0.06197046
v -1.02687348 0.02044538 -0.06452473
v -1.02002699 0.02061249 -0.07562135
v -1.0254453 0.02589586 -0.07362877
v -1.02197297 0.01566691 -0.0663269
v -1.02482829 0.00991685 -0.05767391
v -1.02931713 0.01429389 -0.05602315
v -1.03272778 0.00755067 -0.04826425
v -1.02853826 0.00346548 -0.04980496
v -1.03333593 0.01881144 -0.05368344
v -1.02931713 0.01429389 -0.05602315
v -1.03681509 0.023392 -0.05069425
v -1.03972581 0.01604214 -0.04329068
v -1.03647862 0.011767 -0.04608056
v -1.03272778 0.00755067 -0.04826425
v -1.04063378 0.0043654 -0.03929157
v -1.03704581 0.00033215 -0.04138045
v -1.04373997 0.00845491 -0.03662283
v -1.04878984 0.00076045 -0.03080612
v -1.04573114 -0.00326655 -0.03343407
v -1.04219801 -0.00723814 -0.035491
v -1.02853826 0.00346548 -0.04980496
v -1.0330382 -0.00357566 -0.04285425
v -1.03825166 -0.01108622 -0.03694228
v -1.03825166 -0.01108622 -0.03694228
v -1.04409442 -0.01894098 -0.03217732
v -1.04219801 -0.00723814 -0.035491
v -1.04810204 -0.01503317 -0.03070352
v -1.05465245 -0.022919 -0.02709173
v -1.05046293 -0.0270042 -0.02863244
v -1.04573114 -0.00326655 -0.03343407
v -1.05169001 -0.01099992 -0.02861464
v -1.04878984 0.00076045 -0.03080612
v -1.05479619 -0.0069104 -0.0259459
v -1.06165048 -0.01442753 -0.02211816
v -1.05840329 -0.01870267 -0.02490804
v -1.06575489 -0.0262426 -0.02237666
v -1.06173609 -0.03076015 -0.02471635
v -1.06923405 -0.02166204 -0.01938746
v -1.07741741 -0.02848928 -0.01780195
v -1.07361916 -0.03348994 -0.0210653
v -1.0692318 -0.0384218 -0.02361959
v -1.05046293 -0.0270042 -0.02863244
v -1.05724726 -0.0351372 -0.02636712
v -1.05465245 -0.022919 -0.02709173
v -1.06173609 -0.03076015 -0.02471635
v -1.06433128 -0.04320028 -0.02542174
v -1.0715959 -0.05105506 -0.02582158
v -1.07701421 -0.04577169 -0.02382899
v -1.08494921 -0.05268713 -0.02533209
v -1.07891652 -0.0585696 -0.02755062
v -1.08186516 -0.04031872 -0.02100483
v -1.07701421 -0.04577169 -0.02382899
v -1.08606474 -0.03478969 -0.01739668
v -1.09502598 -0.04045986 -0.01817041
v -1.09035021 -0.04661584 -0.02218769
v -1.08494921 -0.05268713 -0.02533209
v -1.0989284 -0.05227379 -0.02459219
v -1.0929004 -0.05904988 -0.02810162
v -1.10414696 -0.04540317 -0.02010855
v -1.11327108 -0.04953384 -0.02317909
v -1.10745236 -0.05719459 -0.02817836
v -1.10073112 -0.06474996 -0.03209138
v -1.08616738 -0.06561522 -0.03057769
v -1.0929004 -0.05904988 -0.02810162
v -1.09322379 -0.07207033 -0.03485221
v -1.09996372 -0.07782047 -0.0403097
v -1.10830666 -0.06968533 -0.03724159
v -1.11550006 -0.07377737 -0.04345682
v -1.1062749 -0.0827728 -0.04684936
v -1.11577596 -0.06128902 -0.03289303
v -1.10830666 -0.06968533 -0.03724159
v -1.12224232 -0.05277561 -0.02733734
v -1.13090938 -0.05507953 -0.03250521
v -1.12375923 -0.0644932 -0.03864841
v -1.11550006 -0.07377737 -0.04345682
v -1.13126509 -0.0667557 -0.04533956
v -1.12218822 -0.07695906 -0.05062403
v -1.13912315 -0.05641003 -0.03858815
v -1.14673868 -0.05675796 -0.04545888
v -1.13816212 -0.06804963 -0.05282762
v -1.12825527 -0.07918594 -0.05859528
v -1.11204971 -0.08684508 -0.05435246
v -1.12218822 -0.07695906 -0.05062403
v -1.11718975 -0.08997591 -0.06266464
v -1.12160554 -0.09212442 -0.07159626
v -1.13359255 -0.08043596 -0.06718804
v -1.13811261 -0.08075402 -0.07611582
v -1.12523462 -0.09331132 -0.08085172
v -1.14432434 -0.06837228 -0.0609401
v -1.13359255 -0.08043596 -0.06718804
v -1.1536151 -0.05614034 -0.05295774
v -1.15962349 -0.05465247 -0.06082777
v -1.14964212 -0.06779364 -0.06940346
v -1.13811261 -0.08075402 -0.07611582
v -1.15401785 -0.06640683 -0.07792151
v -1.14174077 -0.08020753 -0.0850691
v -1.16464639 -0.05241361 -0.06878981
v -1.12802779 -0.09357903 -0.09011205
v -1.14174077 -0.08020753 -0.0850691
v -1.12348316 -0.07176199 -0.14578856
v -1.12144999 -0.06871637 -0.14847993
v -1.14077751 -0.05489833 -0.13942857
v -1.13879516 -0.05180316 -0.14210124
v -1.13658956 -0.04862882 -0.14447442
v -1.11922811 -0.06555793 -0.15085913
v -1.15626091 -0.03749336 -0.13041428
v -1.15432408 -0.03434704 -0.13306047
v -1.13879516 -0.05180316 -0.14210124
v -1.16966525 -0.01984561 -0.11889768
v -1.16776781 -0.01664741 -0.12151001
v -1.16558943 -0.01344002 -0.12386382
v -1.15213307 -0.03115628 -0.13542514
v -1.13658956 -0.04862882 -0.14447442
v -1.14960367 -0.02768336 -0.13779557
v -1.13406439 -0.04515114 -0.14684239
v -1.16305635 -0.00997193 -0.12623739
v -1.16011842 -0.00603365 -0.12887346
v -1.14667587 -0.02373171 -0.1404229
v -1.13114834 -0.04118629 -0.14946289
v -1.11670766 -0.06207564 -0.15322534
v -1.13406439 -0.04515114 -0.14684239
v -1.13114834 -0.04118629 -0.14946289
v -1.1138047 -0.05809802 -0.15584102
v -1.16860014 -0.04956061 -0.07657286
v -1.17787147 -0.03484386 -0.06499448
v -1.18113385 -0.03084574 -0.07183496
v -1.17144033 -0.04623266 -0.08394061
v -1.18505542 -0.02042471 -0.05168284
v -1.18864496 -0.01576997 -0.05791714
v -1.19108709 -0.01097102 -0.06380045
v -1.18329804 -0.02660466 -0.0782333
v -1.17324581 -0.04256096 -0.09078688
v -1.18505542 -0.02042471 -0.05168284
v -1.19003102 -0.00655036 -0.03686841
v -1.19384717 -0.00126381 -0.04242812
v -1.18864496 -0.01576997 -0.05791714
v -1.19271029 0.00654012 -0.02080418
v -1.19664842 0.01242279 -0.02563232
v -1.19938671 0.01826497 -0.03032097
v -1.19648177 0.00407192 -0.04773824
v -1.19108709 -0.01097102 -0.06380045
v -1.1980559 0.00933841 -0.05272545
v -1.19250173 -0.00614926 -0.0692625
v -1.20104672 0.02395107 -0.03479323
v -1.20178389 0.02938701 -0.03899178
v -1.19872369 0.01443522 -0.05734018
v -1.19304058 -0.00141191 -0.07426101
v -1.18448239 -0.02224509 -0.08412201
v -1.174133 -0.03867311 -0.09704675
v -1.19250173 -0.00614926 -0.0692625
v -1.19304058 -0.00141191 -0.07426101
v -1.18483514 -0.0178813 -0.08946541
v -1.17424556 -0.0346906 -0.10269012
v -1.14764414 0.11893196 -0.07215656
v -1.14127128 0.12100367 -0.07383399
v -1.14533 0.13134298 -0.05189933
v -1.13900965 0.13313319 -0.05403624
v -1.13193784 0.13430864 -0.05595779
v -1.13413453 0.12252741 -0.07518706
v -1.14037756 0.14215895 -0.03120553
v -1.13416953 0.14370382 -0.03381184
v -1.13286893 0.15119214 -0.01043038
v -1.12683124 0.15253212 -0.01350791
v -1.12010911 0.15315053 -0.01659324
v -1.12723671 0.14457573 -0.03631414
v -1.11960334 0.14460721 -0.038625
v -1.12413677 0.13470648 -0.05756772
v -1.11273011 0.15287601 -0.01960781
v -1.10475984 0.15155911 -0.02246553
v -1.11133374 0.14365045 -0.04065443
v -1.11566967 0.13418094 -0.05877209
v -1.12625505 0.12334564 -0.07611083
v -1.11769573 0.12331494 -0.07650755
v -1.14662569 0.01271777 -0.14190329
v -1.157739 0.03035834 -0.12802461
v -1.15501405 0.034315 -0.13085477
v -1.14389237 0.01666111 -0.14474396
v -1.16635022 0.04764219 -0.11206831
v -1.16363179 0.05161192 -0.11488643
v -1.16117793 0.05509135 -0.11732571
v -1.15255787 0.03778973 -0.13329843
v -1.14143316 0.02013102 -0.14719141
v -1.17231435 0.06427301 -0.09431066
v -1.16960042 0.06825529 -0.09711537
v -1.16363179 0.05161192 -0.11488643
v -1.17552591 0.07996421 -0.07505489
v -1.17281441 0.08395837 -0.07784503
v -1.17036306 0.08744661 -0.08027424
v -1.16714821 0.07173928 -0.09954983
v -1.16117793 0.05509135 -0.11732571
v -1.16469115 0.07489191 -0.10169384
v -1.15872649 0.05825963 -0.11945304
v -1.16790297 0.09058451 -0.08243633
v -1.16512725 0.09356603 -0.08445101
v -1.1619248 0.07791943 -0.10365203
v -1.15597763 0.06133589 -0.12135921
v -1.15011448 0.04097425 -0.13541073
v -1.13900022 0.02333213 -0.14929065
v -1.15872649 0.05825963 -0.11945304
v -1.15597763 0.06133589 -0.12135921
v -1.14739088 0.04410116 -0.13727014
v -1.1363092 0.02651074 -0.15110941
v -1.09420128 0.07164626 -0.13433022
v -1.08541444 0.0576985 -0.14530364
v -1.10100986 0.08531198 -0.12171415
v -1.09204696 0.08554764 -0.11807634
v -1.08565295 0.07271403 -0.12992421
v -1.07740109 0.05961557 -0.14022943
v -1.10572548 0.09846137 -0.10767383
v -1.10100986 0.08531198 -0.12171415
v -1.10826475 0.11086784 -0.09244899
v -1.09886009 0.1095474 -0.09059313
v -1.09647542 0.09789637 -0.10489093
v -1.09204696 0.08554764 -0.11807634
v -1.08725318 0.09639224 -0.10129508
v -1.08313109 0.08489792 -0.1135682
v -1.08947284 0.10723716 -0.08798653
v -1.08042769 0.10392691 -0.08465084
v -1.07837866 0.09391566 -0.09693635
v -1.07457344 0.08330492 -0.10826603
v -1.07717949 0.07295225 -0.12459634
v -1.06949858 0.06076006 -0.13418856
v -1.08313109 0.08489792 -0.1135682
v -1.07457344 0.08330492 -0.10826603
v -1.06907933 0.07227753 -0.11844642
v -1.06198887 0.06102255 -0.12730127
v -1.06162757 0.07062941 -0.1115857
v -1.05513113 0.06031735 -0.11969873
v -1.0666614 0.08073296 -0.10225819
v -1.05957693 0.0772113 -0.09565277
v -1.05499658 0.06801794 -0.10413999
v -1.04908539 0.05863484 -0.11152215
v -1.07014782 0.09045477 -0.09187769
v -1.0666614 0.08073296 -0.10225819
v -1.07202519 0.09962731 -0.08062141
v -1.06445753 0.09440351 -0.07596517
v -1.06274928 0.08605729 -0.0862074
v -1.05957693 0.0772113 -0.09565277
v -1.05633574 0.08079086 -0.08002235
v -1.05346678 0.07279083 -0.08856442
v -1.05788062 0.0883389 -0.07075962
v -1.05241402 0.08153529 -0.065093
v -1.05102387 0.07474322 -0.07342802
v -1.04844226 0.06754444 -0.08111457
v -1.04932447 0.06447667 -0.09623998
v -1.04397857 0.05599092 -0.10291614
v -1.05346678 0.07279083 -0.08856442
v -1.04844226 0.06754444 -0.08111457
v -1.04471481 0.06006298 -0.08802138
v -1.03990433 0.05242712 -0.0940289
v -1.04125376 0.05484633 -0.07962253
v -1.03693944 0.04799804 -0.08501043
v -1.04459674 0.06155613 -0.07342809
v -1.04198751 0.0549327 -0.0656372
v -1.03899223 0.04892081 -0.07118733
v -1.03512667 0.04278482 -0.07601481
v -1.04691209 0.06801243 -0.06653435
v -1.04459674 0.06155613 -0.07342809
v -1.04815886 0.07410396 -0.05905903
v -1.04517911 0.06617538 -0.05276269
v -1.04406202 0.06071747 -0.0594605
v -1.04198751 0.0549327 -0.0656372
v -1.04252119 0.05298419 -0.05232807
v -1.04065793 0.04778858 -0.05787572
v -1.04352451 0.05788627 -0.0463124
v -1.04322496 0.04937866 -0.03981882
v -1.04231753 0.04494504 -0.04525962
v -1.04063233 0.04024594 -0.05027711
v -1.03796771 0.04238894 -0.06286062
v -1.03449583 0.03687787 -0.06719645
v -1.04065793 0.04778858 -0.05787572
v -1.04063233 0.04024594 -0.05027711
v -1.0381992 0.03536231 -0.05478562
v -1.0350591 0.0303779 -0.05870711
v -1.03969139 0.02795769 -0.0471022
v -1.03681509 0.023392 -0.05069425
v -1.04192013 0.03243105 -0.04297243
v -1.04449045 0.02447849 -0.03608373
v -1.04241032 0.0203034 -0.03993814
v -1.03972581 0.01604214 -0.04329068
v -1.04346375 0.03673539 -0.03837645
v -1.04192013 0.03243105 -0.04297243
v -1.04429496 0.04079655 -0.03339272
v -1.04670693 0.03228619 -0.02714277
v -1.04593114 0.02849583 -0.0317942
v -1.04449045 0.02447849 -0.03608373
v -1.04593114 0.02849583 -0.0317942
v -1.04967587 0.02036785 -0.02562554
v -1.04829773 0.01652494 -0.02972881
v -1.04670693 0.03228619 -0.02714277
v -1.05041797 0.02399363 -0.02117607
v -1.05536575 0.01606163 -0.0155955
v -1.054635 0.01249127 -0.01997694
v -1.05327793 0.00870711 -0.0240175
v -1.04630793 0.01253114 -0.03341586
v -1.04373997 0.00845491 -0.03662283
v -1.05131854 0.00477436 -0.02764817
v -1.04878984 0.00076045 -0.03080612
v -1.04878984 0.00076045 -0.03080612
v -1.05131854 0.00477436 -0.02764817
v -1.05736415 -0.00283418 -0.02273893
v -1.05479619 -0.0069104 -0.0259459
v -1.05327793 0.00870711 -0.0240175
v -1.05935396 0.00115962 -0.01905189
v -1.06641512 -0.00599118 -0.01491121
v -1.06433499 -0.01016627 -0.01876562
v -1.06165048 -0.01442753 -0.02211816
v -1.054635 0.01249127 -0.01997694
v -1.0607321 0.00500253 -0.01494861
v -1.05536575 0.01606163 -0.0155955
v -1.0614742 0.00862831 -0.01049915
v -1.06863161 0.00181652 -0.00597025
v -1.06785582 -0.00197384 -0.01062168
v -1.06785582 -0.00197384 -0.01062168
v -1.07588271 -0.00831866 -0.00706965
v -1.0743391 -0.012623 -0.01166564
v -1.06863161 0.00181652 -0.00597025
v -1.07671393 -0.0042575 -0.00208593
v -1.08558327 -0.00948853 0.00108633
v -1.08467584 -0.01392214 -0.00435446
v -1.08299064 -0.01862124 -0.00937195
v -1.07211036 -0.01709636 -0.01579541
v -1.06923405 -0.02166204 -0.01938746
v -1.0743391 -0.012623 -0.01166564
v -1.08299064 -0.01862124 -0.00937195
v -1.08055751 -0.02350487 -0.01388047
v -1.07741741 -0.02848928 -0.01780195
v -1.08953661 -0.02927861 -0.01306084
v -1.08606474 -0.03478969 -0.01739668
v -1.09222684 -0.02387898 -0.00807595
v -1.10188682 -0.02831198 -0.00779279
v -1.09889155 -0.03432388 -0.01334293
v -1.09502598 -0.04045986 -0.01817041
v -1.09409009 -0.01868336 -0.0025283
v -1.09222684 -0.02387898 -0.00807595
v -1.09509341 -0.01378129 0.00348738
v -1.10507843 -0.01706931 0.00508171
v -1.10396135 -0.02252724 -0.00161609
v -1.10188682 -0.02831198 -0.00779279
v -1.11411961 -0.02538878 -0.00163248
v -1.11180426 -0.03184508 -0.00852622
v -1.11536638 -0.01929726 0.00584286
v -1.12578076 -0.02042566 0.00575681
v -1.12439061 -0.02721773 -0.00257821
v -1.12180899 -0.03441651 -0.01026476
v -1.10846127 -0.03855488 -0.01472065
v -1.10414696 -0.04540317 -0.02010855
v -1.11180426 -0.03184508 -0.00852622
v -1.12180899 -0.03441651 -0.01026476
v -1.11808155 -0.04189797 -0.01717158
v -1.11327108 -0.04953384 -0.02317909
v -1.12758821 -0.04428985 -0.02066118
v -1.12224232 -0.05277561 -0.02733734
v -1.13173052 -0.03597569 -0.01298562
v -1.14140092 -0.03650306 -0.01663585
v -1.13682057 -0.04569643 -0.02512306
v -1.13090938 -0.05507953 -0.03250521
v -1.13459948 -0.02797566 -0.00444354
v -1.13173052 -0.03597569 -0.01298562
v -1.13614437 -0.02042763 0.0048192
v -1.14628152 -0.01931084 0.00305174
v -1.14457328 -0.02765707 -0.00719048
v -1.14140092 -0.03650306 -0.01663585
v -1.15413983 -0.02627259 -0.01076711
v -1.15065342 -0.0359944 -0.02114762
v -1.15601722 -0.01710005 0.00048916
v -1.16517749 -0.01385359 -0.00280847
v -1.16312847 -0.02386485 -0.01509399
v -1.15932325 -0.03447559 -0.02642365
v -1.14561958 -0.04609795 -0.03047512
v -1.13912315 -0.05641003 -0.03858815
v -1.15065342 -0.0359944 -0.02114762
v -1.15932325 -0.03447559 -0.02642365
v -1.15382915 -0.04550298 -0.03660404
v -1.14673868 -0.05675796 -0.04545888
v -1.161296 -0.04394813 -0.04336554
v -1.1536151 -0.05614034 -0.05295774
v -1.16724761 -0.03200246 -0.0323374
v -1.17426932 -0.02872038 -0.03867467
v -1.16787533 -0.041554 -0.05052257
v -1.15962349 -0.05465247 -0.06082777
v -1.17136969 -0.02050814 -0.02006428
v -1.16724761 -0.03200246 -0.0323374
v -1.17358937 -0.00966323 -0.00675572
v -1.18108247 -0.00472063 -0.01119147
v -1.17869783 -0.01637167 -0.02548929
v -1.17426932 -0.02872038 -0.03867467
v -1.18495747 -0.01165075 -0.03116001
v -1.18024183 -0.02480014 -0.04520032
v -1.18749673 0.00075571 -0.01593517
v -1.17343326 -0.03846585 -0.05781641
v -1.16464639 -0.05241361 -0.06878981
v -1.18024183 -0.02480014 -0.04520032
v -1.16966525 -0.01984561 -0.11889768
v -1.18074695 -0.00225519 -0.10505843
v -1.17888207 0.00099471 -0.10763007
v -1.16776781 -0.01664741 -0.12151001
v -1.18933368 0.01497953 -0.08914748
v -1.18749406 0.01828009 -0.09167237
v -1.18533423 0.02152031 -0.09399814
v -1.17671414 0.00421869 -0.10997084
v -1.16558943 -0.01344002 -0.12386382
v -1.19528084 0.03156308 -0.07144029
v -1.19345869 0.03491237 -0.07391315
v -1.18749406 0.01828009 -0.09167237
v -1.19848328 0.04720968 -0.05223926
v -1.19667055 0.05060496 -0.05465568
v -1.19451935 0.05387557 -0.05694666
v -1.1913045 0.03816823 -0.07622226
v -1.18533423 0.02152031 -0.09399814
v -1.18876442 0.04162226 -0.07860881
v -1.18279578 0.02497888 -0.09637986
v -1.19197839 0.05732532 -0.05933847
v -1.18901862 0.06121279 -0.06202504
v -1.18580707 0.04552159 -0.08128083
v -1.17984293 0.02889077 -0.09903846
v -1.17417802 0.00768196 -0.1123482
v -1.16305635 -0.00997193 -0.12623739
v -1.18279578 0.02497888 -0.09637986
v -1.17984293 0.02889077 -0.09903846
v -1.17123171 0.01160692 -0.11499477
v -1.16011842 -0.00603365 -0.12887346
v -1.19303156 0.01861745 -0.00375619
v -1.19698434 0.02505011 -0.007808
v -1.19100551 0.02948346 0.01397926
v -1.19486601 0.03641094 0.01073509
v -1.19753833 0.04314078 0.00739218
v -1.19973503 0.03135954 -0.01183708
v -1.18666958 0.03895296 0.0320969
v -1.19033264 0.04631167 0.0296778
v -1.18009568 0.04686163 0.05028582
v -1.18345936 0.05458047 0.04869498
v -1.1857096 0.06198265 0.04675674
v -1.19283719 0.05340786 0.02703584
v -1.19430357 0.06013291 0.02425924
v -1.19914371 0.04956229 0.00403484
v -1.18696527 0.06896119 0.04456315
v -1.18737562 0.07544177 0.0422064
v -1.19488425 0.06640858 0.02143124
v -1.19983672 0.05559264 0.00073746
v -1.20140534 0.03743276 -0.01576291
v -1.20215084 0.04318159 -0.01951977
v -1.1229149 0.15827575 0.01007141
v -1.11710298 0.15945509 0.00652887
v -1.11070128 0.16330289 0.02995354
v -1.1051664 0.16436819 0.02596003
v -1.09906638 0.16464672 0.02174138
v -1.11066021 0.1598747 0.00286819
v -1.09644031 0.16618956 0.04887538
v -1.09122889 0.16718938 0.04445266
v -1.08037476 0.1668837 0.06651059
v -1.07552776 0.16786778 0.06168788
v -1.0702788 0.16804581 0.05644331
v -1.08552909 0.1673869 0.03970301
v -1.07938401 0.16660438 0.03467957
v -1.09243827 0.163962 0.0173589
v -1.06467792 0.16723979 0.05082254
v -1.05880056 0.16529726 0.04489722
v -1.07286615 0.16468955 0.02945739
v -1.08535181 0.16216225 0.0128911
v -1.10361836 0.15936024 -0.00084086
v -1.09604498 0.15776092 -0.00451595
v -1.175911 0.09444099 -0.05461992
v -1.17319978 0.09844607 -0.05739462
v -1.17348244 0.10746579 -0.03336091
v -1.17076939 0.11148071 -0.03611956
v -1.1683175 0.11497647 -0.03853739
v -1.17074856 0.10193828 -0.05981827
v -1.16828507 0.11881663 -0.01164376
v -1.16556808 0.12284011 -0.014386
v -1.16040512 0.12829653 0.01015879
v -1.1576822 0.13232721 0.00743304
v -1.15522672 0.13582863 0.00502707
v -1.16311479 0.126339 -0.01679789
v -1.1606615 0.12944035 -0.01901962
v -1.16585933 0.11808851 -0.0407387
v -1.15278086 0.1389211 0.00278485
v -1.15004943 0.14176096 0.00052045
v -1.15790698 0.13230799 -0.02122012
v -1.16308957 0.12098944 -0.04287554
v -1.16828811 0.10506256 -0.06199958
v -1.16551123 0.10800165 -0.06407412
v -1.10856923 0.12231411 -0.0762918
v -1.10664906 0.13261235 -0.05948306
v -1.09734277 0.12996788 -0.05963451
v -1.09914601 0.1202967 -0.07541975
v -1.10253967 0.14158704 -0.04231209
v -1.09630929 0.14908247 -0.02507362
v -1.08763258 0.14543512 -0.02732026
v -1.0934836 0.13839611 -0.04350909
v -1.08446836 0.13408985 -0.04416018
v -1.08806051 0.12624477 -0.0591699
v -1.07902217 0.14064185 -0.02909143
v -1.07078036 0.13476374 -0.03028309
v -1.0758079 0.12871541 -0.04419348
v -1.07912391 0.12147338 -0.05804938
v -1.08973899 0.11724273 -0.07386298
v -1.08067337 0.11316334 -0.07161298
v -1.07225031 0.10808994 -0.06867583
v -1.07083065 0.11570381 -0.05624854
v -1.0633706 0.10903172 -0.05378796
v -1.06466236 0.10210378 -0.06509572
v -1.06779245 0.12233912 -0.04355343
v -1.06318609 0.12788074 -0.03080841
v -1.05641471 0.12011168 -0.03063964
v -1.06060609 0.11506929 -0.04223651
v -1.05439752 0.10702834 -0.04025656
v -1.05689765 0.10156816 -0.0507033
v -1.05060697 0.11158851 -0.02976874
v -1.04586886 0.10245634 -0.02820754
v -1.04927977 0.0983529 -0.03764496
v -1.05152949 0.09343959 -0.04704542
v -1.05806587 0.09530276 -0.06092966
v -1.05258071 0.0878017 -0.05624756
v -1.04830836 0.07972402 -0.05112592
v -1.04736556 0.08478043 -0.0428729
v -1.04446833 0.07574134 -0.03826013
v -1.04531306 0.0712109 -0.04565473
v -1.04534788 0.08918696 -0.03444202
v -1.04228878 0.09286718 -0.025978
v -1.0399196 0.08298698 -0.02312253
v -1.04266051 0.07968956 -0.03070619
v -1.0412624 0.07002411 -0.02650218
v -1.04288611 0.06647801 -0.03328682
v -1.03880064 0.07298573 -0.01969087
v -1.03895252 0.06303515 -0.01574135
v -1.04117905 0.06035657 -0.02190175
v -1.04264757 0.05714934 -0.02803802
v -1.04364481 0.06240894 -0.03992832
v -1.04333378 0.05346913 -0.03404484
v -1.04439462 0.04454339 -0.0281038
v -1.04376607 0.04791443 -0.0226016
v -1.04621331 0.03892947 -0.01707118
v -1.04679995 0.03578321 -0.02220651
v -1.0424209 0.05085222 -0.01698083
v -1.04038144 0.05330578 -0.01133795
v -1.04305435 0.04396135 -0.00655856
v -1.04495783 0.04167138 -0.01182518
v -1.04621331 0.03892947 -0.01707118
v -1.04495783 0.04167138 -0.01182518
v -1.04874482 0.03297131 -0.00652359
v -1.04994579 0.03034846 -0.0115418
v -1.04305435 0.04396135 -0.00655856
v -1.04692399 0.03516184 -0.00148565
v -1.05192519 0.0270591 0.00379392
v -1.05371818 0.02490206 -0.00116701
v -1.05490078 0.0223193 -0.0061085
v -1.04679995 0.03578321 -0.02220651
v -1.05050696 0.0273388 -0.01645415
v -1.05545338 0.01935566 -0.01094576
v -1.05545338 0.01935566 -0.01094576
v -1.06156318 0.01197348 -0.00577722
v -1.05490078 0.0223193 -0.0061085
v -1.06100201 0.01498314 -0.00086487
v -1.06813797 0.0084598 0.00410135
v -1.06872462 0.00531353 -0.00103398
v -1.05371818 0.02490206 -0.00116701
v -1.05980104 0.01760599 0.00415334
v -1.05192519 0.0270591 0.00379392
v -1.05798022 0.01979652 0.00919128
v -1.06497902 0.01349167 0.01461396
v -1.0668825 0.01120171 0.00934734
v -1.0668825 0.01120171 0.00934734
v -1.07483987 0.00579817 0.01432597
v -1.07618503 0.00286038 0.00870519
v -1.06497902 0.01349167 0.01461396
v -1.0728004 0.00825174 0.01996884
v -1.08131083 0.00416796 0.0251638
v -1.08353734 0.00148938 0.01900341
v -1.08500588 -0.00171785 0.01286713
v -1.06872462 0.00531353 -0.00103398
v -1.07681359 -0.00051066 0.003203
v -1.08569208 -0.00539806 0.00686032
v -1.09521371 -0.00925861 0.00987145
v -1.09445501 -0.00518955 0.01651296
v -1.10436764 -0.00750334 0.01958427
v -1.10521238 -0.0120338 0.01218968
v -1.0928313 -0.00164344 0.02329759
v -1.09036954 0.00131816 0.0301089
v -1.09981891 -0.00025771 0.03472188
v -1.10255983 -0.00355514 0.02713822
v -1.11255539 -0.00421425 0.03045986
v -1.11457308 -0.0086208 0.022029
v -1.10949629 -0.00053405 0.03892389
v -1.1192356 0.00049539 0.04264226
v -1.12264651 -0.00360806 0.03320484
v -1.12489622 -0.00852137 0.0238044
v -1.11551587 -0.01367718 0.01377597
v -1.12594745 -0.01415926 0.01460226
v -1.13632961 -0.01346377 0.01464915
v -1.13516138 -0.00719837 0.02487551
v -1.14519458 -0.00468263 0.02522897
v -1.14648635 -0.01161059 0.01392121
v -1.13266126 -0.0017382 0.03532226
v -1.12887072 0.00282197 0.04581007
v -1.13823871 0.00639733 0.04837728
v -1.14243009 0.00135492 0.03678041
v -1.15178446 0.00561175 0.03755715
v -1.15482267 -0.00102357 0.02486204
v -1.14717812 0.01115337 0.05030217
v -1.15553017 0.01698324 0.0515593
v -1.16055772 0.01093491 0.03764891
v -1.16387373 0.00369287 0.02379299
v -1.15624232 -0.00863741 0.01243474
v -1.1654232 -0.00461717 0.01022938
v -1.1738555 0.00034235 0.00736782
v -1.17217702 0.00934437 0.02206091
v -1.17956515 0.01569984 0.01976714
v -1.1813684 0.00602866 0.0039819
v -1.16858487 0.01718946 0.03707063
v -1.16313869 0.02374146 0.05213937
v -1.16985498 0.03116708 0.0520814
v -1.175706 0.02412806 0.03589256
v -1.18177166 0.03147492 0.03420173
v -1.18588104 0.02250023 0.01703076
v -1.17554127 0.03897034 0.05144021
v -1.18780121 0.01220198 0.00022202
v -1.19886727 0.0616453 -0.03186239
v -1.19705568 0.06508302 -0.03421891
v -1.19644562 0.07463308 -0.01066381
v -1.19462691 0.07810897 -0.01295803
v -1.19247379 0.08140543 -0.01520981
v -1.19490485 0.06836725 -0.03649068
v -1.19126303 0.08595166 0.01099161
v -1.18942907 0.08946081 0.00876105
v -1.18340548 0.09540461 0.03273218
v -1.18154844 0.09894155 0.03056552
v -1.17938301 0.10225759 0.02835465
v -1.18727109 0.09276795 0.00652967
v -1.18473209 0.0962071 0.00412058
v -1.18993339 0.08484768 -0.017613
v -1.17684618 0.10569414 0.02593957
v -1.17389783 0.10954512 0.02318864
v -1.18177779 0.10006521 0.00138609
v -1.18697516 0.08871438 -0.02033108
v -1.19236379 0.07181303 -0.03888808
v -1.18940371 0.07568958 -0.04159007
v -1.17138081 0.05306344 0.06823539
v -1.17434764 0.06106471 0.06746197
v -1.16068763 0.05746476 0.08564244
v -1.16316752 0.06566646 0.0856617
v -1.16466686 0.07347886 0.08509136
v -1.17626071 0.06870684 0.06621817
v -1.14820198 0.05999206 0.10220873
v -1.15011328 0.06830885 0.1029824
v -1.13413639 0.06059978 0.11764857
v -1.13540718 0.06894426 0.11912534
v -1.13587929 0.07687796 0.1197933
v -1.15112957 0.07621903 0.103053
v -1.15136293 0.08361846 0.10252373
v -1.16530044 0.08079728 0.0840311
v -1.13566179 0.08429685 0.11975894
v -1.13488146 0.09113334 0.11914737
v -1.15094701 0.09043921 0.10151217
v -1.16520799 0.08755256 0.08259034
v -1.17723702 0.07588417 0.06459995
v -1.1774216 0.08252541 0.0627082
v -1.06276695 0.16535833 0.08254874
v -1.05831931 0.166377 0.07736224
v -1.04392645 0.16165455 0.09672837
v -1.03990618 0.16275723 0.09122024
v -1.03568009 0.16308202 0.08512768
v -1.05356452 0.16659788 0.07166762
v -1.02417817 0.15583842 0.10880816
v -1.02060584 0.15707304 0.10302603
v -1.00386045 0.14800753 0.1185781
v -1.00074898 0.14941977 0.11257438
v -0.99764725 0.15012752 0.10586862
v -1.01693395 0.15756105 0.09659447
v -1.01323659 0.15712916 0.08954095
v -1.03131383 0.16245313 0.07848335
v -0.99463814 0.14996089 0.09848417
v -0.99181136 0.14877096 0.09048297
v -1.00959976 0.15562701 0.08192928
v -1.02688964 0.16071911 0.07135328
v -1.04856004 0.1658435 0.06550356
v -1.04338471 0.1639618 0.05893883
v -1.14995882 0.13573046 0.03167447
v -1.14722803 0.13976679 0.02896499
v -1.13714123 0.14100625 0.05253986
v -1.13440072 0.14504651 0.04984612
v -1.13193891 0.14855141 0.0474517
v -1.14476971 0.14327024 0.02656488
v -1.12217499 0.14403564 0.07239742
v -1.11942317 0.14807819 0.06971868
v -1.10531496 0.14476411 0.09090475
v -1.1025504 0.14880722 0.08824001
v -1.1000799 0.15231314 0.08585605
v -1.11695729 0.15158394 0.0673297
v -1.11454736 0.1546616 0.06502897
v -1.12951492 0.15163193 0.04516965
v -1.09768582 0.15539011 0.08353793
v -1.09511585 0.15818171 0.08103687
v -1.11192797 0.15745533 0.06258216
v -1.12685166 0.15443453 0.04278103
v -1.14233366 0.1463557 0.02430244
v -1.13963284 0.14917377 0.02197497
v -1.08804979 0.15496021 -0.00806194
v -1.07791536 0.15913157 0.00843555
v -1.07035867 0.15487233 0.00414853
v -1.079876 0.15095498 -0.01134444
v -1.06608211 0.16152681 0.02413622
v -1.05275148 0.16210278 0.03876929
v -1.04672703 0.15766263 0.03263524
v -1.05924594 0.15712173 0.01889316
v -1.05259956 0.15151987 0.01392454
v -1.06294341 0.1494261 0.00020006
v -1.04094681 0.15202335 0.02671581
v -1.0356319 0.14527033 0.0212342
v -1.04638888 0.14480556 0.00942621
v -1.0559376 0.14287275 -0.00324325
v -1.07180226 0.1457798 -0.01422095
v -1.06411546 0.13950673 -0.01655571
v -1.05707955 0.13222637 -0.01823108
v -1.0495868 0.1353104 -0.0060339
v -1.04404055 0.12687203 -0.00809697
v -1.05085829 0.12406584 -0.01919535
v -1.04083806 0.13708128 0.00557416
v -1.03098225 0.13750711 0.01639292
v -1.02711201 0.12887085 0.01230949
v -1.03607993 0.12848338 0.00246535
v -1.03221688 0.11915958 0.00017029
v -1.03941619 0.11770233 -0.00938191
v -1.0241066 0.11951001 0.009073
v -1.02202262 0.10958446 0.00674401
v -1.02932062 0.10926914 -0.00126705
v -1.03579889 0.10795785 -0.00986256
v -1.04558193 0.1151645 -0.01941892
v -1.0413471 0.10567419 -0.01889431
v -1.0382334 0.09575313 -0.01762534
v -1.03325743 0.09780125 -0.00952514
v -1.03182764 0.08740783 -0.00838098
v -1.03628603 0.08557277 -0.01563865
v -1.02744735 0.09897728 -0.00181618
v -1.02090207 0.09926009 0.0053686
v -1.02075739 0.08871495 0.00496361
v -1.02662187 0.08846157 -0.00147386
v -1.02685719 0.07790275 -0.00024696
v -1.03153278 0.07695635 -0.00645064
v -1.02158996 0.07813034 0.0055349
v -1.02338657 0.06768812 0.00707373
v -1.02815045 0.06748229 0.00184442
v -1.03237921 0.06662632 -0.00376642
v -1.03553712 0.07530815 -0.01296917
v -1.03600089 0.06513564 -0.00966201
v -1.03767776 0.05522982 -0.00576932
v -1.03436034 0.05659527 -0.000369
v -1.03743472 0.0470315 0.00367901
v -1.04053095 0.04575709 -0.00136123
v -1.03048682 0.05737934 0.00477048
v -1.02612315 0.05756787 0.00956049
v -1.02974677 0.04793925 0.01294643
v -1.03381948 0.04776329 0.0084758
v -1.03743472 0.0470315 0.00367901
v -1.03381948 0.04776329 0.0084758
v -1.0380901 0.03879869 0.0128959
v -1.04154837 0.03809869 0.00830739
v -1.02974677 0.04793925 0.01294643
v -1.03419423 0.03896701 0.01717241
v -1.03939003 0.03080611 0.02216675
v -1.04322634 0.03064036 0.01795562
v -1.04663174 0.02995105 0.01343725
v -1.04053095 0.04575709 -0.00136123
v -1.04451015 0.03687961 0.00348601
v -1.04954825 0.02875062 0.00868957
v -1.04954825 0.02875062 0.00868957
v -1.05556638 0.02151429 0.01416293
v -1.04663174 0.02995105 0.01343725
v -1.0526046 0.02273337 0.01898432
v -1.0593594 0.01656183 0.02485153
v -1.06245562 0.01528742 0.01981129
v -1.04322634 0.03064036 0.01795562
v -1.04914633 0.02343337 0.02357283
v -1.03939003 0.03080611 0.02216675
v -1.04525046 0.0236017 0.02784934
v -1.05167144 0.01746958 0.03411895
v -1.05574415 0.01729361 0.02964832
v -1.05574415 0.01729361 0.02964832
v -1.06290578 0.01232528 0.03607727
v -1.0667793 0.01154122 0.03093779
v -1.05854211 0.01251383 0.04086729
v -1.06574488 0.00882094 0.04797889
v -1.07050875 0.00861511 0.04274957
v -1.07473752 0.00775914 0.03713874
v -1.06245562 0.01528742 0.01981129
v -1.07009672 0.01017576 0.02553747
v -1.07835919 0.00626845 0.03124315
v -1.08710602 0.0036406 0.0368306
v -1.08310168 0.00528878 0.04334913
v -1.09172695 0.00416315 0.04946342
v -1.09618535 0.00232806 0.04220575
v -1.07842609 0.0062352 0.04955281
v -1.07315887 0.00646278 0.05533467
v -1.08065671 0.00547025 0.06280801
v -1.0865212 0.00521687 0.05637055
v -1.09465486 0.00557608 0.0630857
v -1.10046495 0.00440002 0.05537675
v -1.08810959 0.00585888 0.07027049
v -1.09538936 0.00762351 0.07759382
v -1.10268736 0.0073082 0.06958276
v -1.10916562 0.00599688 0.06098725
v -1.1054409 0.00235192 0.04727654
v -1.11471384 0.00371324 0.0519555
v -1.12384567 0.00639797 0.05615989
v -1.11767993 0.0089358 0.0661969
v -1.12586453 0.01315767 0.07091995
v -1.13268228 0.01035147 0.05982157
v -1.11048063 0.01039306 0.07574911
v -1.10237034 0.01074347 0.08465181
v -1.108936 0.0151565 0.09132641
v -1.11790393 0.01476902 0.08148228
v -1.12483008 0.02035392 0.08668474
v -1.13357883 0.01858302 0.07507669
v -1.11497429 0.02077976 0.09750351
v -1.12038171 0.02748981 0.10307657
v -1.13113871 0.02702506 0.09126859
v -1.14068742 0.02509224 0.07859913
v -1.14107157 0.015499 0.0628795
v -1.14886527 0.02172623 0.06528667
v -1.15591876 0.02887941 0.06700985
v -1.14705994 0.03252572 0.08143087
v -1.15258106 0.04060429 0.08355018
v -1.16209841 0.03668694 0.06805723
v -1.13671607 0.03461947 0.09515534
v -1.12506333 0.03512295 0.10794662
v -1.12894942 0.04339458 0.11203689
v -1.14146833 0.04285369 0.09829482
v -1.14531408 0.05141467 0.10065004
v -1.15714733 0.04901943 0.08494938
v -1.13198346 0.05199064 0.11528312
v -1.16728177 0.04484809 0.06845189
v -1.17298887 0.1028174 0.05418669
v -1.17110122 0.10637615 0.0520831
v -1.1602077 0.10807817 0.07499275
v -1.15828246 0.11165235 0.0729503
v -1.15609519 0.11498036 0.07077928
v -1.16892599 0.10969919 0.04989246
v -1.14528402 0.11109898 0.09479389
v -1.14331492 0.11468204 0.09280963
v -1.1284719 0.11182535 0.1132486
v -1.1264534 0.11541058 0.1113186
v -1.12423619 0.11874209 0.10918363
v -1.14111357 0.11801287 0.09065726
v -1.13858717 0.12144515 0.08822524
v -1.15356471 0.11841346 0.06835266
v -1.12171438 0.12217416 0.10674654
v -1.11880768 0.12601271 0.1039346
v -1.1356677 0.12528421 0.08542725
v -1.15063394 0.12225482 0.06556968
v -1.16639201 0.11313372 0.04747153
v -1.16345155 0.11697906 0.04470431
v -1.11872054 0.05926431 0.13169018
v -1.1192893 0.06754794 0.13380637
v -1.10222546 0.0560216 0.14410461
v -1.10204307 0.06415758 0.14678614
v -1.10128059 0.07191418 0.14847767
v -1.11916499 0.07542998 0.13501758
v -1.08493558 0.0509295 0.15468062
v -1.08396586 0.05883362 0.15784377
v -1.06714719 0.04407347 0.16323433
v -1.06536739 0.05166536 0.16678699
v -1.06324777 0.05895969 0.16921862
v -1.08253443 0.06639318 0.15994445
v -1.08073987 0.07350212 0.16109711
v -1.10004024 0.07918633 0.14929133
v -1.060883 0.06584884 0.17064545
v -1.05836717 0.0722572 0.1712149
v -1.07868488 0.08008809 0.16144495
v -1.09843317 0.08590421 0.14936517
v -1.11845335 0.08280606 0.1354333
v -1.11727365 0.08960798 0.13518554
v -0.98331685 0.13828188 0.1258552
v -0.98067133 0.1399147 0.11968638
v -0.96289779 0.12683963 0.13053293
v -0.96071543 0.12873199 0.12425803
v -0.95876329 0.13003382 0.1172168
v -0.97814615 0.1408954 0.11277643
v -0.94295372 0.11387915 0.13253392
v -0.94122374 0.11606548 0.12621362
v -0.92382794 0.09962149 0.13182073
v -0.92253177 0.10213122 0.12551664
v -0.92167607 0.1041969 0.11843926
v -0.93983129 0.11773102 0.11911623
v -0.93888521 0.1187204 0.11125906
v -0.95714167 0.13058419 0.10942742
v -0.92137786 0.10566921 0.11060624
v -0.92174193 0.1064084 0.10207706
v -0.93848676 0.11889115 0.10270146
v -0.95594804 0.1302382 0.10094957
v -0.97583289 0.14105822 0.10514549
v -0.97382518 0.14025604 0.09685417
v -1.08683638 0.14316331 0.10773605
v -1.08405785 0.1472052 0.105084
v -1.06706418 0.13927637 0.1226169
v -1.06427072 0.14331534 0.11997612
v -1.0617898 0.14681976 0.11760082
v -1.08158234 0.15071072 0.10270467
v -1.04633926 0.13317261 0.13529407
v -1.04353016 0.13720698 0.13266287
v -1.02501678 0.12495446 0.14554717
v -1.02219155 0.12898261 0.14292372
v -1.01969917 0.13248315 0.14055468
v -1.04104358 0.14070975 0.13029104
v -1.03870495 0.14379762 0.12793118
v -1.05943168 0.14990191 0.1152529
v -1.01738056 0.13557873 0.13818519
v -1.01504596 0.1384284 0.13552397
v -1.03630781 0.14662318 0.12530003
v -1.05697381 0.15270959 0.11265889
v -1.07920562 0.15378917 0.10037071
v -1.07668981 0.15658547 0.09782033
v -1.03814113 0.16083707 0.05207718
v -1.02250797 0.15776382 0.06384294
v -1.01832506 0.15358787 0.05618215
v -1.03300631 0.156474 0.0451328
v -1.00612154 0.1529378 0.07386633
v -0.98926261 0.14644001 0.08197308
v -0.98710402 0.14295357 0.07320833
v -1.00293639 0.14905572 0.06559519
v -1.00018601 0.14401194 0.05739532
v -1.01450994 0.14823052 0.04863354
v -0.98544905 0.138332 0.06448171
v -0.98440031 0.13263144 0.05609698
v -0.99800441 0.13787477 0.04955533
v -1.01122726 0.14176906 0.04146709
v -1.02817542 0.15091696 0.03834869
v -1.02384226 0.14424899 0.03197285
v -1.02018031 0.13657134 0.02623191
v -1.00862215 0.13429917 0.03493075
v -1.00676626 0.1259519 0.02917732
v -1.01728317 0.12801938 0.02126212
v -0.99650708 0.13073113 0.0423414
v -0.98404268 0.12592707 0.04833501
v -0.98440105 0.11833401 0.04137403
v -0.99574258 0.12270529 0.03592036
v -0.99573714 0.11393407 0.03042587
v -1.00570658 0.1168702 0.0243277
v -0.98548025 0.10998084 0.03535798
v -0.98726489 0.10100969 0.03039643
v -0.9964945 0.104567 0.02595829
v -1.00546545 0.10720906 0.02047088
v -1.01521773 0.11873995 0.01716946
v -1.01402401 0.10889154 0.01402957
v -1.01372846 0.09863863 0.01190272
v -1.00605263 0.09712969 0.01767966
v -1.0074525 0.08680613 0.01599416
v -1.01432992 0.08815814 0.01081809
v -0.99800697 0.09476013 0.0226011
v -0.9897293 0.09156974 0.02658148
v -0.99282701 0.08182449 0.02397008
v -1.00024368 0.08468305 0.0204037
v -1.00316543 0.07450905 0.01940253
v -1.00964007 0.07641592 0.01544206
v -0.99650408 0.07194163 0.02260569
v -1.000698 0.06209083 0.02251317
v -1.00672276 0.0644129 0.01961613
v -1.01257866 0.06613754 0.01603413
v -1.01581709 0.07763023 0.01079315
v -1.01816538 0.06723581 0.01182949
v -1.02134057 0.05715356 0.01391672
v -1.01622319 0.05614756 0.01776815
v -1.02050691 0.04661363 0.02060682
v -1.02528308 0.04755256 0.0170122
v -1.01085922 0.0545678 0.02104921
v -1.00534059 0.05244079 0.02370289
v -1.01034995 0.04315403 0.02614585
v -1.0155006 0.04513921 0.02366911
v -1.02050691 0.04661363 0.02060682
v -1.0155006 0.04513921 0.02366911
v -1.02056666 0.03628856 0.02742951
v -1.02535559 0.03769896 0.02450018
v -1.01563964 0.03438957 0.0297987
v -1.02111908 0.02629865 0.03460003
v -1.02597077 0.0281686 0.03226705
v -1.03068649 0.02955744 0.0293825
v -1.02528308 0.04755256 0.0170122
v -1.02992437 0.03859712 0.02106164
v -1.03518544 0.03044187 0.02599653
v -1.03518544 0.03044187 0.02599653
v -1.04098059 0.0232318 0.03173857
v -1.03068649 0.02955744 0.0293825
v -1.03641181 0.02233364 0.03517711
v -1.04243159 0.01614396 0.04177934
v -1.04720776 0.01708289 0.03818472
v -1.02597077 0.0281686 0.03226705
v -1.03162288 0.02092324 0.03810644
v -1.02111908 0.02629865 0.03460003
v -1.02669587 0.01902426 0.04047563
v -1.03227462 0.01268436 0.04731837
v -1.03742528 0.01466954 0.04484164
v -1.03742528 0.01466954 0.04484164
v -1.04327819 0.00951374 0.05235601
v -1.04864215 0.01109351 0.04907494
v -1.03227462 0.01268436 0.04731837
v -1.03775956 0.00738675 0.05500969
v -1.04305631 0.00322364 0.06341833
v -1.04908107 0.00554572 0.06052128
v -1.05493697 0.00727036 0.05693929
v -1.05375954 0.01209951 0.04522352
v -1.06052368 0.00836862 0.05273464
v -1.06738599 0.00596268 0.06059292
v -1.06120898 0.00474836 0.06524184
v -1.06735181 0.00356144 0.07383856
v -1.07422925 0.00491344 0.0686625
v -1.05473433 0.0028415 0.06920229
v -1.04807299 0.00027407 0.07240546
v -1.05272633 -0.0014202 0.08181447
v -1.060143 0.00143835 0.07824811
v -1.06521448 0.00135892 0.08750298
v -1.07326016 0.00372847 0.08258155
v -1.05693683 -0.00183148 0.09148336
v -1.06063163 -0.00095126 0.10124624
v -1.06986124 0.00260604 0.0968081
v -1.07883219 0.0052481 0.09132069
v -1.08093597 0.00523743 0.0768046
v -1.08739075 0.00693059 0.08487937
v -1.09348147 0.00997343 0.09274827
v -1.08397032 0.00810367 0.09990651
v -1.08859025 0.01223755 0.10819424
v -1.09910717 0.01430502 0.10027905
v -1.07400088 0.00516754 0.10600468
v -1.06374399 0.0012143 0.1109368
v -1.06622505 0.00461967 0.12039095
v -1.07756658 0.00899093 0.11493729
v -1.0804991 0.01400377 0.12345198
v -1.09261419 0.01757181 0.11604135
v -1.0680347 0.0091997 0.1294456
v -1.06915013 0.01485093 0.13793935
v -1.08275423 0.02009426 0.13139772
v -1.09597708 0.02398856 0.12330948
v -1.10417233 0.01984398 0.10734249
v -1.10859208 0.0264685 0.11381523
v -1.11229193 0.03401657 0.11957948
v -1.09862646 0.03133013 0.12986435
v -1.10054745 0.03931984 0.1355838
v -1.11522871 0.04220596 0.12453447
v -1.08430252 0.02711154 0.13862611
v -1.06956557 0.02143159 0.14571251
v -1.06932641 0.02868551 0.15260998
v -1.08515879 0.03478768 0.14499686
v -1.08535351 0.04282568 0.15038016
v -1.10173995 0.04765169 0.14035677
v -1.06849459 0.03632787 0.15848691
v -1.11737311 0.05072494 0.12859101
v -1.11004586 0.11022912 0.13003205
v -1.10797318 0.11380962 0.12815137
v -1.09032987 0.10635323 0.14487062
v -1.08819923 0.10992234 0.14303355
v -1.08594609 0.11324873 0.14092841
v -1.10573862 0.11713965 0.12603223
v -1.06966385 0.10026681 0.15751174
v -1.0674725 0.10381805 0.15571182
v -1.04840199 0.09207202 0.1677357
v -1.04614813 0.09559917 0.16596584
v -1.04385545 0.09891208 0.16388224
v -1.06519987 0.10713869 0.1536186
v -1.06269414 0.11057392 0.15116942
v -1.08343472 0.1166823 0.13848268
v -1.04135553 0.10234953 0.16143025
v -1.03850949 0.10620303 0.15857699
v -1.05983198 0.1144212 0.14832391
v -1.08055689 0.12052495 0.13564674
v -1.10322185 0.12057216 0.12359056
v -1.10032909 0.12441188 0.12076587
v -1.04916101 0.03555855 0.16960553
v -1.04656216 0.04276268 0.17344832
v -1.03128388 0.02554073 0.17370093
v -1.02787093 0.03228866 0.17773022
v -1.02436379 0.03886596 0.18056678
v -1.04374666 0.04972756 0.17612643
v -1.01382261 0.01419367 0.17545281
v -1.0096145 0.02042488 0.17956189
v -1.00543179 0.02656317 0.18246622
v -1.0013578 0.03249459 0.18428471
v -1.02084949 0.04516109 0.18232911
v -0.99746045 0.03812881 0.18517069
v -1.0174045 0.05108928 0.18316972
v -1.04080537 0.05634378 0.17775748
v -1.03782355 0.06253154 0.17849199
v -1.00345723 0.11474785 0.15318414
v -1.0006157 0.11876826 0.15056644
v -0.98202839 0.10273974 0.1580932
v -0.97917067 0.10675109 0.15547922
v -0.97666657 0.11024557 0.15311361
v -0.99811743 0.12226602 0.14819951
v -0.961098 0.08913831 0.16019313
v -0.95822449 0.09313939 0.15758073
v -0.95571466 0.09663016 0.1552157
v -0.95345617 0.09975942 0.15283242
v -0.97438838 0.11336204 0.15073231
v -0.95130889 0.10271405 0.15012829
v -0.97217975 0.11627681 0.14803434
v -0.99581911 0.12537121 0.14582283
v -0.99354768 0.12825078 0.14313923
v -0.97221625 0.13837 0.08801136
v -0.95527324 0.12887563 0.09189278
v -0.95518427 0.12645868 0.08252402
v -0.9710956 0.13537494 0.07887893
v -0.93872436 0.11812148 0.09355312
v -0.92285447 0.10629099 0.09296135
v -0.92473949 0.10524923 0.08352752
v -0.93964306 0.11635938 0.08408325
v -0.94127185 0.11357781 0.0746042
v -0.95573779 0.12297838 0.07315285
v -0.92739944 0.10323637 0.07408693
v -0.93081305 0.10023366 0.06496384
v -0.94361907 0.10978016 0.06544136
v -0.956973 0.11845807 0.06410156
v -0.97054825 0.13127773 0.06975996
v -0.97064495 0.12611945 0.06096951
v -0.97143971 0.11996064 0.05279933
v -0.95891313 0.11294111 0.055669
v -0.96153535 0.10651791 0.04804732
v -0.97293343 0.11290507 0.04543616
v -0.94667795 0.10499018 0.05689655
v -0.93494479 0.09624348 0.05645903
v -0.93972623 0.09132451 0.04876618
v -0.95040239 0.09928326 0.04916428
v -0.954733 0.09275198 0.04240323
v -0.96480127 0.09929475 0.04139309
v -0.94507784 0.08555436 0.04204319
v -0.95090896 0.07902963 0.0364121
v -0.95959712 0.08550639 0.03673606
v -0.968657 0.09139387 0.03582709
v -0.97510933 0.10507109 0.03903166
v -0.97793265 0.09659168 0.03370216
v -0.98135962 0.0876074 0.02954625
v -0.97304067 0.08294571 0.03145201
v -0.97787421 0.07409746 0.028334
v -0.98532787 0.0782743 0.02662646
v -0.96491523 0.07766546 0.03226723
v -0.95712319 0.07185674 0.03197668
v -0.96361235 0.0641619 0.0288041
v -0.97059392 0.06936645 0.02906442
v -0.97653529 0.06075233 0.02718122
v -0.98307413 0.06500155 0.02652518
v -0.97026474 0.05607785 0.0269474
v -0.97696619 0.04774306 0.02643997
v -0.98263751 0.05197084 0.02665145
v -0.98855146 0.05581397 0.0260581
v -0.98976869 0.06875298 0.02499154
v -0.99460626 0.05920691 0.02467103
v -0.99976061 0.04979914 0.02567947
v -0.99421446 0.04669124 0.02695002
v -0.99996567 0.03778785 0.02917647
v -1.00514202 0.04068853 0.02799064
v -0.98879732 0.04317096 0.02749352
v -0.98360245 0.03929835 0.02729981
v -0.99006124 0.03088789 0.02950294
v -0.99490973 0.03450229 0.02968373
v -0.99996567 0.03778785 0.02917647
v -0.99490973 0.03450229 0.02968373
v -1.00086986 0.0261135 0.03318297
v -1.00570626 0.0292564 0.03269773
v -0.99623189 0.02265604 0.03301002
v -1.00200801 0.01474449 0.03776225
v -1.00657508 0.01814909 0.03793256
v -1.01133755 0.02124394 0.03745474
v -1.00514202 0.04068853 0.02799064
v -1.01065785 0.03203113 0.03156339
v -1.01621345 0.02397625 0.03633774
v -1.01621345 0.02397625 0.03633774
v -1.02171407 0.01666581 0.04224032
v -1.01133755 0.02124394 0.03745474
v -1.01676249 0.01389108 0.04337466
v -1.02189035 0.00731818 0.05034899
v -1.02706669 0.01021885 0.04916316
v -1.00657508 0.01814909 0.03793256
v -1.01192608 0.01074819 0.04385989
v -1.00200801 0.01474449 0.03776225
v -1.00728811 0.00729073 0.04368695
v -1.01198591 0.00041822 0.05067545
v -1.01683441 0.00403262 0.05085625
v -1.02121629 -0.00188309 0.05880032
v -1.02663343 0.0016372 0.05825681
v -1.01198591 0.00041822 0.05067545
v -1.01602141 -0.0057557 0.0586066
v -1.0193245 -0.01112413 0.06734513
v -1.02499581 -0.00689635 0.06755661
v -1.03090977 -0.00305321 0.06696326
v -1.02706669 0.01021885 0.04916316
v -1.03217957 0.00474509 0.05698626
v -1.03696458 0.00033972 0.06557618
v -1.04133759 -0.00291457 0.07479131
v -1.03464304 -0.00666601 0.07632495
v -1.03777353 -0.00914721 0.0861784
v -1.0452272 -0.0049704 0.08447087
v -1.02810419 -0.01091521 0.07698099
v -1.02183365 -0.01558971 0.07674717
v -1.02351167 -0.01908279 0.0866485
v -1.03049325 -0.01387825 0.08690883
v -1.03212276 -0.01573575 0.0971691
v -1.04024819 -0.01045552 0.09635389
v -1.02433071 -0.02154448 0.09687856
v -1.0242757 -0.02293132 0.1072619
v -1.03296386 -0.01645456 0.10758587
v -1.04202374 -0.01056709 0.1066769
v -1.04856713 -0.00579381 0.09444813
v -1.05129939 -0.00536928 0.10455197
v -1.05337307 -0.00369543 0.11461047
v -1.04306501 -0.00947177 0.1169719
v -1.04335933 -0.00719645 0.12706424
v -1.05475742 -0.0008093 0.12445309
v -1.03299674 -0.01601455 0.11798205
v -1.02334158 -0.02321218 0.11762202
v -1.02155021 -0.02238985 0.1277831
v -1.03222638 -0.0144311 0.12818121
v -1.03066997 -0.01173718 0.13800713
v -1.04290516 -0.00378626 0.13677958
v -1.01893681 -0.02048389 0.13756962
v -1.01556286 -0.01754684 0.14680621
v -1.02836888 -0.00800036 0.14728374
v -1.04172282 0.00067757 0.14594395
v -1.05543172 0.00323327 0.13390991
v -1.05539477 0.00833895 0.14281189
v -1.05466475 0.01437733 0.15099076
v -1.03985431 0.00607798 0.15438365
v -1.03740666 0.01219065 0.16192567
v -1.053318 0.02110689 0.15828059
v -1.02538837 -0.00332258 0.155835
v -1.01151596 -0.01366402 0.15531773
v -1.00696188 -0.00901882 0.16292918
v -1.02186544 0.00209133 0.16348491
v -1.01795633 0.00800934 0.17006694
v -1.03450522 0.0187635 0.16840662
v -1.00208644 -0.00382115 0.16947519
v -1.05144824 0.02825787 0.16452518
v -1.02690372 0.08189443 0.17535096
v -1.02458667 0.08539166 0.17360349
v -1.0055358 0.06992046 0.18024607
v -1.00315595 0.07338249 0.17851298
v -1.00082285 0.07667452 0.17644119
v -1.02227372 0.08869497 0.17152707
v -0.98466492 0.05635769 0.18234002
v -0.98222374 0.05977988 0.18061309
v -0.96465038 0.0414375 0.18159372
v -0.96215036 0.04481582 0.17986459
v -0.95977871 0.04808098 0.17779406
v -0.97987096 0.06305912 0.17854328
v -0.9773885 0.06650636 0.17608727
v -0.99833467 0.08011805 0.17398577
v -0.95730172 0.05153231 0.17533828
v -0.95451913 0.05542416 0.17247452
v -0.97459074 0.0703869 0.17322296
v -0.9955211 0.08398832 0.17112304
v -1.0197797 0.09213523 0.16907301
v -1.01694994 0.09599642 0.16621397
v -0.94584035 0.02540562 0.17800027
v -0.94328504 0.02873682 0.17626058
v -0.928546 0.00854196 0.17164028
v -0.92593988 0.0118236 0.16988188
v -0.92353419 0.01505776 0.16780198
v -0.94089564 0.03198687 0.17418668
v -0.91306257 -0.008863 0.16262601
v -0.91041094 -0.00563252 0.16084112
v -0.89965824 -0.02651076 0.15110939
v -0.8969672 -0.02333216 0.14929067
v -0.89453429 -0.02013105 0.14719139
v -0.90799067 -0.00241478 0.15875271
v -0.9055278 0.00105031 0.15630211
v -0.92106707 0.01851808 0.16534893
v -0.89207507 -0.01666113 0.14474396
v -0.88934172 -0.0127178 0.14190331
v -0.90278429 0.00498027 0.15345272
v -0.91831183 0.02243485 0.16249271
v -0.9384238 0.03544258 0.17173189
v -0.93565547 0.03934658 0.16887083
v -0.86172187 0.03469058 0.10269012
v -0.85113228 0.01788128 0.08946542
v -0.85148503 0.02224508 0.08412201
v -0.8618344 0.03867309 0.09704678
v -0.84292687 0.00141189 0.07426098
v -0.84346573 0.00614924 0.06926245
v -0.84488039 0.010971 0.06380041
v -0.8526694 0.02660464 0.07823328
v -0.86272162 0.04256094 0.09078689
v -0.83724378 -0.01443525 0.05734014
v -0.83791153 -0.00933843 0.05272544
v -0.83948568 -0.00407196 0.04773823
v -0.84212029 0.00126378 0.04242808
v -0.84732248 0.01576994 0.05791714
v -0.85483358 0.03084573 0.07183496
v -0.86452711 0.04623264 0.08394061
v -0.90600481 0.09299559 0.09907068
v -0.90793966 0.09357902 0.09011204
v -0.89153579 0.07888689 0.09374968
v -0.89422666 0.08020753 0.08506909
v -0.89785483 0.080754 0.07611583
v -0.91073282 0.09331131 0.08085172
v -0.87858182 0.0643253 0.08620805
v -0.88194959 0.06640682 0.07792152
v -0.88632531 0.06779363 0.06940345
v -0.8916431 0.06837228 0.06094009
v -0.90237491 0.08043595 0.06718804
v -0.89780534 0.06804962 0.05282762
v -0.90771218 0.07918593 0.05859528
v -0.91436189 0.09212441 0.07159626
v -0.91877771 0.0899759 0.06266464
v -0.92391773 0.08684508 0.05435245
v -0.91377923 0.07695906 0.05062401
v -0.9204674 0.07377735 0.04345682
v -0.92969256 0.08277278 0.04684937
v -0.90470236 0.0667557 0.04533954
v -0.91220823 0.06449319 0.03864841
v -0.92019149 0.06128902 0.03289302
v -0.92766081 0.0696853 0.03724159
v -0.9285151 0.05719459 0.02817835
v -0.93523633 0.06474995 0.03209138
v -0.93600373 0.07782045 0.0403097
v -0.94274367 0.07207033 0.03485221
v -0.94980008 0.06561522 0.03057768
v -0.94306705 0.05904988 0.02810161
v -0.95101825 0.05268712 0.02533209
v -0.95705093 0.05856959 0.02755061
v -0.93703907 0.05227378 0.02459217
v -0.94561724 0.04661584 0.02218768
v -0.9541023 0.04031871 0.02100483
v -0.95895325 0.04577169 0.02382899
v -0.9623483 0.03348993 0.0210653
v -0.96673567 0.0384218 0.02361957
v -0.96437156 0.05105506 0.02582158
v -0.97163618 0.04320027 0.02542175
v -0.9787202 0.03513719 0.02636712
v -0.97423136 0.03076015 0.02471635
v -0.981315 0.02291899 0.02709174
v -0.98550453 0.02700419 0.02863243
v -0.97021256 0.0262426 0.02237665
v -0.97756416 0.01870267 0.02490804
v -0.981315 0.02291899 0.02709174
v -0.97756416 0.01870267 0.02490804
v -0.98427745 0.01099991 0.02861464
v -0.98786542 0.01503316 0.03070352
v -0.99023633 0.00326654 0.03343406
v -0.99376945 0.00723814 0.035491
v -0.98550453 0.02700419 0.02863243
v -0.99187303 0.01894098 0.03217732
v -0.99771579 0.01108621 0.03694228
v -0.99771579 0.01108621 0.03694228
v -1.00292926 0.00357566 0.04285424
v -0.99376945 0.00723814 0.035491
v -0.99892164 -0.00033215 0.04138045
v -1.00323968 -0.00755068 0.04826425
v -1.0074292 -0.00346548 0.04980495
v -0.99023633 0.00326654 0.03343406
v -0.99533368 -0.0043654 0.03929156
v -0.99948884 -0.01176701 0.04608055
v -1.00263154 -0.01881145 0.05368344
v -1.00665033 -0.0142939 0.05602315
v -1.0047066 -0.02537725 0.06197045
v -1.00909398 -0.02044539 0.06452473
v -1.0074292 -0.00346548 0.04980495
v -1.01113917 -0.00991686 0.05767391
v -1.01399449 -0.01566692 0.0663269
v -1.01594046 -0.02061249 0.07562135
v -1.01052216 -0.02589587 0.07362877
v -1.01091756 -0.03055757 0.08317648
v -1.01695026 -0.02467511 0.08539502
v -1.00567121 -0.03134884 0.07080459
v -1.00551656 -0.03662886 0.08003209
v -1.00424658 -0.04112743 0.08949405
v -1.01027457 -0.03435134 0.0930035
v -1.00188184 -0.04476637 0.09902816
v -1.00860307 -0.03721101 0.1029412
v -1.01700759 -0.02778599 0.09547956
v -1.0161104 -0.02989063 0.10570202
v -1.01426747 -0.03094607 0.11588851
v -1.00592455 -0.03908123 0.1128204
v -1.00229138 -0.039937 0.12247375
v -1.01151654 -0.03094158 0.1258663
v -0.99845522 -0.04747752 0.10847185
v -0.99403221 -0.04922118 0.11766535
v -0.98869437 -0.04997166 0.12645013
v -0.99777125 -0.03976831 0.1317346
v -0.98255514 -0.0497309 0.13467001
v -0.99246198 -0.03859458 0.14043767
v -1.00790974 -0.02988229 0.13546303
v -1.00352752 -0.02780461 0.14450702
v -0.9984784 -0.02477597 0.15282706
v -0.98649142 -0.03646445 0.14841885
v -0.98007722 -0.03351403 0.15551748
v -0.99295522 -0.02095674 0.16025339
v -0.97575962 -0.04852811 0.14217089
v -0.9685477 -0.04647441 0.14880513
v -0.96118158 -0.04370531 0.15443534
v -0.97345864 -0.0299046 0.16158293
v -0.98717163 -0.01653311 0.16662589
v -0.88857655 -0.04410118 0.13727014
v -0.88585294 -0.04097428 0.13541072
v -0.87998983 -0.06133591 0.12135916
v -0.87724098 -0.05825967 0.11945299
v -0.8747895 -0.05509139 0.1173257
v -0.88340957 -0.03778976 0.13329843
v -0.87404265 -0.07791945 0.10365201
v -0.87127633 -0.07489195 0.10169378
v -0.86881924 -0.07173931 0.0995498
v -0.86636703 -0.06825533 0.09711533
v -0.87233566 -0.05161195 0.1148864
v -0.86365309 -0.06427304 0.09431064
v -0.86961723 -0.04764221 0.11206828
v -0.8809534 -0.03431503 0.13085476
v -0.87822846 -0.03035836 0.12802458
v -0.90971239 -0.12334568 0.0761108
v -0.91183069 -0.1347065 0.0575677
v -0.9040296 -0.13430867 0.05595779
v -0.90183292 -0.12252744 0.07518704
v -0.91636408 -0.14460722 0.03862501
v -0.90873075 -0.14457575 0.03631414
v -0.90179791 -0.14370383 0.03381184
v -0.89695779 -0.13313322 0.05403622
v -0.8955899 -0.14215894 0.03120555
v -0.89063744 -0.131343 0.05189931
v -0.89469616 -0.1210037 0.07383396
v -0.88832333 -0.11893197 0.07215652
v -0.87506576 -0.02582468 0.12480838
v -0.88617219 -0.00819498 0.13867855
v -0.86645985 -0.04309789 0.1088619
v -0.86300324 -0.03823386 0.10546329
v -0.8716071 -0.02096475 0.12140598
v -0.88271091 -0.00333923 0.13527283
v -0.8604994 -0.05971846 0.09111519
v -0.85728981 -0.07540001 0.07187129
v -0.85383538 -0.0705283 0.06848145
v -0.85704419 -0.05485048 0.08772081
v -0.85351256 -0.05000856 0.08436804
v -0.85947302 -0.03338798 0.10211475
v -0.85030296 -0.0656901 0.06512414
v -0.85016037 -0.04552162 0.08128081
v -0.85612452 -0.0288908 0.09903843
v -0.86807892 -0.01611477 0.11806124
v -0.87918534 0.00151493 0.13193142
v -0.86473573 -0.01160695 0.11499475
v -0.85690496 -0.08986786 0.05144891
v -0.85933203 -0.10288463 0.030203
v -0.85587711 -0.0980064 0.02682306
v -0.8534506 -0.08499273 0.04806392
v -0.86452619 -0.11422847 0.00849924
v -0.87240128 -0.12370255 -0.01328989
v -0.86894327 -0.11881934 -0.01665948
v -0.86107003 -0.10934755 0.00512445
v -0.85753936 -0.10451856 0.00175209
v -0.85234519 -0.09317472 0.02345586
v -0.86541446 -0.11399261 -0.02003702
v -0.84991812 -0.08015795 0.04470176
v -0.88284113 -0.1311319 -0.0347923
v -0.89565085 -0.13640439 -0.0556448
v -0.89218731 -0.1315182 -0.05900437
v -0.87938063 -0.12624695 -0.0381568
v -0.91060786 -0.13943194 -0.07549014
v -0.9274575 -0.14015996 -0.09398607
v -0.92398642 -0.13527286 -0.09733651
v -0.90714076 -0.13454503 -0.07884498
v -0.90362102 -0.12972203 -0.08223728
v -0.88866403 -0.12669447 -0.06239194
v -0.92047066 -0.13045005 -0.10073322
v -0.87585429 -0.12142198 -0.04153943
v -0.94592469 -0.13856015 -0.11080699
v -0.96568473 -0.13467559 -0.12567869
v -0.96220454 -0.12978983 -0.12902162
v -0.94244923 -0.13367342 -0.11415344
v -0.98639685 -0.12857562 -0.13834805
v -1.00770621 -0.12036251 -0.14859482
v -1.00421607 -0.11548012 -0.15193231
v -0.98291177 -0.12369128 -0.14168797
v -0.97941003 -0.11886568 -0.14509518
v -0.95869789 -0.12496568 -0.13242583
v -1.00071938 -0.1106526 -0.15534197
v -0.93893787 -0.12885021 -0.11755412
v -1.02925249 -0.11016217 -0.15622708
v -1.05066813 -0.09816147 -0.16113313
v -1.04716778 -0.09328436 -0.16446765
v -1.02575724 -0.10528221 -0.15956277
v -1.0715856 -0.08456844 -0.16323176
v -1.09164485 -0.06961491 -0.16248379
v -1.08813477 -0.06474458 -0.16581798
v -1.06808028 -0.07969456 -0.16656579
v -1.06459875 -0.07485853 -0.16997891
v -1.04368129 -0.08845156 -0.16788028
v -1.08465801 -0.059905 -0.16923094
v -1.02226566 -0.10045226 -0.16297424
v -1.11049688 -0.05354725 -0.15888234
v -1.12782982 -0.03664594 -0.15250813
v -1.12431116 -0.03178344 -0.1558447
v -1.10698233 -0.04868073 -0.16221739
v -1.14334781 -0.01920211 -0.14347372
v -1.12782982 -0.03664594 -0.15250813
v -1.15678206 -0.00151495 -0.13193138
v -1.15325653 0.00333921 -0.13527285
v -1.13982546 -0.01434375 -0.14681243
v -1.12431116 -0.03178344 -0.1558447
v -1.13636097 -0.0094922 -0.15022086
v -1.120843 -0.02693603 -0.15925528
v -1.14979522 0.00819496 -0.13867853
v -1.10351004 -0.04383734 -0.16562949
v -1.120843 -0.02693603 -0.15925528
v -1.16788852 0.01611474 -0.11806126
v -1.15678206 -0.00151495 -0.13193138
v -1.17649442 0.03338795 -0.10211477
v -1.17296422 0.03823383 -0.10546332
v -1.16436033 0.02096472 -0.12140599
v -1.15325653 0.00333921 -0.13527285
v -1.18245489 0.05000851 -0.0843681
v -1.17649442 0.03338795 -0.10211477
v -1.18566449 0.06569006 -0.06512419
v -1.18213207 0.07052826 -0.06848148
v -1.17892326 0.05485045 -0.08772084
v -1.17296422 0.03823383 -0.10546332
v -1.17546805 0.05971844 -0.09111522
v -1.16950759 0.04309786 -0.10886193
v -1.17867763 0.07539996 -0.07187132
v -1.16090166 0.02582466 -0.12480838
v -1.14979522 0.00819496 -0.13867853
v -1.16950759 0.04309786 -0.10886193
v -1.18604932 0.08015792 -0.04470179
v -1.18362226 0.09317469 -0.02345588
v -1.18009033 0.09800637 -0.02682308
v -1.18251684 0.0849927 -0.04806394
v -1.17842809 0.10451853 -0.00175211
v -1.170553 0.11399261 0.02003702
v -1.16702418 0.11881933 0.01665947
v -1.17489742 0.10934753 -0.00512447
v -1.17144125 0.11422845 -0.00849925
v -1.17663542 0.1028846 -0.03020303
v -1.16356616 0.12370251 0.01328986
v -1.17906248 0.08986783 -0.05144893
v -1.16011315 0.12142197 0.04153945
v -1.14730343 0.12669446 0.06239195
v -1.14378014 0.1315182 0.05900438
v -1.15658681 0.12624694 0.0381568
v -1.13234643 0.12972203 0.0822373
v -1.11549678 0.13045004 0.10073323
v -1.11198103 0.13527286 0.09733653
v -1.12882668 0.13454502 0.078845
v -1.12535959 0.13943194 0.07549016
v -1.14031659 0.13640438 0.05564481
v -1.10850994 0.14015996 0.09398609
v -1.15312631 0.13113189 0.0347923
v -1.09702959 0.12885024 0.11755416
v -1.07726956 0.12496568 0.13242585
v -1.0737629 0.12978982 0.12902164
v -1.09351821 0.13367342 0.11415345
v -1.05655743 0.11886571 0.14509521
v -1.03524808 0.11065259 0.15534198
v -1.03175138 0.11548012 0.15193232
v -1.05305568 0.12369128 0.14168798
v -1.04957057 0.1285756 0.13834806
v -1.07028272 0.13467559 0.1256787
v -1.02826123 0.1203625 0.14859482
v -1.09004274 0.13856012 0.110807
v -1.01370179 0.10045225 0.16297423
v -0.99228617 0.08845156 0.16788028
v -0.98879968 0.09328436 0.16446764
v -1.01021021 0.10528221 0.15956279
v -0.97136869 0.07485852 0.16997892
v -0.95130944 0.05990499 0.16923093
v -0.94783269 0.06474457 0.16581797
v -0.96788717 0.07969455 0.16656578
v -0.96438186 0.08456843 0.16323175
v -0.98529932 0.09816146 0.16113313
v -0.9443226 0.0696149 0.16248379
v -1.00671494 0.11016216 0.15622709
v -0.88929155 0.02373169 0.14042291
v -0.89261962 0.01920209 0.14347373
v -0.9081376 0.03664593 0.15250814
v -0.91165628 0.03178342 0.15584469
v -0.89614198 0.01434373 0.14681243
v -0.88271091 -0.00333923 0.13527283
v -0.92216275 0.058098 0.15584101
v -0.92547057 0.05354723 0.15888233
v -0.94783269 0.06474457 0.16581797
v -0.9289851 0.04868071 0.16221739
v -0.93245742 0.04383733 0.16562947
v -0.91512445 0.02693601 0.15925527
v -0.95451913 0.05542416 0.17247452
v -0.93565547 0.03934658 0.16887083
v -0.89960645 0.00949218 0.15022089
v -0.90278429 0.00498027 0.15345272
v -0.88934172 -0.0127178 0.14190331
v -0.8617894 -0.00768199 0.1123482
v -0.85317165 -0.02497891 0.09637985
v -0.85063321 -0.02152034 0.09399812
v -0.85925326 -0.00421871 0.10997086
v -0.84720302 -0.04162229 0.07860879
v -0.84466294 -0.03816827 0.07622221
v -0.84250872 -0.0349124 0.07391316
v -0.84847338 -0.01828011 0.09167235
v -0.84068659 -0.03156311 0.07144028
v -0.84663376 -0.01497955 0.08914746
v -0.85708537 -0.00099473 0.10763007
v -0.85522049 0.00225517 0.10505842
v -0.85361432 0.00575931 0.10201787
v -0.86463307 0.02324982 0.11577853
v -0.84507636 -0.01137754 0.08619728
v -0.84386772 -0.00742672 0.08274546
v -0.85232861 0.00955548 0.09842331
v -0.86324792 0.02688816 0.1120598
v -0.83916296 -0.02786688 0.06859069
v -0.83597872 -0.04342461 0.04949871
v -0.83485215 -0.03918461 0.04637807
v -0.83800767 -0.02376727 0.06529775
v -0.83732373 -0.01927032 0.06154129
v -0.84310789 -0.00314135 0.07876307
v -0.83420909 -0.03448803 0.04286656
v -0.85145927 0.01362095 0.09423788
v -0.86223717 0.03072919 0.10769781
v -0.83559691 -0.05777825 0.02923755
v -0.83800481 -0.07069226 0.0081594
v -0.83685997 -0.06620618 0.0054118
v -0.83447378 -0.05340872 0.02629977
v -0.84315796 -0.08194653 -0.01337301
v -0.85097089 -0.09134579 -0.0349901
v -0.84970903 -0.08667337 -0.03734832
v -0.84196661 -0.07735892 -0.01592631
v -0.84123142 -0.07216802 -0.01863105
v -0.83619089 -0.06115971 0.00243077
v -0.84887359 -0.08136186 -0.03977567
v -0.83383562 -0.04852795 0.02304825
v -0.86132831 -0.09871651 -0.05632276
v -0.8740369 -0.10394737 -0.07701063
v -0.87256691 -0.09916121 -0.07898966
v -0.859973 -0.09397754 -0.05848846
v -0.88887582 -0.106951 -0.09669928
v -0.90559245 -0.10767327 -0.11504918
v -0.90383769 -0.1028535 -0.11668496
v -0.88727192 -0.10213774 -0.09850065
v -0.88595009 -0.09662599 -0.10013615
v -0.87143547 -0.09368802 -0.08087783
v -0.90230135 -0.09733249 -0.11808501
v -0.85900464 -0.08857148 -0.0606421
v -0.92391384 -0.10608608 -0.1317373
v -0.94351785 -0.10223222 -0.14649159
v -0.94142086 -0.09746155 -0.14784364
v -0.92199375 -0.10128064 -0.13322249
v -0.96406646 -0.0961804 -0.15906093
v -0.98520758 -0.08803215 -0.16922682
v -0.98273439 -0.08338962 -0.17037371
v -0.96178405 -0.09146431 -0.16029954
v -0.95949738 -0.0860908 -0.16113486
v -0.93939787 -0.09201035 -0.14884022
v -0.98017645 -0.07812062 -0.17107855
v -0.92022233 -0.09577998 -0.13440839
v -1.00658376 -0.07791234 -0.17679883
v -1.02783031 -0.06600638 -0.18166613
v -1.02497249 -0.06156261 -0.18270076
v -1.00391766 -0.07336113 -0.17787738
v -1.04858262 -0.05252068 -0.18374821
v -1.06848351 -0.03768521 -0.18300614
v -1.06525885 -0.033497 -0.18402867
v -1.04553755 -0.04819858 -0.18476405
v -1.0421664 -0.04338527 -0.18528256
v -1.02186763 -0.05657626 -0.18324601
v -1.06163232 -0.02887407 -0.18455672
v -1.00108542 -0.068222 -0.17848507
v -1.08718673 -0.02174439 -0.17943313
v -1.10438283 -0.00497652 -0.17310924
v -1.10083421 -0.00108347 -0.17422108
v -1.08379329 -0.01770003 -0.18048791
v -1.11977829 0.01232959 -0.16414616
v -1.10438283 -0.00497652 -0.17310924
v -1.13310648 0.02987711 -0.15269494
v -1.12929866 0.03345565 -0.153991
v -1.11609075 0.01606648 -0.16533889
v -1.10083421 -0.00108347 -0.17422108
v -1.11180604 0.02004763 -0.16610894
v -1.09674704 0.00311976 -0.17487612
v -1.12484294 0.03721165 -0.15490803
v -1.07992678 -0.01328163 -0.1810618
v -1.09674704 0.00311976 -0.17487612
v -1.14412523 0.04736761 -0.1389343
v -1.13310648 0.02987711 -0.15269494
v -1.15266321 0.06450445 -0.12311372
v -1.14867889 0.06777051 -0.12467671
v -1.14021797 0.05078832 -0.14035453
v -1.12929866 0.03345565 -0.153991
v -1.15857661 0.08099381 -0.10550715
v -1.15266321 0.06450445 -0.12311372
v -1.16176086 0.09655154 -0.08641516
v -1.15769447 0.09952841 -0.08830933
v -1.15453894 0.08411107 -0.10722902
v -1.14867889 0.06777051 -0.12467671
v -1.14975638 0.08721115 -0.10875153
v -1.14397221 0.07108219 -0.12597329
v -1.15287104 0.10242886 -0.0900768
v -1.13562084 0.05431988 -0.14144809
v -1.12484294 0.03721165 -0.15490803
v -1.14397221 0.07108219 -0.12597329
v -1.16214266 0.11090517 -0.06615401
v -1.15973476 0.12381918 -0.04507584
v -1.15568665 0.12654999 -0.04734305
v -1.15807283 0.11375253 -0.06823102
v -1.1545816 0.13507346 -0.02354343
v -1.14676868 0.14447274 -0.00192632
v -1.14283759 0.14701717 -0.0045829
v -1.15058 0.13770272 -0.02600494
v -1.14584869 0.14010887 -0.02857916
v -1.15088924 0.12910056 -0.04964098
v -1.13820654 0.14930271 -0.00743452
v -1.1532445 0.11646879 -0.07025848
v -1.13641125 0.15184345 0.01940635
v -1.12370267 0.15707431 0.04009422
v -1.11997971 0.15950503 0.03705844
v -1.13257362 0.15432136 0.01655725
v -1.10886373 0.16007795 0.05978287
v -1.09214712 0.16080021 0.07813278
v -1.08870892 0.16319732 0.07475375
v -1.10527468 0.16248157 0.05656943
v -1.10113001 0.16456685 0.05292597
v -1.11564464 0.16162888 0.03366764
v -1.08477876 0.16527334 0.07087483
v -1.12807548 0.15651234 0.01343191
v -1.07382572 0.15921303 0.09482089
v -1.05422171 0.15535917 0.10957519
v -1.05112575 0.15780537 0.10591243
v -1.07055286 0.16162446 0.09129128
v -1.0336731 0.14930735 0.12214452
v -1.01253199 0.14115909 0.13231041
v -1.00981223 0.14373344 0.12844249
v -1.03076255 0.15180814 0.11836832
v -1.02758273 0.15403166 0.11392467
v -1.04768223 0.1599512 0.10163004
v -1.00690367 0.14606148 0.12386836
v -1.06685778 0.16372084 0.08719821
v -0.9911558 0.13103928 0.13988241
v -0.96990927 0.11913333 0.14474971
v -0.96757413 0.12190642 0.14076953
v -0.98862896 0.13370495 0.13594616
v -0.94915693 0.10564761 0.14683178
v -0.92925606 0.09081214 0.14608971
v -0.92728777 0.09384081 0.14209743
v -0.94700906 0.1085424 0.14283281
v -0.94491371 0.11132613 0.13807237
v -0.96521249 0.12451711 0.13603581
v -0.92544778 0.0968149 0.13734652
v -0.98599468 0.13616285 0.13127487
v -0.89965824 -0.02651076 0.15110939
v -0.91306257 -0.008863 0.16262601
v -0.91618915 -0.01232961 0.16414616
v -0.90286094 -0.02987713 0.15269495
v -0.928546 0.00854196 0.17164028
v -0.93158462 0.0049765 0.17310923
v -0.93513326 0.00108345 0.17422106
v -0.91987669 -0.01606649 0.16533889
v -0.90666875 -0.03345567 0.15399103
v -0.94584035 0.02540562 0.17800027
v -0.94878073 0.02174437 0.17943311
v -0.96465038 0.0414375 0.18159372
v -0.96748396 0.03768519 0.18300611
v -0.9707086 0.03349697 0.18402866
v -0.95217418 0.01770001 0.18048787
v -0.95604068 0.01328162 0.18106179
v -0.93922041 -0.00311978 0.17487611
v -0.97433513 0.02887404 0.18455671
v -0.97833467 0.02387115 0.18445752
v -0.96035989 0.00855119 0.18102368
v -0.94383354 -0.0075636 0.1749461
v -0.92416143 -0.02004766 0.16610892
v -0.91112451 -0.03721167 0.154908
v -0.90034659 -0.05431991 0.14144809
v -0.8919952 -0.07108221 0.12597329
v -0.88728854 -0.06777054 0.1246767
v -0.89574943 -0.05078834 0.14035455
v -0.90666875 -0.03345567 0.15399103
v -0.88621106 -0.08721118 0.1087515
v -0.88309641 -0.10242889 0.09007677
v -0.87827299 -0.09952843 0.0883093
v -0.88142851 -0.0841111 0.10722899
v -0.87739085 -0.08099384 0.1055071
v -0.88330426 -0.06450448 0.12311368
v -0.87420659 -0.09655156 0.08641513
v -0.89184221 -0.04736764 0.13893428
v -0.90286094 -0.02987713 0.15269495
v -0.88272298 -0.1164688 0.07025845
v -0.88507823 -0.12910057 0.04964097
v -0.8802808 -0.12655001 0.04734303
v -0.87789462 -0.11375254 0.06823099
v -0.89011877 -0.14010887 0.02857916
v -0.89776091 -0.14930272 0.00743452
v -0.89312987 -0.14701716 0.00458292
v -0.88538744 -0.13770274 0.02600492
v -0.88138584 -0.13507347 0.02354343
v -0.87623269 -0.12381919 0.04507583
v -0.88919875 -0.14447275 0.00192633
v -0.87382479 -0.1109052 0.06615398
v -0.90789197 -0.15651233 -0.01343189
v -0.9203228 -0.16162888 -0.03366762
v -0.91598774 -0.15950502 -0.03705842
v -0.90339382 -0.15432137 -0.01655724
v -0.93483742 -0.16456685 -0.05292595
v -0.95118868 -0.16527335 -0.07087482
v -0.94725853 -0.16319731 -0.07475372
v -0.93069274 -0.16248158 -0.05656942
v -0.9271037 -0.16007795 -0.05978285
v -0.91226477 -0.15707431 -0.04009421
v -0.94382031 -0.16080022 -0.07813277
v -0.89955618 -0.15184344 -0.01940632
v -0.96910965 -0.16372084 -0.0871982
v -0.9882852 -0.15995123 -0.10163004
v -0.9848417 -0.15780536 -0.1059124
v -0.96541458 -0.16162446 -0.09129126
v -1.00838472 -0.15403166 -0.11392466
v -1.02906379 -0.14606149 -0.12386837
v -1.02615522 -0.14373342 -0.12844246
v -1.0052049 -0.15180813 -0.11836831
v -1.00229436 -0.14930732 -0.12214449
v -0.98174572 -0.15535916 -0.10957517
v -1.02343545 -0.14115909 -0.1323104
v -0.96214172 -0.15921303 -0.09482087
v -1.04997275 -0.13616284 -0.13127485
v -1.07075496 -0.12451711 -0.1360358
v -1.06839332 -0.12190643 -0.14076954
v -1.04733849 -0.13370495 -0.13594615
v -1.09105373 -0.11132613 -0.13807236
v -1.11051966 -0.09681492 -0.13734652
v -1.10867966 -0.09384081 -0.14209743
v -1.08895838 -0.10854241 -0.14283282
v -1.08681049 -0.10564763 -0.14683177
v -1.06605818 -0.11913333 -0.14474971
v -1.10671138 -0.09081215 -0.14608971
v -1.04481163 -0.13103929 -0.1398824
v -1.12881411 -0.0812225 -0.1338516
v -1.14563439 -0.0648211 -0.12766595
v -1.14425504 -0.06142729 -0.13228985
v -1.12721411 -0.07804385 -0.13855667
v -1.16069335 -0.04789322 -0.11889873
v -1.14563439 -0.0648211 -0.12766595
v -1.17373025 -0.03072921 -0.10769781
v -1.1727195 -0.02688817 -0.11205979
v -1.15951157 -0.04427735 -0.12340765
v -1.14425504 -0.06142729 -0.13228985
v -1.15800617 -0.04079736 -0.12722973
v -1.14261071 -0.05810346 -0.13619281
v -1.17133439 -0.02324983 -0.11577856
v -1.12541458 -0.07487134 -0.14251668
v -1.14261071 -0.05810346 -0.13619281
v -1.18450818 -0.01362097 -0.09423791
v -1.17373025 -0.03072921 -0.10769781
v -1.19285956 0.00314133 -0.0787631
v -1.19209974 0.00742669 -0.0827455
v -1.18363883 -0.0095555 -0.09842333
v -1.1727195 -0.02688817 -0.11205979
v -1.19864374 0.01927029 -0.06154133
v -1.19285956 0.00314133 -0.0787631
v -1.20175839 0.03448801 -0.04286661
v -1.2011153 0.03918459 -0.0463781
v -1.19795978 0.02376725 -0.06529779
v -1.19209974 0.00742669 -0.0827455
v -1.19680448 0.02786686 -0.06859072
v -1.19089106 0.01137751 -0.08619729
v -1.19998873 0.04342459 -0.04949874
v -1.18235312 -0.00575932 -0.10201789
v -1.17133439 -0.02324983 -0.11577856
v -1.19089106 0.01137751 -0.08619729
v -1.20213181 0.04852791 -0.02304828
v -1.19977655 0.06115968 -0.00243078
v -1.19910749 0.06620617 -0.00541182
v -1.20149367 0.05340869 -0.02629981
v -1.194736 0.07216799 0.01863104
v -1.18709386 0.08136184 0.03977566
v -1.18625839 0.08667333 0.03734831
v -1.19400083 0.0773589 0.0159263
v -1.19280946 0.0819465 0.01337299
v -1.19796263 0.07069223 -0.00815942
v -1.18499656 0.09134578 0.03499009
v -1.20037053 0.05777822 -0.02923759
v -1.17696281 0.08857147 0.0606421
v -1.16453198 0.09368802 0.08087783
v -1.16340053 0.0991612 0.07898966
v -1.17599444 0.09397753 0.05848847
v -1.15001735 0.09662599 0.10013617
v -1.1336661 0.09733249 0.11808504
v -1.13212974 0.10285349 0.11668497
v -1.14869553 0.10213776 0.09850067
v -1.14709162 0.106951 0.0966993
v -1.16193053 0.10394735 0.07701063
v -1.130375 0.10767328 0.11504921
v -1.17463913 0.09871648 0.05632275
v -1.11574512 0.09577998 0.13440842
v -1.09656958 0.09201036 0.14884026
v -1.09454656 0.09746153 0.14784364
v -1.11397369 0.10128064 0.13322251
v -1.07647005 0.08609079 0.16113487
v -1.055791 0.07812062 0.17107857
v -1.05323305 0.08338959 0.1703737
v -1.07418338 0.09146431 0.16029954
v -1.07190096 0.09618037 0.15906093
v -1.09244959 0.10223221 0.1464916
v -1.05075986 0.08803214 0.16922682
v -1.1120536 0.10608608 0.13173732
v -1.03488201 0.06822198 0.17848506
v -1.01409982 0.05657624 0.183246
v -1.01099494 0.0615626 0.18270077
v -1.03204978 0.07336112 0.17787739
v -0.99380105 0.04338526 0.18528255
v -0.97433513 0.02887404 0.18455671
v -0.9707086 0.03349697 0.18402866
v -0.99042989 0.04819857 0.18476405
v -0.98738483 0.05252066 0.18374819
v -1.00813714 0.06600638 0.18166612
v -0.96748396 0.03768519 0.18300611
v -1.02938369 0.07791234 0.17679884
v -0.86172187 0.03469058 0.10269012
v -0.87453097 0.05155466 0.11369533
v -0.87527409 0.0478932 0.11889874
v -0.86223717 0.03072919 0.10769781
v -0.88932682 0.06818674 0.12230932
v -0.89033306 0.06482109 0.12766594
v -0.89171242 0.06142728 0.13228984
v -0.87645584 0.04427733 0.12340767
v -0.86324792 0.02688816 0.1120598
v -0.90585318 0.08430154 0.12838689
v -0.90715334 0.08122248 0.1338516
v -0.92382794 0.09962149 0.13182073
v -0.92544778 0.0968149 0.13734652
v -0.92728777 0.09384081 0.14209743
v -0.90875336 0.07804384 0.13855665
v -0.91055287 0.07487133 0.14251668
v -0.89335676 0.05810345 0.1361928
v -0.91248427 0.07176196 0.14578855
v -0.87796128 0.04079734 0.12722972
v -0.87970651 0.03749335 0.1304143
v -0.90585318 0.08430154 0.12838689
v -0.90496473 0.08715876 0.12216066
v -0.88881324 0.07140948 0.11622094
v -0.88892575 0.07435731 0.10941047
v -0.90461346 0.08965435 0.11517965
v -0.87453097 0.05155466 0.11369533
v -0.87435298 0.05515466 0.10780234
v -0.8748807 0.05856924 0.10123363
v -0.87625232 0.06166972 0.09401455
v -0.88979616 0.07689441 0.10189966
v -0.90492409 0.09164561 0.10746293
vn 0.47353 -0.88078 -0
vn 0.46948 -0.88076 -0.06199
vn 0.57718 -0.81306 -0.07621
vn 0.58218 -0.81306 -0
vn 0.45745 -0.88075 -0.12256
vn 0.56238 -0.81304 -0.15067
vn 0.65714 -0.73292 -0.17607
vn 0.67447 -0.73291 -0.08905
vn 0.68029 -0.73294 -0
vn 0.43759 -0.88076 -0.18104
vn 0.53796 -0.81306 -0.22258
vn 0.41011 -0.88077 -0.23676
vn 0.50418 -0.81306 -0.29109
vn 0.58914 -0.73295 -0.34014
vn 0.62864 -0.73292 -0.26009
vn 0.70683 -0.64411 -0.29244
vn 0.73887 -0.64411 -0.19798
vn 0.66245 -0.64413 -0.38243
vn 0.72202 -0.55218 -0.41686
vn 0.77039 -0.55218 -0.31874
vn 0.80534 -0.55215 -0.21577
vn 0.75835 -0.64411 -0.10013
vn 0.76491 -0.64414 -0
vn 0.82655 -0.55218 -0.10914
vn 0.83372 -0.55218 -0
vn 0.86578 -0.02417 0.49985
vn 0.92377 -0.02417 0.38219
vn 0.92379 -0.02335 0.38219
vn 0.86579 -0.02335 0.49987
vn 0.96565 -0.02417 0.25874
vn 0.96566 -0.02335 0.25874
vn 0.96589 0.00851 0.2588
vn 0.924 0.00851 0.38229
vn 0.86601 0.00851 0.49996
vn 0.99111 -0.02417 0.13087
vn 0.99112 -0.02335 0.13089
vn 0.99971 -0.02417 -0
vn 0.99973 -0.02335 -0
vn 0.99996 0.00851 -0
vn 0.99136 0.00851 0.13093
vn 0.98843 0.07721 0.13053
vn 0.96304 0.07721 0.25804
vn 0.99701 0.07721 -0
vn 0.98526 0.17106 -0
vn 0.97678 0.17106 0.12897
vn 0.9517 0.17103 0.25498
vn 0.92128 0.07721 0.38115
vn 0.86345 0.07721 0.4985
vn 0.91042 0.17103 0.37667
vn 0.85326 0.17106 0.49264
vn 0.47353 0.88078 -0
vn 0.46948 0.88076 -0.06199
vn 0.35796 0.93254 -0.04727
vn 0.36104 0.93255 -0
vn 0.45745 0.88075 -0.12256
vn 0.34874 0.93255 -0.09345
vn 0.23759 0.96928 -0.06366
vn 0.24385 0.96928 -0.0322
vn 0.24595 0.96928 -0
vn 0.43759 0.88076 -0.18104
vn 0.33363 0.93254 -0.13804
vn 0.41011 0.88077 -0.23676
vn 0.31267 0.93255 -0.18052
vn 0.21302 0.96928 -0.12296
vn 0.2273 0.96927 -0.09403
vn 0.11561 0.99214 -0.04782
vn 0.12086 0.99214 -0.03238
vn 0.10834 0.99214 -0.06253
vn -0.00412 0.99999 0.00238
vn -0.00439 0.99999 0.0018
vn -0.00461 0.99999 0.00122
vn 0.12403 0.99214 -0.01636
vn 0.1251 0.99214 -0
vn -0.00473 0.99999 0.00061
vn -0.00476 0.99999 -0
vn -0.13859 0.99018 0.01828
vn -0.13981 0.99018 -0
vn -0.13505 0.99018 0.03616
vn -0.26366 0.96203 0.07062
vn -0.27059 0.96203 0.03574
vn -0.27293 0.96203 -0
vn -0.12919 0.99018 0.05344
vn -0.12107 0.99018 0.06989
vn -0.23637 0.96203 0.13645
vn -0.25221 0.96203 0.10435
vn -0.37078 0.91597 0.15339
vn -0.38763 0.91595 0.10386
vn -0.34749 0.91597 0.20063
vn -0.45169 0.85321 0.26079
vn -0.48196 0.8532 0.19941
vn -0.50384 0.85319 0.13499
vn -0.39781 0.91596 0.05252
vn -0.40126 0.91596 -0
vn -0.51711 0.85319 0.06827
vn -0.52158 0.8532 -0
vn -0.62549 0.77585 0.08258
vn -0.6309 0.77587 -0
vn -0.60944 0.77583 0.16328
vn -0.70228 0.68659 0.18815
vn -0.72078 0.6866 0.09519
vn -0.72702 0.68661 -0
vn -0.58298 0.77586 0.24119
vn -0.54639 0.77586 0.31545
vn -0.62961 0.68662 0.36351
vn -0.67182 0.68659 0.27794
vn -0.74803 0.5871 0.30947
vn -0.78193 0.5871 0.20951
vn -0.70105 0.58712 0.40474
vn -0.76034 0.47872 0.43898
vn -0.81129 0.47869 0.33565
vn -0.84807 0.4787 0.22722
vn -0.80254 0.58711 0.10596
vn -0.80949 0.58713 -0
vn -0.87042 0.4787 0.11494
vn -0.87797 0.47872 -0
vn -0.92342 0.36391 0.12195
vn -0.93142 0.36394 -0
vn -0.8997 0.36391 0.24107
vn -0.93641 0.24531 0.2509
vn -0.9611 0.24531 0.12693
vn -0.96944 0.24531 -0
vn -0.86067 0.36391 0.3561
vn -0.80664 0.36395 0.4657
vn -0.83957 0.24532 0.48471
vn -0.8958 0.24531 0.37063
vn -0.91694 0.12375 0.37935
vn -0.9585 0.12375 0.25682
vn -0.85937 0.12376 0.49616
vn -0.86603 0 0.49999
vn -0.92403 0 0.38231
vn -0.96593 0 0.2588
vn -0.98377 0.12375 0.12992
vn -0.99231 0.12375 -0
vn -0.99139 0 0.13093
vn -1 0 -0
vn -0.98377 -0.12375 0.12992
vn -0.99231 -0.12375 -0
vn -0.9585 -0.12375 0.25682
vn -0.93641 -0.24531 0.2509
vn -0.9611 -0.24531 0.12693
vn -0.96944 -0.24531 -0
vn -0.91694 -0.12375 0.37935
vn -0.85937 -0.12376 0.49616
vn -0.83957 -0.24532 0.48471
vn -0.8958 -0.24531 0.37063
vn -0.86067 -0.36391 0.3561
vn -0.8997 -0.36391 0.24107
vn -0.80664 -0.36395 0.4657
vn -0.76034 -0.47872 0.43898
vn -0.81129 -0.47869 0.33565
vn -0.84807 -0.4787 0.22722
vn -0.92342 -0.36391 0.12195
vn -0.93142 -0.36394 -0
vn -0.87042 -0.4787 0.11494
vn -0.87797 -0.47872 -0
vn -0.80254 -0.58711 0.10596
vn -0.80949 -0.58713 -0
vn -0.78193 -0.5871 0.20951
vn -0.70228 -0.68659 0.18815
vn -0.72078 -0.6866 0.09519
vn -0.72702 -0.68661 -0
vn -0.74803 -0.5871 0.30947
vn -0.70105 -0.58712 0.40474
vn -0.62961 -0.68662 0.36351
vn -0.67182 -0.68659 0.27794
vn -0.58298 -0.77586 0.24119
vn -0.60944 -0.77583 0.16328
vn -0.54639 -0.77586 0.31545
vn -0.45169 -0.85321 0.26079
vn -0.48196 -0.8532 0.19941
vn -0.50384 -0.85319 0.13499
vn -0.62549 -0.77585 0.08258
vn -0.6309 -0.77587 -0
vn -0.51711 -0.85319 0.06827
vn -0.52158 -0.8532 -0
vn -0.39781 -0.91596 0.05252
vn -0.40126 -0.91596 -0
vn -0.38763 -0.91595 0.10386
vn -0.26366 -0.96203 0.07062
vn -0.27059 -0.96203 0.03574
vn -0.27293 -0.96203 -0
vn -0.37078 -0.91597 0.15339
vn -0.34749 -0.91597 0.20063
vn -0.23637 -0.96203 0.13645
vn -0.25221 -0.96203 0.10435
vn -0.12919 -0.99018 0.05344
vn -0.13505 -0.99018 0.03616
vn -0.12107 -0.99018 0.06989
vn -0.00412 -0.99999 0.00238
vn -0.00439 -0.99999 0.0018
vn -0.00461 -0.99999 0.00122
vn -0.13859 -0.99018 0.01828
vn -0.13981 -0.99018 -0
vn -0.00473 -0.99999 0.00061
vn -0.00476 -0.99999 -0
vn 0.12403 -0.99214 -0.01636
vn 0.1251 -0.99214 -0
vn 0.12086 -0.99214 -0.03238
vn 0.23759 -0.96928 -0.06366
vn 0.24385 -0.96928 -0.0322
vn 0.24595 -0.96928 -0
vn 0.11561 -0.99214 -0.04782
vn 0.10834 -0.99214 -0.06253
vn 0.21302 -0.96928 -0.12296
vn 0.2273 -0.96927 -0.09403
vn 0.33363 -0.93254 -0.13804
vn 0.34874 -0.93255 -0.09345
vn 0.31267 -0.93255 -0.18052
vn 0.35796 -0.93254 -0.04727
vn 0.36104 -0.93255 -0
vn 0.72202 0.55218 -0.41686
vn 0.66123 0.55218 -0.50781
vn 0.60667 0.64411 -0.46591
vn 0.66245 0.64413 -0.38243
vn 0.58954 0.55216 -0.58954
vn 0.54089 0.64411 -0.54089
vn 0.48105 0.73293 -0.48105
vn 0.53956 0.73293 -0.41436
vn 0.58914 0.73295 -0.34014
vn 0.50781 0.55218 -0.66123
vn 0.46591 0.64411 -0.60667
vn 0.41686 0.55218 -0.72202
vn 0.38243 0.64413 -0.66245
vn 0.34014 0.73295 -0.58914
vn 0.41436 0.73293 -0.53956
vn 0.3546 0.81305 -0.46175
vn 0.41168 0.81304 -0.41168
vn 0.29109 0.81306 -0.50418
vn 0.23676 0.88077 -0.41011
vn 0.28844 0.88076 -0.37557
vn 0.33486 0.88076 -0.33486
vn 0.46175 0.81305 -0.3546
vn 0.50418 0.81306 -0.29109
vn 0.37557 0.88076 -0.28844
vn 0.41011 -0.88077 0.23676
vn 0.43759 -0.88076 0.18104
vn 0.53796 -0.81306 0.22258
vn 0.50418 -0.81306 0.29109
vn 0.45745 -0.88075 0.12256
vn 0.56238 -0.81304 0.15067
vn 0.65714 -0.73292 0.17607
vn 0.62864 -0.73292 0.26009
vn 0.58914 -0.73295 0.34014
vn 0.46948 -0.88076 0.06199
vn 0.57718 -0.81306 0.07621
vn 0.67447 -0.73291 0.08905
vn 0.75835 -0.64411 0.10013
vn 0.73887 -0.64411 0.19798
vn 0.82655 -0.55218 0.10914
vn 0.80534 -0.55215 0.21577
vn 0.70683 -0.64411 0.29244
vn 0.66245 -0.64413 0.38243
vn 0.77039 -0.55218 0.31874
vn 0.72202 -0.55218 0.41686
vn 0.31874 0.55218 -0.77039
vn 0.29244 0.64411 -0.70683
vn 0.21577 0.55215 -0.80534
vn 0.19798 0.64411 -0.73887
vn 0.17607 0.73292 -0.65714
vn 0.26009 0.73292 -0.62864
vn 0.10914 0.55218 -0.82655
vn 0.10013 0.64411 -0.75835
vn 0 0.55218 -0.83372
vn 0 0.64414 -0.76491
vn 0 0.73294 -0.68029
vn 0.08905 0.73291 -0.67447
vn 0.07621 0.81306 -0.57718
vn 0.15067 0.81304 -0.56238
vn 0 0.81306 -0.58218
vn 0 0.88078 -0.47353
vn 0.06199 0.88076 -0.46948
vn 0.12256 0.88075 -0.45745
vn 0.22258 0.81306 -0.53796
vn 0.18104 0.88076 -0.43759
vn 0.86578 -0.02417 -0.49985
vn 0.79287 -0.02417 -0.60891
vn 0.79289 -0.02335 -0.60892
vn 0.86579 -0.02335 -0.49987
vn 0.70688 -0.02417 -0.70692
vn 0.70691 -0.02335 -0.70691
vn 0.70708 0.00852 -0.70708
vn 0.79307 0.00851 -0.60907
vn 0.86601 0.00851 -0.49996
vn 0.60891 -0.02417 -0.79287
vn 0.60892 -0.02335 -0.79289
vn 0.49985 -0.02417 -0.86578
vn 0.49987 -0.02335 -0.86579
vn 0.49996 0.00851 -0.86601
vn 0.60907 0.00851 -0.79307
vn 0.60726 0.07721 -0.79074
vn 0.705 0.07721 -0.705
vn 0.4985 0.07721 -0.86345
vn 0.49264 0.17106 -0.85325
vn 0.60011 0.17103 -0.78142
vn 0.69669 0.17103 -0.69669
vn 0.79074 0.07721 -0.60726
vn 0.86345 0.07721 -0.4985
vn 0.78142 0.17103 -0.60011
vn 0.85326 0.17106 -0.49264
vn 0.28636 0.93254 -0.21992
vn 0.25529 0.93255 -0.25529
vn 0.17393 0.96928 -0.17393
vn 0.19508 0.96928 -0.14982
vn 0.21992 0.93254 -0.28636
vn 0.18052 0.93255 -0.31267
vn 0.12296 0.96928 -0.21302
vn 0.14982 0.96928 -0.19508
vn 0.07621 0.99214 -0.09922
vn 0.08847 0.99214 -0.08847
vn 0.06253 0.99214 -0.10834
vn -0.00238 0.99999 0.00412
vn -0.0029 0.99999 0.00378
vn -0.00336 0.99999 0.00336
vn 0.09922 0.99214 -0.07621
vn -0.00378 0.99999 0.0029
vn -0.11087 0.99018 0.08515
vn -0.09885 0.99018 0.09885
vn -0.193 0.96203 0.193
vn -0.21647 0.96203 0.16624
vn -0.08515 0.99018 0.11087
vn -0.06989 0.99018 0.12107
vn -0.13645 0.96203 0.23637
vn -0.16624 0.96203 0.21647
vn -0.2444 0.91596 0.31825
vn -0.28374 0.91596 0.28374
vn -0.20063 0.91597 0.34749
vn -0.26079 0.85321 0.45169
vn -0.3177 0.85319 0.41368
vn -0.36882 0.85319 0.36882
vn -0.31825 0.91596 0.2444
vn -0.41368 0.85319 0.3177
vn -0.50039 0.77585 0.38427
vn -0.44614 0.77584 0.44614
vn -0.5141 0.68659 0.5141
vn -0.57661 0.6866 0.44284
vn -0.38427 0.77585 0.50039
vn -0.31545 0.77586 0.54639
vn -0.36351 0.68662 0.62961
vn -0.44284 0.6866 0.57661
vn -0.49307 0.5871 0.64203
vn -0.57242 0.5871 0.57242
vn -0.40474 0.58712 0.70105
vn -0.43898 0.47872 0.76034
vn -0.53476 0.4787 0.69633
vn -0.62083 0.4787 0.62083
vn -0.64203 0.5871 0.49307
vn -0.69633 0.4787 0.53476
vn -0.73872 0.36391 0.56732
vn -0.65861 0.36391 0.65864
vn -0.6855 0.24532 0.6855
vn -0.76887 0.24531 0.59048
vn -0.56732 0.36391 0.73872
vn -0.4657 0.36395 0.80664
vn -0.48471 0.24532 0.83957
vn -0.59048 0.24531 0.76887
vn -0.60441 0.12376 0.787
vn -0.70167 0.12376 0.70167
vn -0.49616 0.12376 0.85937
vn -0.49999 0 0.86603
vn -0.60908 0 0.79311
vn -0.70711 0 0.70711
vn -0.787 0.12376 0.60441
vn -0.79311 0 0.60908
vn -0.787 -0.12376 0.60441
vn -0.70167 -0.12376 0.70167
vn -0.6855 -0.24532 0.6855
vn -0.76887 -0.24531 0.59048
vn -0.60441 -0.12376 0.787
vn -0.49616 -0.12376 0.85937
vn -0.48471 -0.24532 0.83957
vn -0.59048 -0.24531 0.76887
vn -0.56732 -0.36391 0.73872
vn -0.65862 -0.36392 0.65862
vn -0.4657 -0.36395 0.80664
vn -0.43898 -0.47872 0.76034
vn -0.53476 -0.4787 0.69633
vn -0.62083 -0.4787 0.62083
vn -0.73872 -0.36391 0.56732
vn -0.69633 -0.4787 0.53476
vn -0.64203 -0.5871 0.49307
vn -0.57242 -0.5871 0.57242
vn -0.5141 -0.68659 0.5141
vn -0.57661 -0.6866 0.44284
vn -0.49307 -0.5871 0.64203
vn -0.40474 -0.58712 0.70105
vn -0.36351 -0.68662 0.62961
vn -0.44284 -0.6866 0.57661
vn -0.38427 -0.77585 0.50039
vn -0.44614 -0.77584 0.44614
vn -0.31545 -0.77586 0.54639
vn -0.26079 -0.85321 0.45169
vn -0.3177 -0.85319 0.41368
vn -0.36882 -0.85319 0.36882
vn -0.50039 -0.77585 0.38427
vn -0.41368 -0.85319 0.3177
vn -0.31825 -0.91596 0.2444
vn -0.28374 -0.91596 0.28374
vn -0.193 -0.96203 0.193
vn -0.21647 -0.96203 0.16624
vn -0.2444 -0.91596 0.31825
vn -0.20063 -0.91597 0.34749
vn -0.13645 -0.96203 0.23637
vn -0.16624 -0.96203 0.21647
vn -0.08515 -0.99018 0.11087
vn -0.09885 -0.99018 0.09885
vn -0.06989 -0.99018 0.12107
vn -0.00238 -0.99999 0.00412
vn -0.0029 -0.99999 0.00378
vn -0.00336 -0.99999 0.00336
vn -0.11087 -0.99018 0.08515
vn -0.00378 -0.99999 0.0029
vn 0.09922 -0.99214 -0.07621
vn 0.08847 -0.99214 -0.08847
vn 0.17393 -0.96928 -0.17393
vn 0.19508 -0.96928 -0.14982
vn 0.07621 -0.99214 -0.09922
vn 0.06253 -0.99214 -0.10834
vn 0.12296 -0.96928 -0.21302
vn 0.14982 -0.96928 -0.19508
vn 0.21992 -0.93254 -0.28636
vn 0.25529 -0.93255 -0.25529
vn 0.18052 -0.93255 -0.31267
vn 0.23676 -0.88077 -0.41011
vn 0.28844 -0.88076 -0.37557
vn 0.33486 -0.88076 -0.33486
vn 0.28636 -0.93254 -0.21992
vn 0.37557 -0.88076 -0.28844
vn 0.85326 -0.17106 -0.49264
vn 0.78142 -0.17103 -0.60011
vn 0.79074 -0.07721 -0.60726
vn 0.86345 -0.07721 -0.4985
vn 0.69669 -0.17103 -0.69669
vn 0.705 -0.07721 -0.705
vn 0.70708 -0.00852 -0.70708
vn 0.79307 -0.00851 -0.60907
vn 0.86601 -0.00851 -0.49996
vn 0.60011 -0.17103 -0.78142
vn 0.60726 -0.07721 -0.79074
vn 0.49264 -0.17106 -0.85325
vn 0.4985 -0.07721 -0.86345
vn 0.49996 -0.00851 -0.86601
vn 0.60907 -0.00851 -0.79307
vn 0.60892 0.02335 -0.79289
vn 0.70691 0.02335 -0.70691
vn 0.49987 0.02335 -0.86579
vn 0.49985 0.02417 -0.86578
vn 0.60891 0.02417 -0.79287
vn 0.70688 0.02417 -0.70692
vn 0.79289 0.02335 -0.60892
vn 0.86579 0.02335 -0.49987
vn 0.79287 0.02417 -0.60891
vn 0.86578 0.02417 -0.49985
vn 0.18104 -0.88076 -0.43759
vn 0.22258 -0.81306 -0.53796
vn 0.29109 -0.81306 -0.50418
vn 0.12256 -0.88075 -0.45745
vn 0.15067 -0.81304 -0.56238
vn 0.17607 -0.73292 -0.65714
vn 0.26009 -0.73292 -0.62864
vn 0.34014 -0.73295 -0.58914
vn 0.06199 -0.88076 -0.46948
vn 0.07621 -0.81306 -0.57718
vn 0 -0.88078 -0.47353
vn 0 -0.81306 -0.58218
vn 0 -0.73294 -0.68029
vn 0.08905 -0.73291 -0.67447
vn 0.10013 -0.64411 -0.75835
vn 0.19798 -0.64411 -0.73887
vn 0 -0.64414 -0.76491
vn 0 -0.55218 -0.83372
vn 0.10914 -0.55218 -0.82655
vn 0.21577 -0.55215 -0.80534
vn 0.29244 -0.64411 -0.70683
vn 0.38243 -0.64413 -0.66245
vn 0.31874 -0.55218 -0.77039
vn 0.41686 -0.55218 -0.72202
vn -0.10914 0.55218 -0.82655
vn -0.10013 0.64411 -0.75835
vn -0.21577 0.55215 -0.80534
vn -0.19798 0.64411 -0.73887
vn -0.17607 0.73292 -0.65714
vn -0.08905 0.73291 -0.67447
vn -0.31874 0.55218 -0.77039
vn -0.29244 0.64411 -0.70683
vn -0.41686 0.55218 -0.72202
vn -0.38243 0.64413 -0.66245
vn -0.34014 0.73295 -0.58914
vn -0.26009 0.73292 -0.62864
vn -0.22258 0.81306 -0.53796
vn -0.15067 0.81304 -0.56238
vn -0.29109 0.81306 -0.50418
vn -0.23676 0.88077 -0.41011
vn -0.18104 0.88076 -0.43759
vn -0.12256 0.88075 -0.45745
vn -0.07621 0.81306 -0.57718
vn -0.06199 0.88076 -0.46948
vn 0.38219 -0.02417 -0.92377
vn 0.38219 -0.02335 -0.92379
vn 0.25874 -0.02417 -0.96565
vn 0.25874 -0.02335 -0.96566
vn 0.2588 0.00851 -0.96589
vn 0.38229 0.00851 -0.924
vn 0.13087 -0.02417 -0.99111
vn 0.13089 -0.02335 -0.99112
vn 0 -0.02417 -0.99971
vn 0 -0.02335 -0.99973
vn 0 0.00851 -0.99996
vn 0.13093 0.00851 -0.99136
vn 0.13053 0.07721 -0.98843
vn 0.25804 0.07721 -0.96304
vn 0 0.07721 -0.99701
vn 0 0.17106 -0.98526
vn 0.12897 0.17106 -0.97678
vn 0.25498 0.17103 -0.9517
vn 0.38115 0.07721 -0.92128
vn 0.37667 0.17103 -0.91042
vn 0.13804 0.93254 -0.33363
vn 0.09345 0.93255 -0.34874
vn 0.06366 0.96928 -0.23759
vn 0.09403 0.96927 -0.2273
vn 0.04727 0.93254 -0.35796
vn 0 0.93255 -0.36104
vn 0 0.96928 -0.24595
vn 0.0322 0.96928 -0.24385
vn 0.01636 0.99214 -0.12403
vn 0.03238 0.99214 -0.12086
vn 0 0.99214 -0.1251
vn 0 0.99999 0.00476
vn -0.00061 0.99999 0.00473
vn -0.00122 0.99999 0.00461
vn 0.04782 0.99214 -0.11561
vn -0.0018 0.99999 0.00439
vn -0.05344 0.99018 0.12919
vn -0.03616 0.99018 0.13505
vn -0.07062 0.96203 0.26366
vn -0.10435 0.96203 0.25221
vn -0.01828 0.99018 0.13859
vn 0 0.99018 0.13981
vn 0 0.96203 0.27293
vn -0.03574 0.96203 0.27059
vn -0.05252 0.91596 0.39781
vn -0.10386 0.91595 0.38763
vn 0 0.91596 0.40126
vn 0 0.8532 0.52158
vn -0.06827 0.85319 0.51711
vn -0.13499 0.85319 0.50384
vn -0.15339 0.91597 0.37078
vn -0.19941 0.8532 0.48196
vn -0.24119 0.77586 0.58298
vn -0.16328 0.77583 0.60944
vn -0.18815 0.68659 0.70228
vn -0.27794 0.68659 0.67182
vn -0.08258 0.77585 0.62549
vn 0 0.77587 0.6309
vn 0 0.68661 0.72702
vn -0.09519 0.6866 0.72078
vn -0.10596 0.58711 0.80254
vn -0.20951 0.5871 0.78193
vn 0 0.58713 0.80949
vn 0 0.47872 0.87797
vn -0.11494 0.4787 0.87042
vn -0.22722 0.4787 0.84807
vn -0.30947 0.5871 0.74803
vn -0.33565 0.47869 0.81129
vn -0.3561 0.36391 0.86067
vn -0.24107 0.36391 0.8997
vn -0.2509 0.24531 0.93641
vn -0.37063 0.24531 0.8958
vn -0.12195 0.36391 0.92342
vn 0 0.36394 0.93142
vn 0 0.24531 0.96944
vn -0.12693 0.24531 0.9611
vn -0.12992 0.12375 0.98377
vn -0.25682 0.12375 0.9585
vn 0 0.12375 0.99231
vn 0 0 1
vn -0.13093 0 0.99139
vn -0.2588 0 0.96593
vn -0.37935 0.12375 0.91694
vn -0.38231 0 0.92403
vn -0.37935 -0.12375 0.91694
vn -0.25682 -0.12375 0.9585
vn -0.2509 -0.24531 0.93641
vn -0.37063 -0.24531 0.8958
vn -0.12992 -0.12375 0.98377
vn 0 -0.12375 0.99231
vn 0 -0.24531 0.96944
vn -0.12693 -0.24531 0.9611
vn -0.12195 -0.36391 0.92342
vn -0.24107 -0.36391 0.8997
vn 0 -0.36394 0.93142
vn 0 -0.47872 0.87797
vn -0.11494 -0.4787 0.87042
vn -0.22722 -0.4787 0.84807
vn -0.3561 -0.36391 0.86067
vn -0.33565 -0.47869 0.81129
vn -0.30947 -0.5871 0.74803
vn -0.20951 -0.5871 0.78193
vn -0.18815 -0.68659 0.70228
vn -0.27794 -0.68659 0.67182
vn -0.10596 -0.58711 0.80254
vn 0 -0.58713 0.80949
vn 0 -0.68661 0.72702
vn -0.09519 -0.6866 0.72078
vn -0.08258 -0.77585 0.62549
vn -0.16328 -0.77583 0.60944
vn 0 -0.77587 0.6309
vn 0 -0.8532 0.52158
vn -0.06827 -0.85319 0.51711
vn -0.13499 -0.85319 0.50384
vn -0.24119 -0.77586 0.58298
vn -0.19941 -0.8532 0.48196
vn -0.15339 -0.91597 0.37078
vn -0.10386 -0.91595 0.38763
vn -0.07062 -0.96203 0.26366
vn -0.10435 -0.96203 0.25221
vn -0.05252 -0.91596 0.39781
vn 0 -0.91596 0.40126
vn 0 -0.96203 0.27293
vn -0.03574 -0.96203 0.27059
vn -0.01828 -0.99018 0.13859
vn -0.03616 -0.99018 0.13505
vn 0 -0.99018 0.13981
vn 0 -0.99999 0.00476
vn -0.00061 -0.99999 0.00473
vn -0.00122 -0.99999 0.00461
vn -0.05344 -0.99018 0.12919
vn -0.0018 -0.99999 0.00439
vn 0.04782 -0.99214 -0.11561
vn 0.03238 -0.99214 -0.12086
vn 0.06366 -0.96928 -0.23759
vn 0.09403 -0.96927 -0.2273
vn 0.01636 -0.99214 -0.12403
vn 0 -0.99214 -0.1251
vn 0 -0.96928 -0.24595
vn 0.0322 -0.96928 -0.24385
vn 0.04727 -0.93254 -0.35796
vn 0.09345 -0.93255 -0.34874
vn 0 -0.93255 -0.36104
vn 0.13804 -0.93254 -0.33363
vn 0.37667 -0.17103 -0.91042
vn 0.38115 -0.07721 -0.92128
vn 0.25498 -0.17103 -0.9517
vn 0.25804 -0.07721 -0.96304
vn 0.2588 -0.00851 -0.96589
vn 0.38229 -0.00851 -0.924
vn 0.12897 -0.17103 -0.97679
vn 0.13053 -0.07721 -0.98843
vn 0 -0.17106 -0.98526
vn 0 -0.07721 -0.99701
vn 0 -0.00851 -0.99996
vn 0.13093 -0.00851 -0.99136
vn 0.13089 0.02335 -0.99112
vn 0.25874 0.02335 -0.96566
vn 0 0.02335 -0.99973
vn 0 0.02417 -0.99971
vn 0.13087 0.02417 -0.99111
vn 0.25874 0.02414 -0.96565
vn 0.38219 0.02335 -0.92379
vn 0.38219 0.02417 -0.92377
vn -0.06199 -0.88076 -0.46948
vn -0.07621 -0.81306 -0.57718
vn -0.12256 -0.88075 -0.45745
vn -0.15067 -0.81304 -0.56238
vn -0.17607 -0.73292 -0.65714
vn -0.08906 -0.73293 -0.67445
vn -0.18104 -0.88076 -0.43759
vn -0.22258 -0.81306 -0.53796
vn -0.23676 -0.88077 -0.41011
vn -0.29109 -0.81306 -0.50418
vn -0.34014 -0.73295 -0.58914
vn -0.26009 -0.73292 -0.62864
vn -0.29244 -0.64411 -0.70683
vn -0.19798 -0.64411 -0.73887
vn -0.38243 -0.64413 -0.66245
vn -0.41686 -0.55218 -0.72202
vn -0.31874 -0.55218 -0.77039
vn -0.21577 -0.55215 -0.80534
vn -0.10013 -0.64411 -0.75835
vn -0.10914 -0.55218 -0.82655
vn -0.50781 0.55218 -0.66123
vn -0.46591 0.64411 -0.60667
vn -0.58954 0.55216 -0.58954
vn -0.54089 0.64411 -0.54089
vn -0.48105 0.73293 -0.48105
vn -0.41436 0.73293 -0.53956
vn -0.66123 0.55218 -0.50781
vn -0.60667 0.64411 -0.46591
vn -0.72202 0.55218 -0.41686
vn -0.66245 0.64413 -0.38243
vn -0.58914 0.73295 -0.34014
vn -0.53956 0.73293 -0.41436
vn -0.46175 0.81305 -0.3546
vn -0.41168 0.81304 -0.41168
vn -0.50418 0.81306 -0.29109
vn -0.41011 0.88077 -0.23676
vn -0.37557 0.88076 -0.28844
vn -0.33486 0.88076 -0.33486
vn -0.3546 0.81305 -0.46175
vn -0.28844 0.88076 -0.37557
vn -0.13087 -0.02417 -0.99111
vn -0.13089 -0.02335 -0.99112
vn -0.25874 -0.02417 -0.96565
vn -0.25874 -0.02335 -0.96566
vn -0.2588 0.00851 -0.96589
vn -0.13093 0.00851 -0.99136
vn -0.38219 -0.02417 -0.92377
vn -0.38219 -0.02335 -0.92379
vn -0.49985 -0.02417 -0.86578
vn -0.49987 -0.02335 -0.86579
vn -0.49996 0.00851 -0.86601
vn -0.38229 0.00851 -0.924
vn -0.38115 0.07721 -0.92128
vn -0.25804 0.07721 -0.96304
vn -0.4985 0.07721 -0.86345
vn -0.49264 0.17106 -0.85325
vn -0.37667 0.17103 -0.91042
vn -0.25498 0.17103 -0.9517
vn -0.13053 0.07721 -0.98843
vn -0.12897 0.17103 -0.97679
vn -0.04727 0.93254 -0.35796
vn -0.09345 0.93255 -0.34874
vn -0.06366 0.96928 -0.23759
vn -0.0322 0.96928 -0.24385
vn -0.13804 0.93254 -0.33363
vn -0.18052 0.93255 -0.31267
vn -0.12296 0.96928 -0.21302
vn -0.09403 0.96927 -0.2273
vn -0.04782 0.99214 -0.11561
vn -0.03238 0.99214 -0.12086
vn -0.06253 0.99214 -0.10834
vn 0.00238 0.99999 0.00412
vn 0.0018 0.99999 0.00439
vn 0.00122 0.99999 0.00461
vn -0.01636 0.99214 -0.12403
vn 0.00061 0.99999 0.00473
vn 0.01828 0.99018 0.13859
vn 0.03616 0.99018 0.13505
vn 0.07062 0.96203 0.26366
vn 0.03574 0.96203 0.27059
vn 0.05344 0.99018 0.12919
vn 0.06989 0.99018 0.12107
vn 0.13645 0.96203 0.23637
vn 0.10435 0.96203 0.25221
vn 0.15339 0.91597 0.37078
vn 0.10386 0.91595 0.38763
vn 0.20063 0.91597 0.34749
vn 0.26079 0.85321 0.45169
vn 0.19941 0.8532 0.48196
vn 0.13499 0.85319 0.50384
vn 0.05252 0.91596 0.39781
vn 0.06827 0.85319 0.51711
vn 0.08258 0.77585 0.62549
vn 0.16328 0.77583 0.60944
vn 0.18815 0.68659 0.70228
vn 0.09519 0.6866 0.72078
vn 0.24119 0.77586 0.58298
vn 0.31545 0.77586 0.54639
vn 0.36351 0.68662 0.62961
vn 0.27794 0.68659 0.67182
vn 0.30947 0.5871 0.74803
vn 0.20951 0.5871 0.78193
vn 0.40474 0.58712 0.70105
vn 0.43898 0.47872 0.76034
vn 0.33565 0.47869 0.81129
vn 0.22722 0.4787 0.84807
vn 0.10596 0.58711 0.80254
vn 0.11494 0.4787 0.87042
vn 0.12195 0.36391 0.92342
vn 0.24107 0.36391 0.8997
vn 0.2509 0.24531 0.93641
vn 0.12693 0.24531 0.9611
vn 0.3561 0.36391 0.86067
vn 0.4657 0.36395 0.80664
vn 0.48471 0.24532 0.83957
vn 0.37063 0.24531 0.8958
vn 0.37935 0.12375 0.91694
vn 0.25682 0.12375 0.9585
vn 0.49616 0.12376 0.85937
vn 0.49999 0 0.86603
vn 0.38231 0 0.92403
vn 0.2588 0 0.96593
vn 0.12992 0.12375 0.98377
vn 0.13093 0 0.99139
vn 0.12992 -0.12375 0.98377
vn 0.25682 -0.12375 0.9585
vn 0.2509 -0.24531 0.93641
vn 0.12693 -0.24531 0.9611
vn 0.37935 -0.12375 0.91694
vn 0.49616 -0.12376 0.85937
vn 0.48471 -0.24532 0.83957
vn 0.37063 -0.24531 0.8958
vn 0.3561 -0.36391 0.86067
vn 0.24107 -0.36391 0.8997
vn 0.4657 -0.36395 0.80664
vn 0.43898 -0.47872 0.76034
vn 0.33565 -0.47869 0.81129
vn 0.22722 -0.4787 0.84807
vn 0.12195 -0.36391 0.92342
vn 0.11494 -0.4787 0.87042
vn 0.10596 -0.58711 0.80254
vn 0.20951 -0.5871 0.78193
vn 0.18815 -0.68659 0.70228
vn 0.09519 -0.6866 0.72078
vn 0.30947 -0.5871 0.74803
vn 0.40474 -0.58712 0.70105
vn 0.36351 -0.68662 0.62961
vn 0.27794 -0.68659 0.67182
vn 0.24119 -0.77586 0.58298
vn 0.16328 -0.77583 0.60944
vn 0.31545 -0.77586 0.54639
vn 0.26079 -0.85321 0.45169
vn 0.19941 -0.8532 0.48196
vn 0.13499 -0.85319 0.50384
vn 0.08258 -0.77585 0.62549
vn 0.06827 -0.85319 0.51711
vn 0.05252 -0.91596 0.39781
vn 0.10386 -0.91595 0.38763
vn 0.07062 -0.96203 0.26366
vn 0.03574 -0.96203 0.27059
vn 0.15339 -0.91597 0.37078
vn 0.20063 -0.91597 0.34749
vn 0.13645 -0.96203 0.23637
vn 0.10435 -0.96203 0.25221
vn 0.05344 -0.99018 0.12919
vn 0.03616 -0.99018 0.13505
vn 0.06989 -0.99018 0.12107
vn 0.00238 -0.99999 0.00412
vn 0.0018 -0.99999 0.00439
vn 0.00122 -0.99999 0.00461
vn 0.01828 -0.99018 0.13859
vn 0.00061 -0.99999 0.00473
vn -0.01636 -0.99214 -0.12403
vn -0.03238 -0.99214 -0.12086
vn -0.06366 -0.96928 -0.23759
vn -0.0322 -0.96928 -0.24385
vn -0.04782 -0.99214 -0.11561
vn -0.06253 -0.99214 -0.10834
vn -0.12296 -0.96928 -0.21302
vn -0.09403 -0.96927 -0.2273
vn -0.13804 -0.93254 -0.33363
vn -0.09345 -0.93255 -0.34874
vn -0.18052 -0.93255 -0.31267
vn -0.04727 -0.93254 -0.35796
vn -0.12897 -0.17106 -0.97678
vn -0.13053 -0.07721 -0.98843
vn -0.25498 -0.17103 -0.9517
vn -0.25804 -0.07721 -0.96304
vn -0.2588 -0.00851 -0.96589
vn -0.13093 -0.00851 -0.99136
vn -0.37667 -0.17103 -0.91042
vn -0.38115 -0.07721 -0.92128
vn -0.49264 -0.17106 -0.85325
vn -0.4985 -0.07721 -0.86345
vn -0.49996 -0.00851 -0.86601
vn -0.38229 -0.00851 -0.924
vn -0.38219 0.02335 -0.92379
vn -0.25874 0.02335 -0.96566
vn -0.49987 0.02335 -0.86579
vn -0.49985 0.02417 -0.86578
vn -0.38219 0.02417 -0.92377
vn -0.25874 0.02417 -0.96565
vn -0.13089 0.02335 -0.99112
vn -0.13087 0.02414 -0.99111
vn -0.28844 -0.88076 -0.37557
vn -0.3546 -0.81305 -0.46175
vn -0.33486 -0.88076 -0.33486
vn -0.41168 -0.81304 -0.41168
vn -0.48105 -0.73293 -0.48105
vn -0.41436 -0.73293 -0.53956
vn -0.37557 -0.88076 -0.28844
vn -0.46175 -0.81305 -0.3546
vn -0.41011 -0.88077 -0.23676
vn -0.50418 -0.81306 -0.29109
vn -0.58914 -0.73295 -0.34014
vn -0.53956 -0.73293 -0.41436
vn -0.60667 -0.64411 -0.46591
vn -0.54089 -0.64411 -0.54089
vn -0.66245 -0.64413 -0.38243
vn -0.72202 -0.55218 -0.41686
vn -0.66123 -0.55218 -0.50781
vn -0.58954 -0.55216 -0.58954
vn -0.46591 -0.64411 -0.60667
vn -0.50781 -0.55218 -0.66123
vn -0.77039 0.55218 -0.31874
vn -0.70683 0.64411 -0.29244
vn -0.80534 0.55215 -0.21577
vn -0.73887 0.64411 -0.19798
vn -0.65714 0.73292 -0.17607
vn -0.62864 0.73292 -0.26009
vn -0.82655 0.55218 -0.10914
vn -0.75835 0.64411 -0.10013
vn -0.83372 0.55218 -0
vn -0.76491 0.64414 -0
vn -0.68029 0.73294 -0
vn -0.67447 0.73291 -0.08905
vn -0.57718 0.81306 -0.07621
vn -0.56238 0.81304 -0.15067
vn -0.58218 0.81306 -0
vn -0.47353 0.88078 -0
vn -0.46948 0.88076 -0.06199
vn -0.45745 0.88075 -0.12256
vn -0.53796 0.81306 -0.22258
vn -0.43759 0.88076 -0.18104
vn -0.60891 -0.02417 -0.79287
vn -0.60892 -0.02335 -0.79289
vn -0.70688 -0.02417 -0.70692
vn -0.70691 -0.02335 -0.70691
vn -0.70708 0.00852 -0.70708
vn -0.60907 0.00851 -0.79307
vn -0.79287 -0.02417 -0.60891
vn -0.79289 -0.02335 -0.60892
vn -0.86578 -0.02417 -0.49985
vn -0.86579 -0.02335 -0.49987
vn -0.86601 0.00851 -0.49996
vn -0.79307 0.00851 -0.60907
vn -0.79074 0.07721 -0.60726
vn -0.705 0.07721 -0.705
vn -0.86345 0.07721 -0.4985
vn -0.85326 0.17106 -0.49264
vn -0.78142 0.17103 -0.60011
vn -0.69669 0.17103 -0.69669
vn -0.60726 0.07721 -0.79074
vn -0.60011 0.17103 -0.78142
vn -0.21992 0.93254 -0.28636
vn -0.25529 0.93255 -0.25529
vn -0.17393 0.96928 -0.17393
vn -0.14982 0.96928 -0.19508
vn -0.28636 0.93254 -0.21992
vn -0.31267 0.93255 -0.18052
vn -0.21302 0.96928 -0.12296
vn -0.19508 0.96928 -0.14982
vn -0.09922 0.99214 -0.07621
vn -0.08847 0.99214 -0.08847
vn -0.10834 0.99214 -0.06253
vn 0.00412 0.99999 0.00238
vn 0.00378 0.99999 0.0029
vn 0.00336 0.99999 0.00336
vn -0.07621 0.99214 -0.09922
vn 0.0029 0.99999 0.00378
vn 0.08515 0.99018 0.11087
vn 0.09885 0.99018 0.09885
vn 0.193 0.96203 0.193
vn 0.16624 0.96203 0.21647
vn 0.11087 0.99018 0.08515
vn 0.12107 0.99018 0.06989
vn 0.23637 0.96203 0.13645
vn 0.21647 0.96203 0.16624
vn 0.31825 0.91596 0.2444
vn 0.28374 0.91596 0.28374
vn 0.34749 0.91597 0.20063
vn 0.45169 0.85321 0.26079
vn 0.41368 0.85319 0.3177
vn 0.36882 0.85319 0.36882
vn 0.2444 0.91596 0.31825
vn 0.3177 0.85319 0.41368
vn 0.38427 0.77585 0.50039
vn 0.44614 0.77584 0.44614
vn 0.5141 0.68659 0.5141
vn 0.44284 0.6866 0.57661
vn 0.50039 0.77585 0.38427
vn 0.54639 0.77586 0.31545
vn 0.62961 0.68662 0.36351
vn 0.57661 0.6866 0.44284
vn 0.64203 0.5871 0.49307
vn 0.57242 0.5871 0.57242
vn 0.70105 0.58712 0.40474
vn 0.76034 0.47872 0.43898
vn 0.69633 0.4787 0.53476
vn 0.62083 0.4787 0.62083
vn 0.49307 0.5871 0.64203
vn 0.53476 0.4787 0.69633
vn 0.56732 0.36391 0.73872
vn 0.65862 0.36392 0.65862
vn 0.6855 0.24532 0.6855
vn 0.59048 0.24531 0.76887
vn 0.73872 0.36391 0.56732
vn 0.80664 0.36395 0.4657
vn 0.83957 0.24532 0.48471
vn 0.76887 0.24531 0.59048
vn 0.787 0.12376 0.60441
vn 0.70167 0.12376 0.70167
vn 0.85937 0.12376 0.49616
vn 0.86603 0 0.49999
vn 0.79311 0 0.60908
vn 0.70711 0 0.70711
vn 0.60441 0.12376 0.787
vn 0.60908 0 0.79311
vn 0.60441 -0.12376 0.787
vn 0.70167 -0.12376 0.70167
vn 0.6855 -0.24532 0.6855
vn 0.59048 -0.24531 0.76887
vn 0.787 -0.12376 0.60441
vn 0.85937 -0.12376 0.49616
vn 0.83957 -0.24532 0.48471
vn 0.76887 -0.24531 0.59048
vn 0.73872 -0.36391 0.56732
vn 0.65861 -0.36391 0.65864
vn 0.80664 -0.36395 0.4657
vn 0.76034 -0.47872 0.43898
vn 0.69633 -0.4787 0.53476
vn 0.62083 -0.4787 0.62083
vn 0.56732 -0.36391 0.73872
vn 0.53476 -0.4787 0.69633
vn 0.49307 -0.5871 0.64203
vn 0.57242 -0.5871 0.57242
vn 0.5141 -0.68659 0.5141
vn 0.44284 -0.6866 0.57661
vn 0.64203 -0.5871 0.49307
vn 0.70105 -0.58712 0.40474
vn 0.62961 -0.68662 0.36351
vn 0.57661 -0.6866 0.44284
vn 0.50039 -0.77585 0.38427
vn 0.44614 -0.77584 0.44614
vn 0.54639 -0.77586 0.31545
vn 0.45169 -0.85321 0.26079
vn 0.41368 -0.85319 0.3177
vn 0.36882 -0.85319 0.36882
vn 0.38427 -0.77585 0.50039
vn 0.3177 -0.85319 0.41368
vn 0.2444 -0.91596 0.31825
vn 0.28374 -0.91596 0.28374
vn 0.193 -0.96203 0.193
vn 0.16624 -0.96203 0.21647
vn 0.31825 -0.91596 0.2444
vn 0.34749 -0.91597 0.20063
vn 0.23637 -0.96203 0.13645
vn 0.21647 -0.96203 0.16624
vn 0.11087 -0.99018 0.08515
vn 0.09885 -0.99018 0.09885
vn 0.12107 -0.99018 0.06989
vn 0.00412 -0.99999 0.00238
vn 0.00378 -0.99999 0.0029
vn 0.00336 -0.99999 0.00336
vn 0.08515 -0.99018 0.11087
vn 0.0029 -0.99999 0.00378
vn -0.07621 -0.99214 -0.09922
vn -0.08847 -0.99214 -0.08847
vn -0.17393 -0.96928 -0.17393
vn -0.14982 -0.96928 -0.19508
vn -0.09922 -0.99214 -0.07621
vn -0.10834 -0.99214 -0.06253
vn -0.21302 -0.96928 -0.12296
vn -0.19508 -0.96928 -0.14982
vn -0.28636 -0.93254 -0.21992
vn -0.25529 -0.93255 -0.25529
vn -0.31267 -0.93255 -0.18052
vn -0.21992 -0.93254 -0.28636
vn -0.60011 -0.17103 -0.78142
vn -0.60726 -0.07721 -0.79074
vn -0.69669 -0.17103 -0.69669
vn -0.705 -0.07721 -0.705
vn -0.70708 -0.00852 -0.70708
vn -0.60907 -0.00851 -0.79307
vn -0.78142 -0.17103 -0.60011
vn -0.79074 -0.07721 -0.60726
vn -0.85326 -0.17106 -0.49264
vn -0.86345 -0.07721 -0.4985
vn -0.86601 -0.00851 -0.49996
vn -0.79307 -0.00851 -0.60907
vn -0.79289 0.02335 -0.60892
vn -0.70691 0.02335 -0.70691
vn -0.86579 0.02335 -0.49987
vn -0.86578 0.02417 -0.49985
vn -0.79287 0.02417 -0.60891
vn -0.70688 0.02417 -0.70692
vn -0.60892 0.02335 -0.79289
vn -0.60891 0.02417 -0.79287
vn -0.43759 -0.88076 -0.18104
vn -0.53796 -0.81306 -0.22258
vn -0.45745 -0.88075 -0.12256
vn -0.56238 -0.81304 -0.15067
vn -0.65714 -0.73292 -0.17607
vn -0.62864 -0.73292 -0.26009
vn -0.46948 -0.88076 -0.06199
vn -0.57718 -0.81306 -0.07621
vn -0.47353 -0.88078 -0
vn -0.58218 -0.81306 -0
vn -0.68029 -0.73294 -0
vn -0.67447 -0.73291 -0.08905
vn -0.75835 -0.64411 -0.10013
vn -0.73887 -0.64411 -0.19798
vn -0.76491 -0.64414 -0
vn -0.83372 -0.55218 -0
vn -0.82655 -0.55218 -0.10914
vn -0.80534 -0.55215 -0.21577
vn -0.70683 -0.64411 -0.29244
vn -0.77039 -0.55218 -0.31874
vn -0.82655 0.55218 0.10914
vn -0.75835 0.64411 0.10013
vn -0.80534 0.55215 0.21577
vn -0.73887 0.64411 0.19798
vn -0.65714 0.73292 0.17607
vn -0.67447 0.73291 0.08905
vn -0.77039 0.55218 0.31874
vn -0.70683 0.64411 0.29244
vn -0.72202 0.55218 0.41686
vn -0.66245 0.64413 0.38243
vn -0.58914 0.73295 0.34014
vn -0.62864 0.73292 0.26009
vn -0.53796 0.81306 0.22258
vn -0.56238 0.81304 0.15067
vn -0.50418 0.81306 0.29109
vn -0.41011 0.88077 0.23676
vn -0.43759 0.88076 0.18104
vn -0.45743 0.88076 0.12257
vn -0.57718 0.81306 0.07621
vn -0.46948 0.88076 0.06199
vn -0.92377 -0.02417 -0.38219
vn -0.92379 -0.02335 -0.38219
vn -0.96565 -0.02417 -0.25874
vn -0.96566 -0.02335 -0.25874
vn -0.96589 0.00851 -0.2588
vn -0.924 0.00851 -0.38229
vn -0.99111 -0.02417 -0.13087
vn -0.99112 -0.02335 -0.13089
vn -0.99971 -0.02417 -0
vn -0.99973 -0.02335 -0
vn -0.99996 0.00851 -0
vn -0.99136 0.00851 -0.13093
vn -0.98843 0.07721 -0.13053
vn -0.96305 0.07721 -0.25803
vn -0.99701 0.07721 -0
vn -0.98526 0.17106 -0
vn -0.97679 0.17103 -0.12897
vn -0.9517 0.17103 -0.25498
vn -0.92128 0.07721 -0.38115
vn -0.91042 0.17103 -0.37667
vn -0.33363 0.93254 -0.13804
vn -0.34874 0.93255 -0.09345
vn -0.23759 0.96928 -0.06366
vn -0.2273 0.96927 -0.09403
vn -0.35796 0.93254 -0.04727
vn -0.36104 0.93255 -0
vn -0.24598 0.96927 -0
vn -0.24385 0.96928 -0.0322
vn -0.12403 0.99214 -0.01636
vn -0.12086 0.99214 -0.03238
vn -0.1251 0.99214 -0
vn 0.00476 0.99999 -0
vn 0.00473 0.99999 0.00061
vn 0.00461 0.99999 0.00122
vn -0.11561 0.99214 -0.04782
vn 0.00439 0.99999 0.0018
vn 0.12919 0.99018 0.05344
vn 0.13505 0.99018 0.03616
vn 0.26366 0.96203 0.07062
vn 0.25221 0.96203 0.10435
vn 0.13859 0.99018 0.01828
vn 0.13981 0.99018 -0
vn 0.27293 0.96203 -0
vn 0.27059 0.96203 0.03574
vn 0.39781 0.91596 0.05252
vn 0.38763 0.91595 0.10386
vn 0.40126 0.91596 -0
vn 0.52158 0.8532 -0
vn 0.51711 0.85319 0.06827
vn 0.50384 0.85319 0.13499
vn 0.37078 0.91597 0.15339
vn 0.48196 0.8532 0.19941
vn 0.58298 0.77586 0.24119
vn 0.60944 0.77583 0.16328
vn 0.70228 0.68659 0.18815
vn 0.67182 0.68659 0.27794
vn 0.62549 0.77585 0.08258
vn 0.6309 0.77587 -0
vn 0.72702 0.68661 -0
vn 0.72078 0.6866 0.09519
vn 0.80254 0.5871 0.10599
vn 0.78193 0.5871 0.20951
vn 0.80949 0.58713 -0
vn 0.87797 0.47872 -0
vn 0.87042 0.4787 0.11494
vn 0.84807 0.4787 0.22722
vn 0.74803 0.5871 0.30947
vn 0.81129 0.47869 0.33565
vn 0.86067 0.36391 0.3561
vn 0.8997 0.36391 0.24107
vn 0.93641 0.24531 0.2509
vn 0.8958 0.24531 0.37063
vn 0.92342 0.36391 0.12195
vn 0.93142 0.36394 -0
vn 0.96944 0.24531 -0
vn 0.9611 0.24531 0.12693
vn 0.98377 0.12375 0.12992
vn 0.9585 0.12375 0.25682
vn 0.99231 0.12375 -0
vn 1 0 -0
vn 0.99139 0 0.13093
vn 0.96593 0 0.2588
vn 0.91694 0.12375 0.37935
vn 0.92403 0 0.38231
vn 0.91694 -0.12375 0.37935
vn 0.9585 -0.12375 0.25682
vn 0.93641 -0.24531 0.2509
vn 0.8958 -0.24531 0.37063
vn 0.98377 -0.12375 0.12992
vn 0.99231 -0.12375 -0
vn 0.96944 -0.24531 -0
vn 0.9611 -0.24531 0.12693
vn 0.92342 -0.36391 0.12195
vn 0.8997 -0.36391 0.24107
vn 0.93142 -0.36394 -0
vn 0.87797 -0.47872 -0
vn 0.87042 -0.4787 0.11494
vn 0.84807 -0.4787 0.22722
vn 0.86067 -0.36391 0.3561
vn 0.81129 -0.47869 0.33565
vn 0.74803 -0.5871 0.30947
vn 0.78193 -0.5871 0.20951
vn 0.70228 -0.68659 0.18815
vn 0.67182 -0.68659 0.27794
vn 0.80254 -0.58711 0.10596
vn 0.80949 -0.58713 -0
vn 0.72702 -0.68661 -0
vn 0.72078 -0.6866 0.09519
vn 0.62549 -0.77585 0.08258
vn 0.60944 -0.77583 0.16328
vn 0.6309 -0.77587 -0
vn 0.52158 -0.8532 -0
vn 0.51711 -0.85319 0.06827
vn 0.50384 -0.85319 0.13499
vn 0.58298 -0.77586 0.24119
vn 0.48196 -0.8532 0.19941
vn 0.37078 -0.91597 0.15339
vn 0.38763 -0.91595 0.10386
vn 0.26366 -0.96203 0.07062
vn 0.25221 -0.96203 0.10435
vn 0.39781 -0.91596 0.05252
vn 0.40126 -0.91596 -0
vn 0.27293 -0.96203 -0
vn 0.27059 -0.96203 0.03574
vn 0.13859 -0.99018 0.01828
vn 0.13505 -0.99018 0.03616
vn 0.13981 -0.99018 -0
vn 0.00476 -0.99999 -0
vn 0.00473 -0.99999 0.00061
vn 0.00461 -0.99999 0.00122
vn 0.12919 -0.99018 0.05344
vn 0.00439 -0.99999 0.0018
vn -0.11561 -0.99214 -0.04782
vn -0.12086 -0.99214 -0.03238
vn -0.23759 -0.96928 -0.06366
vn -0.2273 -0.96927 -0.09403
vn -0.12403 -0.99214 -0.01636
vn -0.1251 -0.99214 -0
vn -0.24598 -0.96927 -0
vn -0.24385 -0.96928 -0.0322
vn -0.35796 -0.93254 -0.04727
vn -0.34874 -0.93255 -0.09345
vn -0.36104 -0.93255 -0
vn -0.33363 -0.93254 -0.13804
vn -0.91042 -0.17103 -0.37667
vn -0.92128 -0.07721 -0.38115
vn -0.9517 -0.17103 -0.25498
vn -0.96304 -0.07721 -0.25804
vn -0.96589 -0.00851 -0.2588
vn -0.924 -0.00851 -0.38229
vn -0.97678 -0.17106 -0.12897
vn -0.98843 -0.07721 -0.13053
vn -0.98526 -0.17106 -0
vn -0.99701 -0.07721 -0
vn -0.99996 -0.00851 -0
vn -0.99136 -0.00851 -0.13093
vn -0.99112 0.02335 -0.13089
vn -0.96566 0.02335 -0.25874
vn -0.99973 0.02335 -0
vn -0.99971 0.02417 -0
vn -0.99111 0.02417 -0.13087
vn -0.96565 0.02417 -0.25874
vn -0.92379 0.02335 -0.38219
vn -0.92377 0.02417 -0.38219
vn -0.46948 -0.88076 0.06199
vn -0.57718 -0.81306 0.07621
vn -0.45745 -0.88075 0.12256
vn -0.56238 -0.81304 0.15067
vn -0.65714 -0.73292 0.17607
vn -0.67447 -0.73291 0.08905
vn -0.43759 -0.88076 0.18104
vn -0.53796 -0.81306 0.22258
vn -0.41011 -0.88077 0.23676
vn -0.50418 -0.81306 0.29109
vn -0.58914 -0.73295 0.34014
vn -0.62864 -0.73292 0.26009
vn -0.70683 -0.64411 0.29244
vn -0.73887 -0.64411 0.19798
vn -0.66245 -0.64413 0.38243
vn -0.72202 -0.55218 0.41686
vn -0.77039 -0.55218 0.31874
vn -0.80534 -0.55215 0.21577
vn -0.75835 -0.64411 0.10013
vn -0.82655 -0.55218 0.10914
vn -0.66123 0.55218 0.50781
vn -0.60667 0.64411 0.46591
vn -0.58954 0.55216 0.58954
vn -0.54089 0.64411 0.54089
vn -0.48105 0.73293 0.48105
vn -0.53956 0.73293 0.41436
vn -0.50781 0.55218 0.66123
vn -0.46591 0.64411 0.60667
vn -0.41686 0.55218 0.72202
vn -0.38244 0.64415 0.66243
vn -0.34014 0.73295 0.58914
vn -0.41436 0.73293 0.53956
vn -0.3546 0.81305 0.46175
vn -0.41168 0.81304 0.41168
vn -0.29109 0.81306 0.50418
vn -0.23676 0.88077 0.41011
vn -0.28844 0.88076 0.37557
vn -0.33486 0.88076 0.33486
vn -0.46175 0.81305 0.3546
vn -0.37557 0.88076 0.28844
vn -0.99111 -0.02414 0.13087
vn -0.99112 -0.02335 0.13089
vn -0.96565 -0.02417 0.25874
vn -0.96566 -0.02335 0.25874
vn -0.96589 0.00851 0.2588
vn -0.99136 0.00851 0.13093
vn -0.92377 -0.02417 0.38219
vn -0.92379 -0.02335 0.38219
vn -0.86578 -0.02417 0.49985
vn -0.86579 -0.02335 0.49987
vn -0.86601 0.00851 0.49996
vn -0.924 0.00851 0.38229
vn -0.92128 0.07721 0.38115
vn -0.96304 0.07721 0.25804
vn -0.86345 0.07721 0.4985
vn -0.85326 0.17106 0.49264
vn -0.91042 0.17103 0.37667
vn -0.9517 0.17103 0.25498
vn -0.98843 0.07721 0.13053
vn -0.97679 0.17103 0.12897
vn -0.35796 0.93254 0.04727
vn -0.34874 0.93255 0.09345
vn -0.23759 0.96928 0.06366
vn -0.24385 0.96928 0.0322
vn -0.33363 0.93254 0.13804
vn -0.31267 0.93255 0.18052
vn -0.21302 0.96928 0.12296
vn -0.2273 0.96927 0.09403
vn -0.11561 0.99214 0.04782
vn -0.12086 0.99214 0.03238
vn -0.10834 0.99214 0.06253
vn 0.00412 0.99999 -0.00238
vn 0.00439 0.99999 -0.0018
vn 0.00461 0.99999 -0.00122
vn -0.12403 0.99214 0.01636
vn 0.00473 0.99999 -0.00061
vn 0.13859 0.99018 -0.01828
vn 0.13505 0.99018 -0.03616
vn 0.26366 0.96203 -0.07062
vn 0.27059 0.96203 -0.03574
vn 0.12919 0.99018 -0.05344
vn 0.12107 0.99018 -0.06989
vn 0.23637 0.96203 -0.13645
vn 0.25221 0.96203 -0.10435
vn 0.37078 0.91597 -0.15339
vn 0.38763 0.91595 -0.10386
vn 0.34749 0.91597 -0.20063
vn 0.45169 0.85321 -0.26079
vn 0.48196 0.8532 -0.19941
vn 0.50384 0.85319 -0.13499
vn 0.39781 0.91596 -0.05252
vn 0.51711 0.85319 -0.06827
vn 0.62549 0.77585 -0.08258
vn 0.60944 0.77583 -0.16328
vn 0.70228 0.68659 -0.18815
vn 0.72078 0.6866 -0.09519
vn 0.58298 0.77586 -0.24119
vn 0.54639 0.77586 -0.31545
vn 0.62961 0.68662 -0.36351
vn 0.67182 0.68659 -0.27794
vn 0.74803 0.5871 -0.30947
vn 0.78193 0.5871 -0.20951
vn 0.70105 0.58712 -0.40474
vn 0.76034 0.47872 -0.43898
vn 0.81129 0.47869 -0.33565
vn 0.84807 0.4787 -0.22722
vn 0.80254 0.58711 -0.10596
vn 0.87042 0.4787 -0.11494
vn 0.92342 0.36391 -0.12195
vn 0.8997 0.36391 -0.24107
vn 0.93641 0.24531 -0.2509
vn 0.9611 0.24531 -0.12693
vn 0.86067 0.36391 -0.3561
vn 0.80664 0.36395 -0.4657
vn 0.83957 0.24532 -0.48471
vn 0.8958 0.24531 -0.37063
vn 0.91694 0.12375 -0.37935
vn 0.9585 0.12375 -0.25682
vn 0.85937 0.12376 -0.49616
vn 0.86603 0 -0.49999
vn 0.92403 0 -0.38231
vn 0.96593 0 -0.2588
vn 0.98377 0.12375 -0.12992
vn 0.99139 0 -0.13093
vn 0.98377 -0.12375 -0.12992
vn 0.9585 -0.12375 -0.25682
vn 0.93641 -0.24531 -0.2509
vn 0.9611 -0.24531 -0.12693
vn 0.91694 -0.12375 -0.37935
vn 0.85937 -0.12376 -0.49616
vn 0.83957 -0.24532 -0.48471
vn 0.8958 -0.24531 -0.37063
vn 0.86067 -0.36391 -0.3561
vn 0.8997 -0.36391 -0.24107
vn 0.80664 -0.36395 -0.4657
vn 0.76034 -0.47872 -0.43898
vn 0.81129 -0.47869 -0.33565
vn 0.84807 -0.4787 -0.22722
vn 0.92342 -0.36391 -0.12195
vn 0.87042 -0.4787 -0.11494
vn 0.80254 -0.58711 -0.10596
vn 0.78193 -0.5871 -0.20951
vn 0.70228 -0.68659 -0.18815
vn 0.72078 -0.6866 -0.09519
vn 0.74803 -0.5871 -0.30947
vn 0.70105 -0.58712 -0.40474
vn 0.62961 -0.68662 -0.36351
vn 0.67182 -0.68659 -0.27794
vn 0.58298 -0.77586 -0.24119
vn 0.60944 -0.77583 -0.16328
vn 0.54639 -0.77586 -0.31545
vn 0.45169 -0.85321 -0.26079
vn 0.48196 -0.8532 -0.19941
vn 0.50384 -0.85319 -0.13499
vn 0.62549 -0.77585 -0.08258
vn 0.51711 -0.85319 -0.06827
vn 0.39781 -0.91596 -0.05252
vn 0.38763 -0.91595 -0.10386
vn 0.26366 -0.96203 -0.07062
vn 0.27059 -0.96203 -0.03574
vn 0.37078 -0.91597 -0.15339
vn 0.34749 -0.91597 -0.20063
vn 0.23637 -0.96203 -0.13645
vn 0.25221 -0.96203 -0.10435
vn 0.12919 -0.99018 -0.05344
vn 0.13505 -0.99018 -0.03616
vn 0.12107 -0.99018 -0.06989
vn 0.00412 -0.99999 -0.00238
vn 0.00439 -0.99999 -0.0018
vn 0.00461 -0.99999 -0.00122
vn 0.13859 -0.99018 -0.01828
vn 0.00473 -0.99999 -0.00061
vn -0.12403 -0.99214 0.01636
vn -0.12086 -0.99214 0.03238
vn -0.23759 -0.96928 0.06366
vn -0.24385 -0.96928 0.0322
vn -0.11561 -0.99214 0.04782
vn -0.10834 -0.99214 0.06253
vn -0.21302 -0.96928 0.12296
vn -0.2273 -0.96927 0.09403
vn -0.33363 -0.93254 0.13804
vn -0.34874 -0.93255 0.09345
vn -0.31267 -0.93255 0.18052
vn -0.35796 -0.93254 0.04727
vn -0.97679 -0.17103 0.12897
vn -0.98843 -0.07721 0.13053
vn -0.9517 -0.17103 0.25498
vn -0.96304 -0.07721 0.25804
vn -0.96589 -0.00851 0.2588
vn -0.99136 -0.00851 0.13093
vn -0.91042 -0.17103 0.37667
vn -0.92128 -0.07721 0.38115
vn -0.85326 -0.17106 0.49264
vn -0.86345 -0.07721 0.4985
vn -0.86601 -0.00851 0.49996
vn -0.924 -0.00851 0.38229
vn -0.92379 0.02335 0.38219
vn -0.96566 0.02335 0.25874
vn -0.86579 0.02335 0.49987
vn -0.86578 0.02417 0.49985
vn -0.92377 0.02417 0.38219
vn -0.96565 0.02414 0.25874
vn -0.99112 0.02335 0.13089
vn -0.99111 0.02417 0.13087
vn -0.37557 -0.88076 0.28844
vn -0.46175 -0.81305 0.3546
vn -0.33486 -0.88076 0.33486
vn -0.41168 -0.81304 0.41168
vn -0.48105 -0.73293 0.48105
vn -0.53956 -0.73293 0.41436
vn -0.28844 -0.88076 0.37557
vn -0.3546 -0.81305 0.46175
vn -0.23676 -0.88077 0.41011
vn -0.29109 -0.81306 0.50418
vn -0.34014 -0.73295 0.58914
vn -0.41436 -0.73293 0.53956
vn -0.46591 -0.64411 0.60667
vn -0.54089 -0.64411 0.54089
vn -0.38243 -0.64413 0.66245
vn -0.41686 -0.55218 0.72202
vn -0.50781 -0.55218 0.66123
vn -0.58954 -0.55216 0.58954
vn -0.60667 -0.64411 0.46591
vn -0.66123 -0.55218 0.50781
vn -0.31874 0.55218 0.77039
vn -0.29244 0.64411 0.70683
vn -0.21577 0.55215 0.80534
vn -0.19798 0.64411 0.73887
vn -0.17607 0.73292 0.65714
vn -0.26009 0.73292 0.62864
vn -0.10914 0.55218 0.82655
vn -0.10013 0.64411 0.75835
vn 0 0.55218 0.83372
vn 0 0.64414 0.76491
vn 0 0.73294 0.68029
vn -0.08905 0.73291 0.67447
vn -0.07621 0.81306 0.57718
vn -0.15067 0.81304 0.56238
vn 0 0.81306 0.58218
vn 0 0.88078 0.47353
vn -0.06199 0.88076 0.46948
vn -0.12256 0.88075 0.45745
vn -0.22258 0.81306 0.53796
vn -0.18104 0.88076 0.43759
vn -0.79287 -0.02417 0.60891
vn -0.79289 -0.02335 0.60892
vn -0.70692 -0.02417 0.70688
vn -0.70691 -0.02335 0.70691
vn -0.70708 0.00852 0.70708
vn -0.79307 0.00851 0.60907
vn -0.60891 -0.02417 0.79287
vn -0.60892 -0.02335 0.79289
vn -0.49985 -0.02417 0.86578
vn -0.49987 -0.02335 0.86579
vn -0.49996 0.00851 0.86601
vn -0.60907 0.00851 0.79307
vn -0.60726 0.07721 0.79074
vn -0.705 0.07721 0.705
vn -0.4985 0.07721 0.86345
vn -0.49264 0.17106 0.85325
vn -0.60011 0.17103 0.78142
vn -0.69669 0.17103 0.69669
vn -0.79074 0.07721 0.60726
vn -0.78142 0.17103 0.60011
vn -0.28636 0.93254 0.21992
vn -0.25529 0.93255 0.25529
vn -0.17393 0.96928 0.17393
vn -0.19508 0.96928 0.14982
vn -0.21992 0.93254 0.28636
vn -0.18052 0.93255 0.31267
vn -0.12296 0.96928 0.21302
vn -0.14982 0.96928 0.19508
vn -0.07621 0.99214 0.09922
vn -0.08847 0.99214 0.08847
vn -0.06253 0.99214 0.10834
vn 0.00238 0.99999 -0.00412
vn 0.0029 0.99999 -0.00378
vn 0.00336 0.99999 -0.00336
vn -0.09922 0.99214 0.07621
vn 0.00378 0.99999 -0.0029
vn 0.11087 0.99018 -0.08515
vn 0.09885 0.99018 -0.09885
vn 0.193 0.96203 -0.193
vn 0.21647 0.96203 -0.16624
vn 0.08515 0.99018 -0.11087
vn 0.06989 0.99018 -0.12107
vn 0.13645 0.96203 -0.23637
vn 0.16624 0.96203 -0.21647
vn 0.2444 0.91596 -0.31825
vn 0.28374 0.91596 -0.28374
vn 0.20063 0.91597 -0.34749
vn 0.26079 0.85321 -0.45169
vn 0.3177 0.85319 -0.41368
vn 0.36882 0.85319 -0.36882
vn 0.31825 0.91596 -0.2444
vn 0.41368 0.85319 -0.3177
vn 0.50039 0.77585 -0.38427
vn 0.44614 0.77584 -0.44614
vn 0.5141 0.68659 -0.5141
vn 0.57661 0.6866 -0.44284
vn 0.38427 0.77585 -0.50039
vn 0.31545 0.77586 -0.54639
vn 0.36351 0.68662 -0.62961
vn 0.44284 0.6866 -0.57661
vn 0.49307 0.5871 -0.64203
vn 0.57242 0.5871 -0.57242
vn 0.40474 0.58712 -0.70105
vn 0.43898 0.47872 -0.76034
vn 0.53476 0.4787 -0.69633
vn 0.62083 0.4787 -0.62083
vn 0.64203 0.5871 -0.49307
vn 0.69633 0.4787 -0.53476
vn 0.73872 0.36391 -0.56732
vn 0.65862 0.36392 -0.65862
vn 0.6855 0.24532 -0.6855
vn 0.76887 0.24531 -0.59048
vn 0.56732 0.36391 -0.73872
vn 0.4657 0.36395 -0.80664
vn 0.48471 0.24532 -0.83957
vn 0.59048 0.24531 -0.76887
vn 0.60441 0.12376 -0.787
vn 0.70167 0.12376 -0.70167
vn 0.49616 0.12376 -0.85937
vn 0.49999 0 -0.86603
vn 0.60908 0 -0.79311
vn 0.70711 0 -0.70711
vn 0.787 0.12376 -0.60441
vn 0.79311 0 -0.60908
vn 0.787 -0.12376 -0.60441
vn 0.70167 -0.12376 -0.70167
vn 0.6855 -0.24532 -0.6855
vn 0.76887 -0.24531 -0.59048
vn 0.60441 -0.12376 -0.787
vn 0.49616 -0.12376 -0.85937
vn 0.48471 -0.24532 -0.83957
vn 0.59048 -0.24531 -0.76887
vn 0.56732 -0.36391 -0.73872
vn 0.65861 -0.36391 -0.65864
vn 0.4657 -0.36395 -0.80664
vn 0.43898 -0.47872 -0.76034
vn 0.53476 -0.4787 -0.69633
vn 0.62083 -0.4787 -0.62083
vn 0.73872 -0.36391 -0.56732
vn 0.69633 -0.4787 -0.53476
vn 0.64203 -0.5871 -0.49307
vn 0.57242 -0.5871 -0.57242
vn 0.5141 -0.68659 -0.5141
vn 0.57661 -0.6866 -0.44284
vn 0.49307 -0.5871 -0.64203
vn 0.40474 -0.58712 -0.70105
vn 0.36351 -0.68662 -0.62961
vn 0.44284 -0.6866 -0.57661
vn 0.38427 -0.77585 -0.50039
vn 0.44614 -0.77584 -0.44614
vn 0.31545 -0.77586 -0.54639
vn 0.26079 -0.85321 -0.45169
vn 0.3177 -0.85319 -0.41368
vn 0.36882 -0.85319 -0.36882
vn 0.50039 -0.77585 -0.38427
vn 0.41368 -0.85319 -0.3177
vn 0.31825 -0.91596 -0.2444
vn 0.28374 -0.91596 -0.28374
vn 0.193 -0.96203 -0.193
vn 0.21647 -0.96203 -0.16624
vn 0.2444 -0.91596 -0.31825
vn 0.20063 -0.91597 -0.34749
vn 0.13645 -0.96203 -0.23637
vn 0.16624 -0.96203 -0.21647
vn 0.08515 -0.99018 -0.11087
vn 0.09885 -0.99018 -0.09885
vn 0.06989 -0.99018 -0.12107
vn 0.00238 -0.99999 -0.00412
vn 0.0029 -0.99999 -0.00378
vn 0.00336 -0.99999 -0.00336
vn 0.11087 -0.99018 -0.08515
vn 0.00378 -0.99999 -0.0029
vn -0.09922 -0.99214 0.07621
vn -0.08847 -0.99214 0.08847
vn -0.17393 -0.96928 0.17393
vn -0.19508 -0.96928 0.14982
vn -0.07621 -0.99214 0.09922
vn -0.06253 -0.99214 0.10834
vn -0.12296 -0.96928 0.21302
vn -0.14982 -0.96928 0.19508
vn -0.21992 -0.93254 0.28636
vn -0.25529 -0.93255 0.25529
vn -0.18052 -0.93255 0.31267
vn -0.28636 -0.93254 0.21992
vn -0.78142 -0.17103 0.60011
vn -0.79074 -0.07721 0.60726
vn -0.69669 -0.17103 0.69669
vn -0.705 -0.07721 0.705
vn -0.70708 -0.00852 0.70708
vn -0.79307 -0.00851 0.60907
vn -0.60011 -0.17103 0.78142
vn -0.60726 -0.07721 0.79074
vn -0.49264 -0.17106 0.85325
vn -0.4985 -0.07721 0.86345
vn -0.49996 -0.00851 0.86601
vn -0.60907 -0.00851 0.79307
vn -0.60892 0.02335 0.79289
vn -0.70691 0.02335 0.70691
vn -0.49987 0.02335 0.86579
vn -0.49985 0.02417 0.86578
vn -0.60891 0.02417 0.79287
vn -0.70692 0.02417 0.70688
vn -0.79289 0.02335 0.60892
vn -0.79287 0.02417 0.60891
vn -0.18104 -0.88076 0.43759
vn -0.22258 -0.81306 0.53796
vn -0.12256 -0.88075 0.45745
vn -0.15067 -0.81304 0.56238
vn -0.17607 -0.73292 0.65714
vn -0.26009 -0.73292 0.62864
vn -0.06199 -0.88076 0.46948
vn -0.07621 -0.81306 0.57718
vn 0 -0.88078 0.47353
vn 0 -0.81306 0.58218
vn 0 -0.73294 0.68029
vn -0.08905 -0.73291 0.67447
vn -0.10013 -0.64411 0.75835
vn -0.19798 -0.64411 0.73887
vn 0 -0.64414 0.76491
vn 0 -0.55218 0.83372
vn -0.10914 -0.55218 0.82655
vn -0.21577 -0.55215 0.80534
vn -0.29244 -0.64411 0.70683
vn -0.31874 -0.55218 0.77039
vn 0.10914 0.55218 0.82655
vn 0.10013 0.64411 0.75835
vn 0.21577 0.55215 0.80534
vn 0.19798 0.64411 0.73887
vn 0.17607 0.73292 0.65714
vn 0.08905 0.73291 0.67447
vn 0.31874 0.55218 0.77039
vn 0.29244 0.64411 0.70683
vn 0.41686 0.55218 0.72202
vn 0.38244 0.64415 0.66243
vn 0.34014 0.73295 0.58914
vn 0.26009 0.73292 0.62864
vn 0.22258 0.81306 0.53796
vn 0.15067 0.81304 0.56238
vn 0.29109 0.81306 0.50418
vn 0.23676 0.88077 0.41011
vn 0.18104 0.88076 0.43759
vn 0.12256 0.88075 0.45745
vn 0.07621 0.81306 0.57718
vn 0.06199 0.88076 0.46948
vn -0.38219 -0.02417 0.92377
vn -0.38219 -0.02335 0.92379
vn -0.25874 -0.02417 0.96565
vn -0.25874 -0.02335 0.96566
vn -0.2588 0.00851 0.96589
vn -0.38229 0.00851 0.924
vn -0.13087 -0.02417 0.99111
vn -0.13089 -0.02335 0.99112
vn 0 -0.02417 0.99971
vn 0 -0.02335 0.99973
vn 0 0.00851 0.99996
vn -0.13093 0.00851 0.99136
vn -0.13053 0.07721 0.98843
vn -0.25804 0.07721 0.96304
vn 0 0.07721 0.99701
vn 0 0.17106 0.98526
vn -0.12897 0.17106 0.97678
vn -0.25498 0.17103 0.9517
vn -0.38115 0.07721 0.92128
vn -0.37667 0.17103 0.91042
vn -0.13804 0.93254 0.33363
vn -0.09345 0.93255 0.34874
vn -0.06366 0.96928 0.23759
vn -0.09403 0.96927 0.2273
vn -0.04727 0.93254 0.35796
vn 0 0.93255 0.36104
vn 0 0.96928 0.24595
vn -0.0322 0.96928 0.24385
vn -0.01636 0.99214 0.12403
vn -0.03238 0.99214 0.12086
vn 0 0.99214 0.1251
vn 0 0.99999 -0.00476
vn 0.00061 0.99999 -0.00473
vn 0.00122 0.99999 -0.00461
vn -0.04782 0.99214 0.11561
vn 0.0018 0.99999 -0.00439
vn 0.05344 0.99018 -0.12919
vn 0.03616 0.99018 -0.13505
vn 0.07062 0.96203 -0.26366
vn 0.10435 0.96203 -0.25221
vn 0.01828 0.99018 -0.13859
vn 0 0.99018 -0.13981
vn 0 0.96203 -0.27293
vn 0.03574 0.96203 -0.27059
vn 0.05252 0.91596 -0.39781
vn 0.10386 0.91595 -0.38763
vn 0 0.91596 -0.40126
vn 0 0.8532 -0.52158
vn 0.06827 0.85319 -0.51711
vn 0.13499 0.85319 -0.50384
vn 0.15339 0.91597 -0.37078
vn 0.19941 0.8532 -0.48196
vn 0.24119 0.77586 -0.58298
vn 0.16328 0.77583 -0.60944
vn 0.18815 0.68659 -0.70228
vn 0.27794 0.68659 -0.67182
vn 0.08258 0.77585 -0.62549
vn 0 0.77587 -0.6309
vn 0 0.68661 -0.72702
vn 0.09519 0.6866 -0.72078
vn 0.10596 0.58711 -0.80254
vn 0.20951 0.5871 -0.78193
vn 0 0.58713 -0.80949
vn 0 0.47872 -0.87797
vn 0.11494 0.4787 -0.87042
vn 0.22722 0.4787 -0.84807
vn 0.30947 0.5871 -0.74803
vn 0.33565 0.47869 -0.81129
vn 0.3561 0.36391 -0.86067
vn 0.24107 0.36391 -0.8997
vn 0.2509 0.24531 -0.93641
vn 0.37063 0.24531 -0.8958
vn 0.12195 0.36391 -0.92342
vn 0 0.36394 -0.93142
vn 0 0.24531 -0.96944
vn 0.12693 0.24531 -0.9611
vn 0.12992 0.12375 -0.98377
vn 0.25682 0.12375 -0.9585
vn 0 0.12375 -0.99231
vn 0 0 -1
vn 0.13093 0 -0.99139
vn 0.2588 0 -0.96593
vn 0.37935 0.12375 -0.91694
vn 0.38231 0 -0.92403
vn 0.37935 -0.12375 -0.91694
vn 0.25682 -0.12375 -0.9585
vn 0.2509 -0.24531 -0.93641
vn 0.37063 -0.24531 -0.8958
vn 0.12992 -0.12375 -0.98377
vn 0 -0.12375 -0.99231
vn 0 -0.24531 -0.96944
vn 0.12693 -0.24531 -0.9611
vn 0.12195 -0.36391 -0.92342
vn 0.24107 -0.36391 -0.8997
vn 0 -0.36394 -0.93142
vn 0 -0.47872 -0.87797
vn 0.11494 -0.4787 -0.87042
vn 0.22722 -0.4787 -0.84807
vn 0.3561 -0.36391 -0.86067
vn 0.33565 -0.47869 -0.81129
vn 0.30947 -0.5871 -0.74803
vn 0.20951 -0.5871 -0.78193
vn 0.18815 -0.68659 -0.70228
vn 0.27794 -0.68659 -0.67182
vn 0.10596 -0.58711 -0.80254
vn 0 -0.58713 -0.80949
vn 0 -0.68661 -0.72702
vn 0.09519 -0.6866 -0.72078
vn 0.08258 -0.77585 -0.62549
vn 0.16328 -0.77583 -0.60944
vn 0 -0.77587 -0.6309
vn 0 -0.8532 -0.52158
vn 0.06827 -0.85319 -0.51711
vn 0.13499 -0.85319 -0.50384
vn 0.24119 -0.77586 -0.58298
vn 0.19941 -0.8532 -0.48196
vn 0.15339 -0.91597 -0.37078
vn 0.10386 -0.91595 -0.38763
vn 0.07062 -0.96203 -0.26366
vn 0.10435 -0.96203 -0.25221
vn 0.05252 -0.91596 -0.39781
vn 0 -0.91596 -0.40126
vn 0 -0.96203 -0.27293
vn 0.03574 -0.96203 -0.27059
vn 0.01828 -0.99018 -0.13859
vn 0.03616 -0.99018 -0.13505
vn 0 -0.99018 -0.13981
vn 0 -0.99999 -0.00476
vn 0.00061 -0.99999 -0.00473
vn 0.00122 -0.99999 -0.00461
vn 0.05344 -0.99018 -0.12919
vn 0.0018 -0.99999 -0.00439
vn -0.04782 -0.99214 0.11561
vn -0.03238 -0.99214 0.12086
vn -0.06366 -0.96928 0.23759
vn -0.09403 -0.96927 0.2273
vn -0.01636 -0.99214 0.12403
vn 0 -0.99214 0.1251
vn 0 -0.96928 0.24595
vn -0.0322 -0.96928 0.24385
vn -0.04727 -0.93254 0.35796
vn -0.09345 -0.93255 0.34874
vn 0 -0.93255 0.36104
vn -0.13804 -0.93254 0.33363
vn -0.37667 -0.17103 0.91042
vn -0.38115 -0.07721 0.92128
vn -0.25498 -0.17103 0.9517
vn -0.25804 -0.07721 0.96304
vn -0.2588 -0.00851 0.96589
vn -0.38229 -0.00851 0.924
vn -0.12897 -0.17103 0.97679
vn -0.13053 -0.07721 0.98843
vn 0 -0.17106 0.98526
vn 0 -0.07721 0.99701
vn 0 -0.00851 0.99996
vn -0.13093 -0.00851 0.99136
vn -0.13089 0.02335 0.99112
vn -0.25874 0.02335 0.96566
vn 0 0.02335 0.99973
vn 0 0.02417 0.99971
vn -0.13087 0.02417 0.99111
vn -0.25874 0.02414 0.96565
vn -0.38219 0.02335 0.92379
vn -0.38219 0.02417 0.92377
vn 0.06199 -0.88076 0.46948
vn 0.07621 -0.81306 0.57718
vn 0.12256 -0.88075 0.45745
vn 0.15067 -0.81304 0.56238
vn 0.17607 -0.73292 0.65714
vn 0.08906 -0.73293 0.67445
vn 0.18104 -0.88076 0.43759
vn 0.22258 -0.81306 0.53796
vn 0.23676 -0.88077 0.41011
vn 0.29109 -0.81306 0.50418
vn 0.34014 -0.73295 0.58914
vn 0.26009 -0.73292 0.62864
vn 0.29244 -0.64411 0.70683
vn 0.19798 -0.64411 0.73887
vn 0.38243 -0.64413 0.66245
vn 0.41686 -0.55218 0.72202
vn 0.31874 -0.55218 0.77039
vn 0.21577 -0.55215 0.80534
vn 0.10013 -0.64411 0.75835
vn 0.10914 -0.55218 0.82655
vn 0.50781 0.55218 0.66123
vn 0.46591 0.64411 0.60667
vn 0.58954 0.55216 0.58954
vn 0.54089 0.64411 0.54089
vn 0.48105 0.73293 0.48105
vn 0.41436 0.73293 0.53956
vn 0.66123 0.55218 0.50781
vn 0.60667 0.64411 0.46591
vn 0.72202 0.55218 0.41686
vn 0.66245 0.64413 0.38243
vn 0.58914 0.73295 0.34014
vn 0.53956 0.73293 0.41436
vn 0.46175 0.81305 0.3546
vn 0.41168 0.81304 0.41168
vn 0.50418 0.81306 0.29109
vn 0.41011 0.88077 0.23676
vn 0.37557 0.88076 0.28844
vn 0.33486 0.88076 0.33486
vn 0.3546 0.81305 0.46175
vn 0.28844 0.88076 0.37557
vn 0.13087 -0.02417 0.99111
vn 0.13089 -0.02335 0.99112
vn 0.25874 -0.02417 0.96565
vn 0.25874 -0.02335 0.96566
vn 0.2588 0.00851 0.96589
vn 0.13093 0.00851 0.99136
vn 0.38219 -0.02417 0.92377
vn 0.38219 -0.02335 0.92379
vn 0.49985 -0.02417 0.86578
vn 0.49987 -0.02335 0.86579
vn 0.49996 0.00851 0.86601
vn 0.38229 0.00851 0.924
vn 0.38115 0.07721 0.92128
vn 0.25804 0.07721 0.96304
vn 0.4985 0.07721 0.86345
vn 0.49264 0.17106 0.85325
vn 0.37667 0.17103 0.91042
vn 0.25498 0.17103 0.9517
vn 0.13053 0.07721 0.98843
vn 0.12897 0.17103 0.97679
vn 0.04727 0.93254 0.35796
vn 0.09345 0.93255 0.34874
vn 0.06366 0.96928 0.23759
vn 0.0322 0.96928 0.24385
vn 0.13804 0.93254 0.33363
vn 0.18052 0.93255 0.31267
vn 0.12296 0.96928 0.21302
vn 0.09403 0.96927 0.2273
vn 0.04782 0.99214 0.11561
vn 0.03238 0.99214 0.12086
vn 0.06253 0.99214 0.10834
vn -0.00238 0.99999 -0.00412
vn -0.0018 0.99999 -0.00439
vn -0.00122 0.99999 -0.00461
vn 0.01636 0.99214 0.12403
vn -0.00061 0.99999 -0.00473
vn -0.01828 0.99018 -0.13859
vn -0.03616 0.99018 -0.13505
vn -0.07062 0.96203 -0.26366
vn -0.03574 0.96203 -0.27059
vn -0.05344 0.99018 -0.12919
vn -0.06989 0.99018 -0.12107
vn -0.13645 0.96203 -0.23637
vn -0.10435 0.96203 -0.25221
vn -0.15339 0.91597 -0.37078
vn -0.10386 0.91595 -0.38763
vn -0.20063 0.91597 -0.34749
vn -0.26079 0.85321 -0.45169
vn -0.19941 0.8532 -0.48196
vn -0.13499 0.85319 -0.50384
vn -0.05252 0.91596 -0.39781
vn -0.06827 0.85319 -0.51711
vn -0.08258 0.77585 -0.62549
vn -0.16328 0.77583 -0.60944
vn -0.18815 0.68659 -0.70228
vn -0.09519 0.6866 -0.72078
vn -0.24119 0.77586 -0.58298
vn -0.31545 0.77586 -0.54639
vn -0.36351 0.68662 -0.62961
vn -0.27794 0.68659 -0.67182
vn -0.30947 0.5871 -0.74803
vn -0.20951 0.5871 -0.78193
vn -0.40474 0.58712 -0.70105
vn -0.43898 0.47872 -0.76034
vn -0.33565 0.47869 -0.81129
vn -0.22722 0.4787 -0.84807
vn -0.10596 0.58711 -0.80254
vn -0.11494 0.4787 -0.87042
vn -0.12195 0.36391 -0.92342
vn -0.24107 0.36391 -0.8997
vn -0.2509 0.24531 -0.93641
vn -0.12693 0.24531 -0.9611
vn -0.3561 0.36391 -0.86067
vn -0.4657 0.36395 -0.80664
vn -0.48471 0.24532 -0.83957
vn -0.37063 0.24531 -0.8958
vn -0.37935 0.12375 -0.91694
vn -0.25682 0.12375 -0.9585
vn -0.49616 0.12376 -0.85937
vn -0.49999 0 -0.86603
vn -0.38231 0 -0.92403
vn -0.2588 0 -0.96593
vn -0.12992 0.12375 -0.98377
vn -0.13093 0 -0.99139
vn -0.12992 -0.12375 -0.98377
vn -0.25682 -0.12375 -0.9585
vn -0.2509 -0.24531 -0.93641
vn -0.12693 -0.24531 -0.9611
vn -0.37935 -0.12375 -0.91694
vn -0.49616 -0.12376 -0.85937
vn -0.48471 -0.24532 -0.83957
vn -0.37063 -0.24531 -0.8958
vn -0.3561 -0.36391 -0.86067
vn -0.24107 -0.36391 -0.8997
vn -0.4657 -0.36395 -0.80664
vn -0.43898 -0.47872 -0.76034
vn -0.33565 -0.47869 -0.81129
vn -0.22722 -0.4787 -0.84807
vn -0.12195 -0.36391 -0.92342
vn -0.11494 -0.4787 -0.87042
vn -0.10596 -0.58711 -0.80254
vn -0.20951 -0.5871 -0.78193
vn -0.18815 -0.68659 -0.70228
vn -0.09519 -0.6866 -0.72078
vn -0.30947 -0.5871 -0.74803
vn -0.40474 -0.58712 -0.70105
vn -0.36351 -0.68662 -0.62961
vn -0.27794 -0.68659 -0.67182
vn -0.24119 -0.77586 -0.58298
vn -0.16328 -0.77583 -0.60944
vn -0.31545 -0.77586 -0.54639
vn -0.26079 -0.85321 -0.45169
vn -0.19941 -0.8532 -0.48196
vn -0.13499 -0.85319 -0.50384
vn -0.08258 -0.77585 -0.62549
vn -0.06827 -0.85319 -0.51711
vn -0.05252 -0.91596 -0.39781
vn -0.10386 -0.91595 -0.38763
vn -0.07062 -0.96203 -0.26366
vn -0.03574 -0.96203 -0.27059
vn -0.15339 -0.91597 -0.37078
vn -0.20063 -0.91597 -0.34749
vn -0.13645 -0.96203 -0.23637
vn -0.10435 -0.96203 -0.25221
vn -0.05344 -0.99018 -0.12919
vn -0.03616 -0.99018 -0.13505
vn -0.06989 -0.99018 -0.12107
vn -0.00238 -0.99999 -0.00412
vn -0.0018 -0.99999 -0.00439
vn -0.00122 -0.99999 -0.00461
vn -0.01828 -0.99018 -0.13859
vn -0.00061 -0.99999 -0.00473
vn 0.01636 -0.99214 0.12403
vn 0.03238 -0.99214 0.12086
vn 0.06366 -0.96928 0.23759
vn 0.0322 -0.96928 0.24385
vn 0.04782 -0.99214 0.11561
vn 0.06253 -0.99214 0.10834
vn 0.12296 -0.96928 0.21302
vn 0.09403 -0.96927 0.2273
vn 0.13804 -0.93254 0.33363
vn 0.09345 -0.93255 0.34874
vn 0.18052 -0.93255 0.31267
vn 0.04727 -0.93254 0.35796
vn 0.12897 -0.17106 0.97678
vn 0.13053 -0.07721 0.98843
vn 0.25498 -0.17103 0.9517
vn 0.25804 -0.07721 0.96304
vn 0.2588 -0.00851 0.96589
vn 0.13093 -0.00851 0.99136
vn 0.37667 -0.17103 0.91042
vn 0.38115 -0.07721 0.92128
vn 0.49264 -0.17106 0.85325
vn 0.4985 -0.07721 0.86345
vn 0.49996 -0.00851 0.86601
vn 0.38229 -0.00851 0.924
vn 0.38219 0.02335 0.92379
vn 0.25874 0.02335 0.96566
vn 0.49987 0.02335 0.86579
vn 0.49985 0.02417 0.86578
vn 0.38219 0.02417 0.92377
vn 0.25874 0.02417 0.96565
vn 0.13089 0.02335 0.99112
vn 0.13087 0.02414 0.99111
vn 0.28844 -0.88076 0.37557
vn 0.3546 -0.81305 0.46175
vn 0.33486 -0.88076 0.33486
vn 0.41168 -0.81304 0.41168
vn 0.48105 -0.73293 0.48105
vn 0.41436 -0.73293 0.53956
vn 0.37557 -0.88076 0.28844
vn 0.46175 -0.81305 0.3546
vn 0.53956 -0.73293 0.41436
vn 0.60667 -0.64411 0.46591
vn 0.54089 -0.64411 0.54089
vn 0.66123 -0.55218 0.50781
vn 0.58954 -0.55216 0.58954
vn 0.46591 -0.64411 0.60667
vn 0.50781 -0.55218 0.66123
vn 0.60891 -0.02417 0.79287
vn 0.60892 -0.02335 0.79289
vn 0.70692 -0.02417 0.70688
vn 0.70691 -0.02335 0.70691
vn 0.70708 0.00852 0.70708
vn 0.60907 0.00851 0.79307
vn 0.79287 -0.02417 0.60891
vn 0.79289 -0.02335 0.60892
vn 0.79307 0.00851 0.60907
vn 0.79074 0.07721 0.60726
vn 0.705 0.07721 0.705
vn 0.78142 0.17103 0.60011
vn 0.69669 0.17103 0.69669
vn 0.60726 0.07721 0.79074
vn 0.60011 0.17103 0.78142
vn 0.21992 0.93254 0.28636
vn 0.25529 0.93255 0.25529
vn 0.17393 0.96928 0.17393
vn 0.14982 0.96928 0.19508
vn 0.28636 0.93254 0.21992
vn 0.31267 0.93255 0.18052
vn 0.21302 0.96928 0.12296
vn 0.19508 0.96928 0.14982
vn 0.09922 0.99214 0.07621
vn 0.08847 0.99214 0.08847
vn 0.10834 0.99214 0.06253
vn -0.00412 0.99999 -0.00238
vn -0.00378 0.99999 -0.0029
vn -0.00336 0.99999 -0.00336
vn 0.07621 0.99214 0.09922
vn -0.0029 0.99999 -0.00378
vn -0.08515 0.99018 -0.11087
vn -0.09885 0.99018 -0.09885
vn -0.193 0.96203 -0.193
vn -0.16624 0.96203 -0.21647
vn -0.11087 0.99018 -0.08515
vn -0.12107 0.99018 -0.06989
vn -0.23637 0.96203 -0.13645
vn -0.21647 0.96203 -0.16624
vn -0.31825 0.91596 -0.2444
vn -0.28374 0.91596 -0.28374
vn -0.34749 0.91597 -0.20063
vn -0.45169 0.85321 -0.26079
vn -0.41368 0.85319 -0.3177
vn -0.36882 0.85319 -0.36882
vn -0.2444 0.91596 -0.31825
vn -0.3177 0.85319 -0.41368
vn -0.38427 0.77585 -0.50039
vn -0.44614 0.77584 -0.44614
vn -0.5141 0.68659 -0.5141
vn -0.44284 0.6866 -0.57661
vn -0.50039 0.77585 -0.38427
vn -0.54639 0.77586 -0.31545
vn -0.62961 0.68662 -0.36351
vn -0.57661 0.6866 -0.44284
vn -0.64203 0.5871 -0.49307
vn -0.57242 0.5871 -0.57242
vn -0.70105 0.58712 -0.40474
vn -0.76034 0.47872 -0.43898
vn -0.69633 0.4787 -0.53476
vn -0.62083 0.4787 -0.62083
vn -0.49307 0.5871 -0.64203
vn -0.53476 0.4787 -0.69633
vn -0.56732 0.36391 -0.73872
vn -0.65864 0.36391 -0.65861
vn -0.6855 0.24532 -0.6855
vn -0.59048 0.24531 -0.76887
vn -0.73872 0.36391 -0.56732
vn -0.80664 0.36395 -0.4657
vn -0.83957 0.24532 -0.48471
vn -0.76887 0.24531 -0.59048
vn -0.787 0.12376 -0.60441
vn -0.70167 0.12376 -0.70167
vn -0.85937 0.12376 -0.49616
vn -0.86603 0 -0.49999
vn -0.79311 0 -0.60908
vn -0.70711 0 -0.70711
vn -0.60441 0.12376 -0.787
vn -0.60908 0 -0.79311
vn -0.60441 -0.12376 -0.787
vn -0.70167 -0.12376 -0.70167
vn -0.6855 -0.24532 -0.6855
vn -0.59048 -0.24531 -0.76887
vn -0.787 -0.12376 -0.60441
vn -0.85937 -0.12376 -0.49616
vn -0.83957 -0.24532 -0.48471
vn -0.76887 -0.24531 -0.59048
vn -0.73872 -0.36391 -0.56732
vn -0.65862 -0.36392 -0.65862
vn -0.80664 -0.36395 -0.4657
vn -0.76034 -0.47872 -0.43898
vn -0.69633 -0.4787 -0.53476
vn -0.62083 -0.4787 -0.62083
vn -0.56732 -0.36391 -0.73872
vn -0.53476 -0.4787 -0.69633
vn -0.49307 -0.5871 -0.64203
vn -0.57242 -0.5871 -0.57242
vn -0.5141 -0.68659 -0.5141
vn -0.44284 -0.6866 -0.57661
vn -0.64203 -0.5871 -0.49307
vn -0.70105 -0.58712 -0.40474
vn -0.62961 -0.68662 -0.36351
vn -0.57661 -0.6866 -0.44284
vn -0.50039 -0.77585 -0.38427
vn -0.44614 -0.77584 -0.44614
vn -0.54639 -0.77586 -0.31545
vn -0.45169 -0.85321 -0.26079
vn -0.41368 -0.85319 -0.3177
vn -0.36882 -0.85319 -0.36882
vn -0.38427 -0.77585 -0.50039
vn -0.3177 -0.85319 -0.41368
vn -0.2444 -0.91596 -0.31825
vn -0.28374 -0.91596 -0.28374
vn -0.193 -0.96203 -0.193
vn -0.16624 -0.96203 -0.21647
vn -0.31825 -0.91596 -0.2444
vn -0.34749 -0.91597 -0.20063
vn -0.23637 -0.96203 -0.13645
vn -0.21647 -0.96203 -0.16624
vn -0.11087 -0.99018 -0.08515
vn -0.09885 -0.99018 -0.09885
vn -0.12107 -0.99018 -0.06989
vn -0.00412 -0.99999 -0.00238
vn -0.00378 -0.99999 -0.0029
vn -0.00336 -0.99999 -0.00336
vn -0.08515 -0.99018 -0.11087
vn -0.0029 -0.99999 -0.00378
vn 0.07621 -0.99214 0.09922
vn 0.08847 -0.99214 0.08847
vn 0.17393 -0.96928 0.17393
vn 0.14982 -0.96928 0.19508
vn 0.09922 -0.99214 0.07621
vn 0.10834 -0.99214 0.06253
vn 0.21302 -0.96928 0.12296
vn 0.19508 -0.96928 0.14982
vn 0.28636 -0.93254 0.21992
vn 0.25529 -0.93255 0.25529
vn 0.31267 -0.93255 0.18052
vn 0.21992 -0.93254 0.28636
vn 0.60011 -0.17103 0.78142
vn 0.60726 -0.07721 0.79074
vn 0.69669 -0.17103 0.69669
vn 0.705 -0.07721 0.705
vn 0.70708 -0.00852 0.70708
vn 0.60907 -0.00851 0.79307
vn 0.78142 -0.17103 0.60011
vn 0.79074 -0.07721 0.60726
vn 0.85326 -0.17106 0.49264
vn 0.86345 -0.07721 0.4985
vn 0.86601 -0.00851 0.49996
vn 0.79307 -0.00851 0.60907
vn 0.79289 0.02335 0.60892
vn 0.70691 0.02335 0.70691
vn 0.86579 0.02335 0.49987
vn 0.86578 0.02417 0.49985
vn 0.79287 0.02417 0.60891
vn 0.70692 0.02417 0.70688
vn 0.60892 0.02335 0.79289
vn 0.60891 0.02417 0.79287
vn 0.91042 -0.17103 0.37667
vn 0.92128 -0.07721 0.38115
vn 0.9517 -0.17103 0.25498
vn 0.96304 -0.07721 0.25804
vn 0.96589 -0.00851 0.2588
vn 0.924 -0.00851 0.38229
vn 0.97679 -0.17103 0.12897
vn 0.98843 -0.07721 0.13053
vn 0.98526 -0.17106 -0
vn 0.99701 -0.07721 -0
vn 0.99996 -0.00851 -0
vn 0.99136 -0.00851 0.13093
vn 0.99112 0.02335 0.13089
vn 0.96566 0.02335 0.25874
vn 0.99973 0.02335 -0
vn 0.99971 0.02417 -0
vn 0.99111 0.02414 0.13087
vn 0.96565 0.02414 0.25874
vn 0.92379 0.02335 0.38219
vn 0.92377 0.02417 0.38219
vn 0.83372 0.55218 -0
vn 0.82655 0.55218 -0.10914
vn 0.75835 0.64411 -0.10013
vn 0.76491 0.64414 -0
vn 0.80534 0.55215 -0.21577
vn 0.73887 0.64411 -0.19798
vn 0.65714 0.73292 -0.17607
vn 0.67447 0.73291 -0.08905
vn 0.68029 0.73294 -0
vn 0.77039 0.55218 -0.31874
vn 0.70683 0.64411 -0.29244
vn 0.62864 0.73292 -0.26009
vn 0.53796 0.81306 -0.22258
vn 0.56238 0.81304 -0.15067
vn 0.57718 0.81306 -0.07621
vn 0.58218 0.81306 -0
vn 0.43759 0.88076 0.18104
vn 0.33363 0.93254 0.13804
vn 0.45745 0.88075 0.12256
vn 0.34877 0.93254 0.09345
vn 0.23759 0.96928 0.06366
vn 0.2273 0.96927 0.09403
vn 0.46948 0.88076 0.06199
vn 0.35796 0.93254 0.04727
vn 0.24385 0.96928 0.0322
vn 0.12403 0.99214 0.01636
vn 0.12086 0.99214 0.03238
vn -0.00473 0.99999 -0.00061
vn -0.00461 0.99999 -0.00122
vn 0.11561 0.99214 0.04782
vn -0.00439 0.99999 -0.0018
vn -0.12919 0.99018 -0.05344
vn -0.13505 0.99018 -0.03616
vn -0.26366 0.96203 -0.07062
vn -0.25221 0.96203 -0.10435
vn -0.13859 0.99018 -0.01828
vn -0.27059 0.96203 -0.03574
vn -0.39781 0.91596 -0.05252
vn -0.38763 0.91595 -0.10386
vn -0.51711 0.85319 -0.06827
vn -0.50384 0.85319 -0.13499
vn -0.37078 0.91597 -0.15339
vn -0.48196 0.8532 -0.19941
vn -0.58298 0.77586 -0.24119
vn -0.60944 0.77583 -0.16328
vn -0.70228 0.68659 -0.18815
vn -0.67182 0.68659 -0.27794
vn -0.62549 0.77585 -0.08258
vn -0.72078 0.6866 -0.09519
vn -0.80254 0.58711 -0.10596
vn -0.78193 0.5871 -0.20951
vn -0.87042 0.4787 -0.11494
vn -0.84807 0.4787 -0.22722
vn -0.74803 0.5871 -0.30947
vn -0.81129 0.47869 -0.33565
vn -0.86067 0.36391 -0.3561
vn -0.8997 0.36391 -0.24107
vn -0.93641 0.24531 -0.2509
vn -0.8958 0.24531 -0.37063
vn -0.92342 0.36391 -0.12195
vn -0.9611 0.24531 -0.12693
vn -0.98377 0.12375 -0.12992
vn -0.9585 0.12375 -0.25682
vn -0.99139 0 -0.13093
vn -0.96593 0 -0.2588
vn -0.91694 0.12375 -0.37935
vn -0.92403 0 -0.38231
vn -0.91694 -0.12375 -0.37935
vn -0.9585 -0.12375 -0.25682
vn -0.93641 -0.24531 -0.2509
vn -0.8958 -0.24531 -0.37063
vn -0.98377 -0.12375 -0.12992
vn -0.9611 -0.24531 -0.12693
vn -0.92342 -0.36391 -0.12195
vn -0.8997 -0.36391 -0.24107
vn -0.87042 -0.4787 -0.11494
vn -0.84807 -0.4787 -0.22722
vn -0.86067 -0.36391 -0.3561
vn -0.81129 -0.47869 -0.33565
vn -0.74803 -0.5871 -0.30947
vn -0.78193 -0.5871 -0.20951
vn -0.70228 -0.68659 -0.18815
vn -0.67182 -0.68659 -0.27794
vn -0.80254 -0.58711 -0.10596
vn -0.72078 -0.6866 -0.09519
vn -0.62549 -0.77585 -0.08258
vn -0.60944 -0.77583 -0.16328
vn -0.51711 -0.85319 -0.06827
vn -0.50384 -0.85319 -0.13499
vn -0.58298 -0.77586 -0.24119
vn -0.48196 -0.8532 -0.19941
vn -0.37078 -0.91597 -0.15339
vn -0.38763 -0.91595 -0.10386
vn -0.26366 -0.96203 -0.07062
vn -0.25221 -0.96203 -0.10435
vn -0.39781 -0.91596 -0.05252
vn -0.27059 -0.96203 -0.03574
vn -0.13859 -0.99018 -0.01828
vn -0.13505 -0.99018 -0.03616
vn -0.00473 -0.99999 -0.00061
vn -0.00461 -0.99999 -0.00122
vn -0.12919 -0.99018 -0.05344
vn -0.00439 -0.99999 -0.0018
vn 0.11561 -0.99214 0.04782
vn 0.12086 -0.99214 0.03238
vn 0.23759 -0.96928 0.06366
vn 0.2273 -0.96927 0.09403
vn 0.12403 -0.99214 0.01636
vn 0.24385 -0.96928 0.0322
vn 0.35796 -0.93254 0.04727
vn 0.34874 -0.93255 0.09345
vn 0.33363 -0.93254 0.13804
vn 0.97678 -0.17106 -0.12897
vn 0.98843 -0.07721 -0.13053
vn 0.9517 -0.17103 -0.25498
vn 0.96304 -0.07721 -0.25804
vn 0.96589 -0.00851 -0.2588
vn 0.99136 -0.00851 -0.13093
vn 0.91042 -0.17103 -0.37667
vn 0.92128 -0.07721 -0.38115
vn 0.924 -0.00851 -0.38229
vn 0.92379 0.02335 -0.38219
vn 0.96566 0.02335 -0.25874
vn 0.92377 0.02417 -0.38219
vn 0.96565 0.02417 -0.25874
vn 0.99112 0.02335 -0.13089
vn 0.99111 0.02417 -0.13087
vn 0.46175 -0.81305 -0.3546
vn 0.41168 -0.81304 -0.41168
vn 0.48105 -0.73293 -0.48105
vn 0.53956 -0.73293 -0.41436
vn 0.3546 -0.81305 -0.46175
vn 0.41436 -0.73293 -0.53956
vn 0.46591 -0.64411 -0.60667
vn 0.54089 -0.64411 -0.54089
vn 0.50781 -0.55218 -0.66123
vn 0.58954 -0.55216 -0.58954
vn 0.60667 -0.64411 -0.46591
vn 0.66123 -0.55218 -0.50781
vn 0.99131 0.01285 -0.1309
vn 0.99992 0.01285 -0
vn 0.96584 0.01285 -0.2588
vn 0.92397 0.01285 -0.38225
vn 0.86595 0.01285 -0.49996
vn 0.92397 -0.01285 -0.38225
vn 0.96584 -0.01285 -0.2588
vn 0.86595 -0.01285 -0.49996
vn 0.92377 -0.02417 -0.38219
vn 0.96565 -0.02417 -0.25874
vn 0.99131 -0.01285 -0.1309
vn 0.99992 -0.01285 -0
vn 0.99111 -0.02417 -0.13087
vn 0.79304 0.01285 -0.60904
vn 0.70705 0.01285 -0.70705
vn 0.60904 0.01285 -0.79304
vn 0.49996 0.01285 -0.86595
vn 0.60904 -0.01285 -0.79304
vn 0.70705 -0.01285 -0.70705
vn 0.49996 -0.01285 -0.86595
vn 0.79304 -0.01285 -0.60904
vn 0.38228 0.01285 -0.92396
vn 0.2588 0.01285 -0.96584
vn 0.1309 0.01285 -0.99131
vn 0 0.01285 -0.99992
vn 0.1309 -0.01285 -0.99131
vn 0.2588 -0.01285 -0.96584
vn 0 -0.01285 -0.99992
vn 0.38228 -0.01285 -0.92396
vn -0.1309 0.01285 -0.99131
vn -0.2588 0.01285 -0.96584
vn -0.38228 0.01285 -0.92396
vn -0.49996 0.01285 -0.86595
vn -0.38225 -0.01285 -0.92397
vn -0.2588 -0.01285 -0.96584
vn -0.49996 -0.01285 -0.86595
vn -0.1309 -0.01285 -0.99131
vn -0.60904 0.01285 -0.79304
vn -0.70705 0.01285 -0.70705
vn -0.79304 0.01285 -0.60904
vn -0.86595 0.01285 -0.49996
vn -0.79304 -0.01285 -0.60904
vn -0.70705 -0.01285 -0.70705
vn -0.86595 -0.01285 -0.49996
vn -0.60904 -0.01285 -0.79304
vn -0.92397 0.01285 -0.38225
vn -0.96584 0.01285 -0.2588
vn -0.99131 0.01285 -0.1309
vn -0.99992 0.01285 -0
vn -0.99131 -0.01285 -0.1309
vn -0.96584 -0.01285 -0.2588
vn -0.99992 -0.01285 -0
vn -0.92397 -0.01285 -0.38225
vn -0.99131 0.01285 0.1309
vn -0.96584 0.01285 0.2588
vn -0.92396 0.01285 0.38228
vn -0.86595 0.01285 0.49996
vn -0.92396 -0.01285 0.38228
vn -0.96584 -0.01285 0.2588
vn -0.86595 -0.01285 0.49996
vn -0.99131 -0.01285 0.1309
vn -0.79304 0.01285 0.60904
vn -0.70705 0.01285 0.70705
vn -0.60904 0.01285 0.79304
vn -0.49996 0.01285 0.86595
vn -0.60904 -0.01285 0.79304
vn -0.70705 -0.01285 0.70705
vn -0.49996 -0.01285 0.86595
vn -0.79304 -0.01285 0.60904
vn -0.38228 0.01285 0.92396
vn -0.2588 0.01285 0.96584
vn -0.1309 0.01285 0.99131
vn 0 0.01285 0.99992
vn -0.1309 -0.01285 0.99131
vn -0.2588 -0.01285 0.96584
vn 0 -0.01285 0.99992
vn -0.38228 -0.01285 0.92396
vn 0.1309 0.01285 0.99131
vn 0.2588 0.01285 0.96584
vn 0.38228 0.01285 0.92396
vn 0.49996 0.01285 0.86595
vn 0.38225 -0.01285 0.92397
vn 0.2588 -0.01285 0.96584
vn 0.49996 -0.01285 0.86595
vn 0.1309 -0.01285 0.99131
vn 0.60904 0.01285 0.79304
vn 0.70705 0.01285 0.70705
vn 0.79304 0.01285 0.60904
vn 0.86595 0.01285 0.49996
vn 0.79304 -0.01285 0.60904
vn 0.70705 -0.01285 0.70705
vn 0.86595 -0.01285 0.49996
vn 0.60904 -0.01285 0.79304
vn 0.99131 -0.01285 0.1309
vn 0.96584 -0.01285 0.2588
vn 0.92397 -0.01285 0.38225
vn 0.92397 0.01285 0.38225
vn 0.96584 0.01285 0.2588
vn 0.99131 0.01285 0.1309
vn 0.99112 -0.02335 -0.13089
vn 0.96566 -0.02335 -0.25874
vn 0.96589 0.00851 -0.2588
vn 0.99136 0.00851 -0.13093
vn 0.92379 -0.02335 -0.38219
vn 0.924 0.00851 -0.38229
vn 0.92128 0.07721 -0.38115
vn 0.96304 0.07721 -0.25804
vn 0.91042 0.17103 -0.37667
vn 0.9517 0.17103 -0.25498
vn 0.98843 0.07721 -0.13053
vn 0.97678 0.17106 -0.12897
vn 0.95485 0.269 -0.1261
vn 0.96313 0.26903 -0
vn 0.93032 0.269 -0.24928
vn 0.89925 0.3651 -0.24095
vn 0.92295 0.3651 -0.12189
vn 0.93097 0.3651 -0
vn 0.88998 0.269 -0.36822
vn 0.8341 0.26903 -0.48157
vn 0.80624 0.36511 -0.46549
vn 0.86025 0.3651 -0.35592
vn 0.82093 0.45904 -0.33965
vn 0.85814 0.45904 -0.22993
vn 0.76938 0.45906 -0.4442
vn 0.88077 0.45903 -0.11631
vn 0.8884 0.45906 -0
vn 0.76387 0.269 -0.58664
vn 0.68104 0.269 -0.68104
vn 0.65829 0.3651 -0.65829
vn 0.73835 0.3651 -0.56705
vn 0.58664 0.269 -0.76387
vn 0.48157 0.26903 -0.8341
vn 0.46549 0.36511 -0.80624
vn 0.56705 0.3651 -0.73835
vn 0.54111 0.45905 -0.70461
vn 0.62821 0.45904 -0.62821
vn 0.4442 0.45906 -0.76938
vn 0.70461 0.45905 -0.54111
vn 0.36822 0.269 -0.88998
vn 0.24928 0.269 -0.93032
vn 0.24095 0.3651 -0.89925
vn 0.35592 0.3651 -0.86025
vn 0.1261 0.269 -0.95485
vn 0 0.26903 -0.96313
vn 0 0.3651 -0.93097
vn 0.12189 0.3651 -0.92295
vn 0.11631 0.45903 -0.88077
vn 0.22993 0.45904 -0.85814
vn 0 0.45906 -0.8884
vn 0.33965 0.45904 -0.82093
vn -0.1261 0.269 -0.95485
vn -0.24928 0.269 -0.93032
vn -0.24095 0.3651 -0.89925
vn -0.12189 0.3651 -0.92295
vn -0.36822 0.269 -0.88998
vn -0.48157 0.26903 -0.8341
vn -0.46549 0.36511 -0.80624
vn -0.35592 0.3651 -0.86025
vn -0.33965 0.45904 -0.82093
vn -0.22993 0.45904 -0.85814
vn -0.4442 0.45906 -0.76938
vn -0.11631 0.45903 -0.88077
vn -0.58664 0.269 -0.76387
vn -0.68104 0.269 -0.68104
vn -0.65829 0.3651 -0.65829
vn -0.56705 0.3651 -0.73835
vn -0.76387 0.269 -0.58664
vn -0.8341 0.26903 -0.48157
vn -0.80624 0.36511 -0.46549
vn -0.73835 0.3651 -0.56705
vn -0.70461 0.45905 -0.54111
vn -0.62821 0.45904 -0.62821
vn -0.76938 0.45906 -0.4442
vn -0.54111 0.45905 -0.70461
vn -0.88998 0.269 -0.36822
vn -0.93032 0.269 -0.24928
vn -0.89925 0.3651 -0.24095
vn -0.86025 0.3651 -0.35592
vn -0.95485 0.269 -0.1261
vn -0.96313 0.26903 -0
vn -0.93097 0.3651 -0
vn -0.92295 0.3651 -0.12189
vn -0.88077 0.45905 -0.11631
vn -0.85814 0.45904 -0.22993
vn -0.8884 0.45906 -0
vn -0.82093 0.45904 -0.33965
vn -0.95485 0.269 0.1261
vn -0.93032 0.269 0.24928
vn -0.89925 0.3651 0.24095
vn -0.92295 0.3651 0.12189
vn -0.88998 0.269 0.36822
vn -0.8341 0.26903 0.48157
vn -0.80624 0.36511 0.46549
vn -0.86025 0.3651 0.35592
vn -0.82093 0.45904 0.33965
vn -0.85814 0.45904 0.22993
vn -0.76938 0.45906 0.4442
vn -0.88077 0.45903 0.11631
vn -0.76387 0.269 0.58664
vn -0.68104 0.269 0.68104
vn -0.65829 0.3651 0.65829
vn -0.73835 0.3651 0.56705
vn -0.58664 0.269 0.76387
vn -0.48157 0.26903 0.8341
vn -0.46549 0.36511 0.80624
vn -0.56705 0.3651 0.73835
vn -0.54111 0.45905 0.70461
vn -0.62821 0.45904 0.62821
vn -0.4442 0.45906 0.76938
vn -0.70461 0.45905 0.54111
vn -0.36822 0.269 0.88998
vn -0.24928 0.269 0.93032
vn -0.24095 0.3651 0.89925
vn -0.35592 0.3651 0.86025
vn -0.1261 0.269 0.95485
vn 0 0.26903 0.96313
vn 0 0.3651 0.93097
vn -0.12189 0.3651 0.92295
vn -0.11631 0.45903 0.88077
vn -0.22993 0.45904 0.85814
vn 0 0.45906 0.8884
vn -0.33965 0.45904 0.82093
vn 0.1261 0.269 0.95485
vn 0.24928 0.269 0.93032
vn 0.24095 0.3651 0.89925
vn 0.12189 0.3651 0.92295
vn 0.36822 0.269 0.88998
vn 0.48157 0.26903 0.8341
vn 0.46549 0.36511 0.80624
vn 0.35592 0.3651 0.86025
vn 0.33965 0.45904 0.82093
vn 0.22993 0.45904 0.85814
vn 0.4442 0.45906 0.76938
vn 0.11631 0.45903 0.88077
vn 0.58664 0.269 0.76387
vn 0.68104 0.269 0.68104
vn 0.65829 0.3651 0.65829
vn 0.56705 0.3651 0.73835
vn 0.76387 0.269 0.58664
vn 0.8341 0.26903 0.48157
vn 0.80624 0.36511 0.46549
vn 0.73835 0.3651 0.56705
vn 0.70461 0.45905 0.54111
vn 0.62821 0.45904 0.62821
vn 0.76938 0.45906 0.4442
vn 0.54111 0.45905 0.70461
vn 0.95485 -0.269 0.1261
vn 0.96313 -0.26903 -0
vn 0.93032 -0.269 0.24928
vn 0.89925 -0.3651 0.24095
vn 0.92295 -0.3651 0.12189
vn 0.93097 -0.3651 -0
vn 0.88998 -0.269 0.36822
vn 0.8341 -0.26903 0.48157
vn 0.80624 -0.36511 0.46549
vn 0.86025 -0.3651 0.35592
vn 0.82093 -0.45904 0.33965
vn 0.85814 -0.45904 0.22993
vn 0.76938 -0.45906 0.4442
vn 0.88077 -0.45903 0.11631
vn 0.8884 -0.45906 -0
vn 0.88077 -0.45903 -0.11631
vn 0.85814 -0.45904 -0.22993
vn 0.89925 -0.3651 -0.24095
vn 0.92295 -0.3651 -0.12189
vn 0.82093 -0.45904 -0.33965
vn 0.76938 -0.45906 -0.4442
vn 0.80624 -0.36511 -0.46549
vn 0.86025 -0.3651 -0.35592
vn 0.88998 -0.269 -0.36822
vn 0.93032 -0.269 -0.24928
vn 0.8341 -0.26903 -0.48157
vn 0.95485 -0.269 -0.1261
vn 0.70461 -0.45905 -0.54111
vn 0.62821 -0.45904 -0.62821
vn 0.65829 -0.3651 -0.65829
vn 0.73835 -0.3651 -0.56705
vn 0.54111 -0.45905 -0.70461
vn 0.4442 -0.45906 -0.76938
vn 0.46549 -0.36511 -0.80624
vn 0.56705 -0.3651 -0.73835
vn 0.58664 -0.269 -0.76387
vn 0.68104 -0.269 -0.68104
vn 0.48157 -0.26903 -0.8341
vn 0.76387 -0.269 -0.58664
vn 0.33965 -0.45904 -0.82093
vn 0.22993 -0.45904 -0.85814
vn 0.24095 -0.3651 -0.89925
vn 0.35592 -0.3651 -0.86025
vn 0.11631 -0.45903 -0.88077
vn 0 -0.45906 -0.8884
vn 0 -0.3651 -0.93097
vn 0.12189 -0.3651 -0.92295
vn 0.1261 -0.269 -0.95485
vn 0.24928 -0.269 -0.93032
vn 0 -0.26903 -0.96313
vn 0.36822 -0.269 -0.88998
vn -0.11631 -0.45903 -0.88077
vn -0.22993 -0.45904 -0.85814
vn -0.24095 -0.3651 -0.89925
vn -0.12189 -0.3651 -0.92295
vn -0.33965 -0.45904 -0.82093
vn -0.4442 -0.45906 -0.76938
vn -0.46549 -0.36511 -0.80624
vn -0.35592 -0.3651 -0.86025
vn -0.36822 -0.269 -0.88998
vn -0.24928 -0.269 -0.93032
vn -0.48157 -0.26903 -0.8341
vn -0.1261 -0.269 -0.95485
vn -0.54111 -0.45905 -0.70461
vn -0.62821 -0.45904 -0.62821
vn -0.65829 -0.3651 -0.65829
vn -0.56705 -0.3651 -0.73835
vn -0.70461 -0.45905 -0.54111
vn -0.76938 -0.45906 -0.4442
vn -0.80624 -0.36511 -0.46549
vn -0.73835 -0.3651 -0.56705
vn -0.76387 -0.269 -0.58664
vn -0.68104 -0.269 -0.68104
vn -0.8341 -0.26903 -0.48157
vn -0.58664 -0.269 -0.76387
vn -0.82093 -0.45904 -0.33965
vn -0.85814 -0.45904 -0.22993
vn -0.89925 -0.3651 -0.24095
vn -0.86025 -0.3651 -0.35592
vn -0.88077 -0.45905 -0.11631
vn -0.8884 -0.45906 -0
vn -0.93096 -0.36513 -0
vn -0.92295 -0.3651 -0.12189
vn -0.95485 -0.269 -0.1261
vn -0.93032 -0.269 -0.24928
vn -0.96313 -0.26903 -0
vn -0.88998 -0.269 -0.36822
vn -0.88077 -0.45903 0.11631
vn -0.85814 -0.45904 0.22993
vn -0.89925 -0.3651 0.24095
vn -0.92295 -0.3651 0.12189
vn -0.82093 -0.45904 0.33965
vn -0.76938 -0.45906 0.4442
vn -0.80624 -0.36511 0.46549
vn -0.86025 -0.3651 0.35592
vn -0.88998 -0.269 0.36822
vn -0.93032 -0.269 0.24928
vn -0.8341 -0.26903 0.48157
vn -0.95485 -0.269 0.1261
vn -0.70461 -0.45905 0.54111
vn -0.62821 -0.45904 0.62821
vn -0.65829 -0.3651 0.65829
vn -0.73835 -0.3651 0.56705
vn -0.54111 -0.45905 0.70461
vn -0.4442 -0.45906 0.76938
vn -0.46549 -0.36511 0.80624
vn -0.56705 -0.3651 0.73835
vn -0.58664 -0.269 0.76387
vn -0.68104 -0.269 0.68104
vn -0.48157 -0.26903 0.8341
vn -0.76387 -0.269 0.58664
vn -0.33965 -0.45904 0.82093
vn -0.22993 -0.45904 0.85814
vn -0.24095 -0.3651 0.89925
vn -0.35592 -0.3651 0.86025
vn -0.11631 -0.45903 0.88077
vn 0 -0.45906 0.8884
vn 0 -0.3651 0.93097
vn -0.12189 -0.3651 0.92295
vn -0.1261 -0.269 0.95485
vn -0.24928 -0.269 0.93032
vn 0 -0.26903 0.96313
vn -0.36822 -0.269 0.88998
vn 0.11631 -0.45903 0.88077
vn 0.22993 -0.45904 0.85814
vn 0.24095 -0.3651 0.89925
vn 0.12189 -0.3651 0.92295
vn 0.33965 -0.45904 0.82093
vn 0.4442 -0.45906 0.76938
vn 0.46549 -0.36511 0.80624
vn 0.35592 -0.3651 0.86025
vn 0.36822 -0.269 0.88998
vn 0.24928 -0.269 0.93032
vn 0.48157 -0.26903 0.8341
vn 0.1261 -0.269 0.95485
vn 0.54111 -0.45905 0.70461
vn 0.62821 -0.45904 0.62821
vn 0.65829 -0.3651 0.65829
vn 0.56705 -0.3651 0.73835
vn 0.70461 -0.45905 0.54111
vn 0.73835 -0.3651 0.56705
vn 0.76387 -0.269 0.58664
vn 0.68104 -0.269 0.68104
vn 0.58664 -0.269 0.76387
vn 0.82655 0.55218 0.10914
vn 0.88077 0.45903 0.11631
vn 0.80534 0.55215 0.21577
vn 0.85814 0.45904 0.22993
vn 0.89925 0.3651 0.24095
vn 0.92295 0.3651 0.12189
vn 0.77039 0.55218 0.31874
vn 0.82093 0.45904 0.33965
vn 0.86025 0.3651 0.35592
vn 0.88998 0.269 0.36822
vn 0.93032 0.269 0.24928
vn 0.95485 0.269 0.1261
vn 0.70683 0.64411 0.29244
vn 0.73887 0.64411 0.19798
vn 0.65714 0.73292 0.17607
vn 0.62864 0.73292 0.26009
vn 0.75835 0.64411 0.10013
vn 0.67447 0.73291 0.08905
vn 0.57718 0.81306 0.07621
vn 0.56238 0.81304 0.15067
vn 0.53796 0.81306 0.22258
vt 0.5 0.67159
vt 0.52083 0.67159
vt 0.52083 0.65449
vt 0.5 0.65449
vt 0.54167 0.67159
vt 0.54167 0.65449
vt 0.54167 0.63861
vt 0.52083 0.63861
vt 0.5 0.63861
vt 0.5625 0.67159
vt 0.5625 0.65449
vt 0.58333 0.67159
vt 0.58333 0.65449
vt 0.58333 0.63861
vt 0.5625 0.63861
vt 0.5625 0.62382
vt 0.54167 0.62382
vt 0.58333 0.62382
vt 0.58333 0.61
vt 0.5625 0.61
vt 0.54167 0.61
vt 0.52083 0.62382
vt 0.5 0.62382
vt 0.52083 0.61
vt 0.5 0.61
vt 0.41667 0.47407
vt 0.4375 0.47407
vt 0.4375 0.46328
vt 0.41667 0.46328
vt 0.45833 0.47407
vt 0.45833 0.46328
vt 0.45833 0.45378
vt 0.4375 0.45378
vt 0.41667 0.45378
vt 0.47917 0.47407
vt 0.47917 0.46328
vt 0.5 0.47407
vt 0.5 0.46328
vt 0.5 0.45378
vt 0.47917 0.45378
vt 0.47917 0.44492
vt 0.45833 0.44492
vt 0.5 0.44492
vt 0.5 0.43588
vt 0.47917 0.43588
vt 0.45833 0.43588
vt 0.4375 0.44492
vt 0.41667 0.44492
vt 0.4375 0.43588
vt 0.41667 0.43588
vt 0.5 0.32841
vt 0.52083 0.32841
vt 0.52083 0.31005
vt 0.5 0.31005
vt 0.54167 0.32841
vt 0.54167 0.31005
vt 0.54167 0.29066
vt 0.52083 0.29066
vt 0.5 0.29066
vt 0.5625 0.32841
vt 0.5625 0.31005
vt 0.58333 0.32841
vt 0.58333 0.31005
vt 0.58333 0.29066
vt 0.5625 0.29066
vt 0.5625 0.27051
vt 0.54167 0.27051
vt 0.58333 0.27051
vt 0.58333 0.24992
vt 0.5625 0.24992
vt 0.54167 0.24992
vt 0.52083 0.27051
vt 0.5 0.27051
vt 0.52083 0.24992
vt 0.5 0.24992
vt 0.52083 0.22916
vt 0.5 0.22916
vt 0.54167 0.22916
vt 0.54167 0.20833
vt 0.52083 0.20833
vt 0.5 0.20833
vt 0.5625 0.22916
vt 0.58333 0.22916
vt 0.58333 0.20833
vt 0.5625 0.20833
vt 0.5625 0.1875
vt 0.54167 0.1875
vt 0.58333 0.1875
vt 0.58333 0.16667
vt 0.5625 0.16667
vt 0.54167 0.16667
vt 0.52083 0.1875
vt 0.5 0.1875
vt 0.52083 0.16667
vt 0.5 0.16667
vt 0.52083 0.14583
vt 0.5 0.14583
vt 0.54167 0.14583
vt 0.54167 0.125
vt 0.52083 0.125
vt 0.5 0.125
vt 0.5625 0.14583
vt 0.58333 0.14583
vt 0.58333 0.125
vt 0.5625 0.125
vt 0.5625 0.10417
vt 0.54167 0.10417
vt 0.58333 0.10417
vt 0.58333 0.08333
vt 0.5625 0.08333
vt 0.54167 0.08333
vt 0.52083 0.10417
vt 0.5 0.10417
vt 0.52083 0.08333
vt 0.5 0.08333
vt 0.52083 0.0625
vt 0.5 0.0625
vt 0.54167 0.0625
vt 0.54167 0.04167
vt 0.52083 0.04167
vt 0.5 0.04167
vt 0.5625 0.0625
vt 0.58333 0.0625
vt 0.58333 0.04167
vt 0.5625 0.04167
vt 0.54167 0.04167
vt 0.5625 0.04167
vt 0.5625 0.02083
vt 0.54167 0.02083
vt 0.58333 0.02083
vt 0.58333 0
vt 0.5625 -0
vt 0.54167 -0
vt 0.52083 0.04167
vt 0.52083 0.02083
vt 0.5 0.02083
vt 0.52083 -0
vt 0.5 0
vt 0.5 1
vt 0.52083 1
vt 0.52083 0.97917
vt 0.5 0.97917
vt 0.54167 1
vt 0.54167 0.97917
vt 0.54167 0.95833
vt 0.52083 0.95833
vt 0.5 0.95833
vt 0.5625 1
vt 0.5625 0.97917
vt 0.58333 1
vt 0.58333 0.97917
vt 0.58333 0.95833
vt 0.5625 0.95833
vt 0.5625 0.9375
vt 0.54167 0.9375
vt 0.58333 0.95833
vt 0.58333 0.9375
vt 0.58333 0.91667
vt 0.5625 0.91667
vt 0.54167 0.91667
vt 0.5 0.95833
vt 0.52083 0.95833
vt 0.52083 0.9375
vt 0.5 0.9375
vt 0.52083 0.91667
vt 0.5 0.91667
vt 0.52083 0.89583
vt 0.5 0.89583
vt 0.54167 0.89583
vt 0.54167 0.875
vt 0.52083 0.875
vt 0.5 0.875
vt 0.5625 0.89583
vt 0.58333 0.89583
vt 0.58333 0.875
vt 0.5625 0.875
vt 0.5625 0.85417
vt 0.54167 0.85417
vt 0.58333 0.85417
vt 0.58333 0.83333
vt 0.5625 0.83333
vt 0.54167 0.83333
vt 0.52083 0.85417
vt 0.5 0.85417
vt 0.52083 0.83333
vt 0.5 0.83333
vt 0.52083 0.8125
vt 0.5 0.8125
vt 0.54167 0.8125
vt 0.54167 0.79167
vt 0.52083 0.79167
vt 0.5 0.79167
vt 0.5625 0.8125
vt 0.58333 0.8125
vt 0.58333 0.79167
vt 0.5625 0.79167
vt 0.5625 0.77084
vt 0.54167 0.77084
vt 0.58333 0.77084
vt 0.58333 0.75008
vt 0.5625 0.75008
vt 0.54167 0.75008
vt 0.52083 0.77084
vt 0.5 0.77084
vt 0.52083 0.75008
vt 0.5 0.75008
vt 0.52083 0.72949
vt 0.5 0.72949
vt 0.54167 0.72949
vt 0.54167 0.70934
vt 0.52083 0.70934
vt 0.5 0.70934
vt 0.5625 0.72949
vt 0.58333 0.72949
vt 0.58333 0.70934
vt 0.5625 0.70934
vt 0.5625 0.68995
vt 0.54167 0.68995
vt 0.58333 0.68995
vt 0.52083 0.68995
vt 0.5 0.68995
vt 0.58333 0.39
vt 0.60417 0.39
vt 0.60417 0.37618
vt 0.58333 0.37618
vt 0.625 0.39
vt 0.625 0.37618
vt 0.625 0.36139
vt 0.60417 0.36139
vt 0.58333 0.36139
vt 0.64583 0.39
vt 0.64583 0.37618
vt 0.66667 0.39
vt 0.66667 0.37618
vt 0.66667 0.36139
vt 0.64583 0.36139
vt 0.64583 0.34551
vt 0.625 0.34551
vt 0.66667 0.34551
vt 0.66667 0.32841
vt 0.64583 0.32841
vt 0.625 0.32841
vt 0.60417 0.34551
vt 0.58333 0.34551
vt 0.60417 0.32841
vt 0.41667 0.67159
vt 0.4375 0.67159
vt 0.4375 0.65449
vt 0.41667 0.65449
vt 0.45833 0.67159
vt 0.45833 0.65449
vt 0.45833 0.63861
vt 0.4375 0.63861
vt 0.41667 0.63861
vt 0.47917 0.67159
vt 0.47917 0.65449
vt 0.47917 0.63861
vt 0.47917 0.62382
vt 0.45833 0.62382
vt 0.47917 0.61
vt 0.45833 0.61
vt 0.4375 0.62382
vt 0.41667 0.62382
vt 0.4375 0.61
vt 0.41667 0.61
vt 0.6875 0.39
vt 0.6875 0.37618
vt 0.70833 0.39
vt 0.70833 0.37618
vt 0.70833 0.36139
vt 0.6875 0.36139
vt 0.72917 0.39
vt 0.72917 0.37618
vt 0.75 0.39
vt 0.75 0.37618
vt 0.75 0.36139
vt 0.72917 0.36139
vt 0.72917 0.34551
vt 0.70833 0.34551
vt 0.75 0.34551
vt 0.75 0.32841
vt 0.72917 0.32841
vt 0.70833 0.32841
vt 0.6875 0.34551
vt 0.6875 0.32841
vt 0.58333 0.47407
vt 0.60417 0.47407
vt 0.60417 0.46328
vt 0.58333 0.46328
vt 0.625 0.47407
vt 0.625 0.46328
vt 0.625 0.45378
vt 0.60417 0.45378
vt 0.58333 0.45378
vt 0.64583 0.47407
vt 0.64583 0.46328
vt 0.66667 0.47407
vt 0.66667 0.46328
vt 0.66667 0.45378
vt 0.64583 0.45378
vt 0.64583 0.44492
vt 0.625 0.44492
vt 0.66667 0.44492
vt 0.66667 0.43588
vt 0.64583 0.43588
vt 0.625 0.43588
vt 0.60417 0.44492
vt 0.58333 0.44492
vt 0.60417 0.43588
vt 0.58333 0.43588
vt 0.60417 0.31005
vt 0.625 0.31005
vt 0.625 0.29066
vt 0.60417 0.29066
vt 0.64583 0.31005
vt 0.66667 0.31005
vt 0.66667 0.29066
vt 0.64583 0.29066
vt 0.64583 0.27051
vt 0.625 0.27051
vt 0.66667 0.27051
vt 0.66667 0.24992
vt 0.64583 0.24992
vt 0.625 0.24992
vt 0.60417 0.27051
vt 0.60417 0.24992
vt 0.60417 0.22916
vt 0.625 0.22916
vt 0.625 0.20833
vt 0.60417 0.20833
vt 0.64583 0.22916
vt 0.66667 0.22916
vt 0.66667 0.20833
vt 0.64583 0.20833
vt 0.64583 0.1875
vt 0.625 0.1875
vt 0.66667 0.1875
vt 0.66667 0.16667
vt 0.64583 0.16667
vt 0.625 0.16667
vt 0.60417 0.1875
vt 0.60417 0.16667
vt 0.60417 0.14583
vt 0.625 0.14583
vt 0.625 0.125
vt 0.60417 0.125
vt 0.64583 0.14583
vt 0.66667 0.14583
vt 0.66667 0.125
vt 0.64583 0.125
vt 0.64583 0.10417
vt 0.625 0.10417
vt 0.66667 0.10417
vt 0.66667 0.08333
vt 0.64583 0.08333
vt 0.625 0.08333
vt 0.60417 0.10417
vt 0.60417 0.08333
vt 0.60417 0.0625
vt 0.625 0.0625
vt 0.625 0.04167
vt 0.60417 0.04167
vt 0.64583 0.0625
vt 0.66667 0.0625
vt 0.66667 0.04167
vt 0.64583 0.04167
vt 0.625 0.04167
vt 0.64583 0.04167
vt 0.64583 0.02083
vt 0.625 0.02083
vt 0.66667 0.04167
vt 0.66667 0.02083
vt 0.66667 0
vt 0.64583 -0
vt 0.625 -0
vt 0.60417 0.04167
vt 0.60417 0.02083
vt 0.60417 -0
vt 0.60417 1
vt 0.60417 0.97917
vt 0.625 1
vt 0.625 0.97917
vt 0.625 0.95833
vt 0.60417 0.95833
vt 0.64583 1
vt 0.64583 0.97917
vt 0.66667 1
vt 0.66667 0.97917
vt 0.66667 0.95833
vt 0.64583 0.95833
vt 0.625 0.95833
vt 0.64583 0.9375
vt 0.625 0.9375
vt 0.66667 0.95833
vt 0.66667 0.9375
vt 0.66667 0.91667
vt 0.64583 0.91667
vt 0.625 0.91667
vt 0.60417 0.95833
vt 0.60417 0.9375
vt 0.60417 0.91667
vt 0.60417 0.89583
vt 0.625 0.89583
vt 0.625 0.875
vt 0.60417 0.875
vt 0.64583 0.89583
vt 0.66667 0.89583
vt 0.66667 0.875
vt 0.64583 0.875
vt 0.64583 0.85417
vt 0.625 0.85417
vt 0.66667 0.85417
vt 0.66667 0.83333
vt 0.64583 0.83333
vt 0.625 0.83333
vt 0.60417 0.85417
vt 0.60417 0.83333
vt 0.60417 0.8125
vt 0.625 0.8125
vt 0.625 0.79167
vt 0.60417 0.79167
vt 0.64583 0.8125
vt 0.66667 0.8125
vt 0.66667 0.79167
vt 0.64583 0.79167
vt 0.64583 0.77084
vt 0.625 0.77084
vt 0.66667 0.77084
vt 0.66667 0.75008
vt 0.64583 0.75008
vt 0.625 0.75008
vt 0.60417 0.77084
vt 0.60417 0.75008
vt 0.60417 0.72949
vt 0.625 0.72949
vt 0.625 0.70934
vt 0.60417 0.70934
vt 0.64583 0.72949
vt 0.66667 0.72949
vt 0.66667 0.70934
vt 0.64583 0.70934
vt 0.64583 0.68995
vt 0.625 0.68995
vt 0.66667 0.68995
vt 0.66667 0.67159
vt 0.64583 0.67159
vt 0.625 0.67159
vt 0.60417 0.68995
vt 0.60417 0.67159
vt 0.58333 0.56412
vt 0.60417 0.56412
vt 0.60417 0.55508
vt 0.58333 0.55508
vt 0.625 0.56412
vt 0.625 0.55508
vt 0.625 0.54622
vt 0.60417 0.54622
vt 0.58333 0.54622
vt 0.64583 0.56412
vt 0.64583 0.55508
vt 0.66667 0.56412
vt 0.66667 0.55508
vt 0.66667 0.54622
vt 0.64583 0.54622
vt 0.64583 0.53672
vt 0.625 0.53672
vt 0.66667 0.53672
vt 0.66667 0.52593
vt 0.64583 0.52593
vt 0.625 0.52593
vt 0.60417 0.53672
vt 0.58333 0.53672
vt 0.60417 0.52593
vt 0.58333 0.52593
vt 0.6875 0.67159
vt 0.6875 0.65449
vt 0.66667 0.65449
vt 0.70833 0.67159
vt 0.70833 0.65449
vt 0.70833 0.63861
vt 0.6875 0.63861
vt 0.66667 0.63861
vt 0.72917 0.67159
vt 0.72917 0.65449
vt 0.75 0.67159
vt 0.75 0.65449
vt 0.75 0.63861
vt 0.72917 0.63861
vt 0.72917 0.62382
vt 0.70833 0.62382
vt 0.75 0.62382
vt 0.75 0.61
vt 0.72917 0.61
vt 0.70833 0.61
vt 0.6875 0.62382
vt 0.66667 0.62382
vt 0.6875 0.61
vt 0.66667 0.61
vt 0.77083 0.39
vt 0.77083 0.37618
vt 0.79167 0.39
vt 0.79167 0.37618
vt 0.79167 0.36139
vt 0.77083 0.36139
vt 0.8125 0.39
vt 0.8125 0.37618
vt 0.83333 0.39
vt 0.83333 0.37618
vt 0.83333 0.36139
vt 0.8125 0.36139
vt 0.8125 0.34551
vt 0.79167 0.34551
vt 0.83333 0.34551
vt 0.83333 0.32841
vt 0.8125 0.32841
vt 0.79167 0.32841
vt 0.77083 0.34551
vt 0.77083 0.32841
vt 0.6875 0.47407
vt 0.6875 0.46328
vt 0.70833 0.47407
vt 0.70833 0.46328
vt 0.70833 0.45378
vt 0.6875 0.45378
vt 0.72917 0.47407
vt 0.72917 0.46328
vt 0.75 0.47407
vt 0.75 0.46328
vt 0.75 0.45378
vt 0.72917 0.45378
vt 0.72917 0.44492
vt 0.70833 0.44492
vt 0.75 0.44492
vt 0.75 0.43588
vt 0.72917 0.43588
vt 0.70833 0.43588
vt 0.6875 0.44492
vt 0.6875 0.43588
vt 0.6875 0.31005
vt 0.70833 0.31005
vt 0.70833 0.29066
vt 0.6875 0.29066
vt 0.72917 0.31005
vt 0.75 0.31005
vt 0.75 0.29066
vt 0.72917 0.29066
vt 0.72917 0.27051
vt 0.70833 0.27051
vt 0.75 0.27051
vt 0.75 0.24992
vt 0.72917 0.24992
vt 0.70833 0.24992
vt 0.6875 0.27051
vt 0.6875 0.24992
vt 0.6875 0.22916
vt 0.70833 0.22916
vt 0.70833 0.20833
vt 0.6875 0.20833
vt 0.72917 0.22916
vt 0.75 0.22916
vt 0.75 0.20833
vt 0.72917 0.20833
vt 0.72917 0.1875
vt 0.70833 0.1875
vt 0.75 0.1875
vt 0.75 0.16667
vt 0.72917 0.16667
vt 0.70833 0.16667
vt 0.6875 0.1875
vt 0.6875 0.16667
vt 0.6875 0.14583
vt 0.70833 0.14583
vt 0.70833 0.125
vt 0.6875 0.125
vt 0.72917 0.14583
vt 0.75 0.14583
vt 0.75 0.125
vt 0.72917 0.125
vt 0.72917 0.10417
vt 0.70833 0.10417
vt 0.75 0.10417
vt 0.75 0.08333
vt 0.72917 0.08333
vt 0.70833 0.08333
vt 0.6875 0.10417
vt 0.6875 0.08333
vt 0.6875 0.0625
vt 0.70833 0.0625
vt 0.70833 0.04167
vt 0.6875 0.04167
vt 0.72917 0.0625
vt 0.75 0.0625
vt 0.75 0.04167
vt 0.72917 0.04167
vt 0.70833 0.04167
vt 0.72917 0.04167
vt 0.72917 0.02083
vt 0.70833 0.02083
vt 0.75 0.04167
vt 0.75 0.02083
vt 0.75 0
vt 0.72917 -0
vt 0.70833 -0
vt 0.6875 0.04167
vt 0.6875 0.02083
vt 0.6875 -0
vt 0.6875 1
vt 0.6875 0.97917
vt 0.70833 1
vt 0.70833 0.97917
vt 0.70833 0.95833
vt 0.6875 0.95833
vt 0.72917 1
vt 0.72917 0.97917
vt 0.75 1
vt 0.75 0.97917
vt 0.75 0.95833
vt 0.72917 0.95833
vt 0.70833 0.95833
vt 0.72917 0.95833
vt 0.72917 0.9375
vt 0.70833 0.9375
vt 0.75 0.9375
vt 0.75 0.91667
vt 0.72917 0.91667
vt 0.70833 0.91667
vt 0.6875 0.95833
vt 0.6875 0.9375
vt 0.6875 0.91667
vt 0.6875 0.89583
vt 0.70833 0.89583
vt 0.70833 0.875
vt 0.6875 0.875
vt 0.72917 0.89583
vt 0.75 0.89583
vt 0.75 0.875
vt 0.72917 0.875
vt 0.72917 0.85417
vt 0.70833 0.85417
vt 0.75 0.85417
vt 0.75 0.83333
vt 0.72917 0.83333
vt 0.70833 0.83333
vt 0.6875 0.85417
vt 0.6875 0.83333
vt 0.6875 0.8125
vt 0.70833 0.8125
vt 0.70833 0.79167
vt 0.6875 0.79167
vt 0.72917 0.8125
vt 0.75 0.8125
vt 0.75 0.79167
vt 0.72917 0.79167
vt 0.72917 0.77084
vt 0.70833 0.77084
vt 0.75 0.77084
vt 0.75 0.75008
vt 0.72917 0.75008
vt 0.70833 0.75008
vt 0.6875 0.77084
vt 0.6875 0.75008
vt 0.6875 0.72949
vt 0.70833 0.72949
vt 0.70833 0.70934
vt 0.6875 0.70934
vt 0.72917 0.72949
vt 0.75 0.72949
vt 0.75 0.70934
vt 0.72917 0.70934
vt 0.72917 0.68995
vt 0.70833 0.68995
vt 0.75 0.68995
vt 0.6875 0.68995
vt 0.6875 0.56412
vt 0.6875 0.55508
vt 0.70833 0.56412
vt 0.70833 0.55508
vt 0.70833 0.54622
vt 0.6875 0.54622
vt 0.72917 0.56412
vt 0.72917 0.55508
vt 0.75 0.56412
vt 0.75 0.55508
vt 0.75 0.54622
vt 0.72917 0.54622
vt 0.72917 0.53672
vt 0.70833 0.53672
vt 0.75 0.53672
vt 0.75 0.52593
vt 0.72917 0.52593
vt 0.70833 0.52593
vt 0.6875 0.53672
vt 0.6875 0.52593
vt 0.77083 0.67159
vt 0.77083 0.65449
vt 0.79167 0.67159
vt 0.79167 0.65449
vt 0.79167 0.63861
vt 0.77083 0.63861
vt 0.8125 0.67159
vt 0.8125 0.65449
vt 0.83333 0.67159
vt 0.83333 0.65449
vt 0.83333 0.63861
vt 0.8125 0.63861
vt 0.8125 0.62382
vt 0.79167 0.62382
vt 0.83333 0.62382
vt 0.83333 0.61
vt 0.8125 0.61
vt 0.79167 0.61
vt 0.77083 0.62382
vt 0.77083 0.61
vt 0.85417 0.39
vt 0.85417 0.37618
vt 0.875 0.39
vt 0.875 0.37618
vt 0.875 0.36139
vt 0.85417 0.36139
vt 0.89583 0.39001
vt 0.89583 0.37618
vt 0.91667 0.39003
vt 0.91667 0.3762
vt 0.91667 0.36142
vt 0.89583 0.3614
vt 0.89583 0.34551
vt 0.875 0.34551
vt 0.91667 0.34554
vt 0.91667 0.32845
vt 0.89583 0.32841
vt 0.875 0.32841
vt 0.85417 0.34551
vt 0.85417 0.32841
vt 0.77083 0.47407
vt 0.77083 0.46328
vt 0.79167 0.47407
vt 0.79167 0.46328
vt 0.79167 0.45378
vt 0.77083 0.45378
vt 0.8125 0.47407
vt 0.8125 0.46328
vt 0.83333 0.47407
vt 0.83333 0.46328
vt 0.83333 0.45378
vt 0.8125 0.45378
vt 0.8125 0.44492
vt 0.79167 0.44492
vt 0.83333 0.44492
vt 0.83333 0.43588
vt 0.8125 0.43588
vt 0.79167 0.43588
vt 0.77083 0.44492
vt 0.77083 0.43588
vt 0.77083 0.31005
vt 0.79167 0.31005
vt 0.79167 0.29066
vt 0.77083 0.29066
vt 0.8125 0.31005
vt 0.83333 0.31005
vt 0.83333 0.29066
vt 0.8125 0.29066
vt 0.8125 0.27051
vt 0.79167 0.27051
vt 0.83333 0.27051
vt 0.83333 0.24992
vt 0.8125 0.24992
vt 0.79167 0.24992
vt 0.77083 0.27051
vt 0.77083 0.24992
vt 0.77083 0.22916
vt 0.79167 0.22916
vt 0.79167 0.20833
vt 0.77083 0.20833
vt 0.8125 0.22916
vt 0.83333 0.22916
vt 0.83333 0.20833
vt 0.8125 0.20833
vt 0.8125 0.1875
vt 0.79167 0.1875
vt 0.83333 0.1875
vt 0.83333 0.16667
vt 0.8125 0.16667
vt 0.79167 0.16667
vt 0.77083 0.1875
vt 0.77083 0.16667
vt 0.77083 0.14583
vt 0.79167 0.14583
vt 0.79167 0.125
vt 0.77083 0.125
vt 0.8125 0.14583
vt 0.83333 0.14583
vt 0.83333 0.125
vt 0.8125 0.125
vt 0.8125 0.10417
vt 0.79167 0.10417
vt 0.83333 0.10417
vt 0.83333 0.08333
vt 0.8125 0.08333
vt 0.79167 0.08333
vt 0.77083 0.10417
vt 0.77083 0.08333
vt 0.77083 0.0625
vt 0.79167 0.0625
vt 0.79167 0.04167
vt 0.77083 0.04167
vt 0.8125 0.0625
vt 0.83333 0.0625
vt 0.83333 0.04167
vt 0.8125 0.04167
vt 0.79167 0.04167
vt 0.8125 0.04167
vt 0.8125 0.02083
vt 0.79167 0.02083
vt 0.83333 0.04167
vt 0.83333 0.02083
vt 0.83333 0
vt 0.8125 -0
vt 0.79167 -0
vt 0.77083 0.04167
vt 0.77083 0.02083
vt 0.77083 -0
vt 0.77083 1
vt 0.77083 0.97917
vt 0.79167 1
vt 0.79167 0.97917
vt 0.79167 0.95833
vt 0.77083 0.95833
vt 0.8125 1
vt 0.8125 0.97917
vt 0.83333 1
vt 0.83333 0.97917
vt 0.83333 0.95833
vt 0.8125 0.95833
vt 0.79167 0.95833
vt 0.8125 0.95833
vt 0.8125 0.9375
vt 0.79167 0.9375
vt 0.83333 0.95833
vt 0.83333 0.9375
vt 0.83333 0.91667
vt 0.8125 0.91667
vt 0.79167 0.91667
vt 0.77083 0.95833
vt 0.77083 0.9375
vt 0.77083 0.91667
vt 0.77083 0.89583
vt 0.79167 0.89583
vt 0.79167 0.875
vt 0.77083 0.875
vt 0.8125 0.89583
vt 0.83333 0.89583
vt 0.83333 0.875
vt 0.8125 0.875
vt 0.8125 0.85417
vt 0.79167 0.85417
vt 0.83333 0.85417
vt 0.83333 0.83333
vt 0.8125 0.83333
vt 0.79167 0.83333
vt 0.77083 0.85417
vt 0.77083 0.83333
vt 0.77083 0.8125
vt 0.79167 0.8125
vt 0.79167 0.79167
vt 0.77083 0.79167
vt 0.8125 0.8125
vt 0.83333 0.8125
vt 0.83333 0.79167
vt 0.8125 0.79167
vt 0.8125 0.77084
vt 0.79167 0.77084
vt 0.83333 0.77084
vt 0.83333 0.75008
vt 0.8125 0.75008
vt 0.79167 0.75008
vt 0.77083 0.77084
vt 0.77083 0.75008
vt 0.77083 0.72949
vt 0.79167 0.72949
vt 0.79167 0.70934
vt 0.77083 0.70934
vt 0.8125 0.72949
vt 0.83333 0.72949
vt 0.83333 0.70934
vt 0.8125 0.70934
vt 0.8125 0.68995
vt 0.79167 0.68995
vt 0.83333 0.68995
vt 0.77083 0.68995
vt 0.77083 0.56412
vt 0.77083 0.55508
vt 0.79167 0.56412
vt 0.79167 0.55508
vt 0.79167 0.54622
vt 0.77083 0.54622
vt 0.8125 0.56412
vt 0.8125 0.55508
vt 0.83333 0.56412
vt 0.83333 0.55508
vt 0.83333 0.54622
vt 0.8125 0.54622
vt 0.8125 0.53672
vt 0.79167 0.53672
vt 0.83333 0.53672
vt 0.83333 0.52593
vt 0.8125 0.52593
vt 0.79167 0.52593
vt 0.77083 0.53672
vt 0.77083 0.52593
vt 0.85417 0.67159
vt 0.85417 0.65449
vt 0.875 0.67159
vt 0.875 0.65449
vt 0.875 0.63861
vt 0.85417 0.63861
vt 0.89583 0.67159
vt 0.89583 0.65449
vt 0.91667 0.67155
vt 0.91667 0.65446
vt 0.91667 0.63858
vt 0.89583 0.6386
vt 0.89583 0.62382
vt 0.875 0.62382
vt 0.91667 0.6238
vt 0.91667 0.60997
vt 0.89583 0.60999
vt 0.875 0.61
vt 0.85417 0.62382
vt 0.85417 0.61
vt 0.9375 0.3901
vt 0.9375 0.37628
vt 0.95833 0.39034
vt 0.95833 0.3765
vt 0.95833 0.36175
vt 0.9375 0.3615
vt 0.97917 0.39091
vt 0.97917 0.37696
vt 0.95833 0.3765
vt 1 0.3924
vt 1 0.37763
vt 1 0.36287
vt 0.97917 0.36224
vt 0.95833 0.36175
vt 0.97917 0.34687
vt 0.95833 0.34605
vt 1 0.3481
vt 1 0.33333
vt 0.97917 0.33021
vt 0.95833 0.32906
vt 0.9375 0.34566
vt 0.95833 0.34605
vt 0.95833 0.32906
vt 0.9375 0.32859
vt 0.85417 0.47407
vt 0.85417 0.46328
vt 0.875 0.47407
vt 0.875 0.46328
vt 0.875 0.45378
vt 0.85417 0.45378
vt 0.89583 0.47406
vt 0.89583 0.46327
vt 0.91667 0.474
vt 0.91667 0.46322
vt 0.91667 0.45377
vt 0.89583 0.45378
vt 0.89583 0.44492
vt 0.875 0.44492
vt 0.91667 0.44494
vt 0.91667 0.43591
vt 0.89583 0.43588
vt 0.875 0.43588
vt 0.85417 0.44492
vt 0.85417 0.43588
vt 0.85417 0.31005
vt 0.875 0.31005
vt 0.875 0.29066
vt 0.85417 0.29066
vt 0.89583 0.31006
vt 0.91667 0.31009
vt 0.91667 0.29067
vt 0.89583 0.29066
vt 0.89583 0.27051
vt 0.875 0.27051
vt 0.91667 0.27051
vt 0.91667 0.24992
vt 0.89583 0.24992
vt 0.875 0.24992
vt 0.85417 0.27051
vt 0.85417 0.24992
vt 0.85417 0.22916
vt 0.875 0.22916
vt 0.875 0.20833
vt 0.85417 0.20833
vt 0.89583 0.22916
vt 0.91667 0.22916
vt 0.91667 0.20833
vt 0.89583 0.20833
vt 0.89583 0.1875
vt 0.875 0.1875
vt 0.91667 0.1875
vt 0.91667 0.16667
vt 0.89583 0.16667
vt 0.875 0.16667
vt 0.85417 0.1875
vt 0.85417 0.16667
vt 0.85417 0.14583
vt 0.875 0.14583
vt 0.875 0.125
vt 0.85417 0.125
vt 0.89583 0.14583
vt 0.91667 0.14583
vt 0.91667 0.125
vt 0.89583 0.125
vt 0.89583 0.10417
vt 0.875 0.10417
vt 0.91667 0.10417
vt 0.91667 0.08333
vt 0.89583 0.08333
vt 0.875 0.08333
vt 0.85417 0.10417
vt 0.85417 0.08333
vt 0.85417 0.0625
vt 0.875 0.0625
vt 0.875 0.04167
vt 0.85417 0.04167
vt 0.89583 0.0625
vt 0.91667 0.0625
vt 0.91667 0.04167
vt 0.89583 0.04167
vt 0.875 0.04167
vt 0.89583 0.04167
vt 0.89583 0.02083
vt 0.875 0.02083
vt 0.91667 0.02083
vt 0.91667 0
vt 0.89583 -0
vt 0.875 -0
vt 0.85417 0.04167
vt 0.85417 0.02083
vt 0.85417 -0
vt 0.85417 1
vt 0.85417 0.97917
vt 0.875 1
vt 0.875 0.97917
vt 0.875 0.95833
vt 0.85417 0.95833
vt 0.89583 1
vt 0.89583 0.97917
vt 0.91667 1
vt 0.91667 0.97917
vt 0.91667 0.95833
vt 0.89583 0.95833
vt 0.875 0.95833
vt 0.89583 0.95833
vt 0.89583 0.9375
vt 0.875 0.9375
vt 0.91667 0.9375
vt 0.91667 0.91667
vt 0.89583 0.91667
vt 0.875 0.91667
vt 0.85417 0.95833
vt 0.85417 0.9375
vt 0.85417 0.91667
vt 0.85417 0.89583
vt 0.875 0.89583
vt 0.875 0.875
vt 0.85417 0.875
vt 0.89583 0.89583
vt 0.91667 0.89583
vt 0.91667 0.875
vt 0.89583 0.875
vt 0.89583 0.85417
vt 0.875 0.85417
vt 0.91667 0.85417
vt 0.91667 0.83333
vt 0.89583 0.83333
vt 0.875 0.83333
vt 0.85417 0.85417
vt 0.85417 0.83333
vt 0.85417 0.8125
vt 0.875 0.8125
vt 0.875 0.79167
vt 0.85417 0.79167
vt 0.89583 0.8125
vt 0.91667 0.8125
vt 0.91667 0.79167
vt 0.89583 0.79167
vt 0.89583 0.77084
vt 0.875 0.77084
vt 0.91667 0.77084
vt 0.91667 0.75008
vt 0.89583 0.75008
vt 0.875 0.75008
vt 0.85417 0.77084
vt 0.85417 0.75008
vt 0.85417 0.72949
vt 0.875 0.72949
vt 0.875 0.70934
vt 0.85417 0.70934
vt 0.89583 0.72949
vt 0.91667 0.72949
vt 0.91667 0.70933
vt 0.89583 0.70934
vt 0.89583 0.68994
vt 0.875 0.68995
vt 0.91667 0.68991
vt 0.85417 0.68995
vt 0.85417 0.56412
vt 0.85417 0.55508
vt 0.875 0.56412
vt 0.875 0.55508
vt 0.875 0.54622
vt 0.85417 0.54622
vt 0.89583 0.56412
vt 0.89583 0.55508
vt 0.91667 0.56409
vt 0.91667 0.55506
vt 0.91667 0.54623
vt 0.89583 0.54622
vt 0.89583 0.53673
vt 0.875 0.53672
vt 0.91667 0.53678
vt 0.91667 0.526
vt 0.89583 0.52594
vt 0.875 0.52593
vt 0.85417 0.53672
vt 0.85417 0.52593
vt 0.9375 0.67141
vt 0.9375 0.65434
vt 0.95833 0.67094
vt 0.95833 0.65395
vt 0.95833 0.63825
vt 0.9375 0.6385
vt 0.95833 0.67094
vt 0.97917 0.66979
vt 0.97917 0.65313
vt 0.95833 0.65395
vt 1 0.66667
vt 1 0.6519
vt 1 0.63713
vt 0.97917 0.63776
vt 0.95833 0.63825
vt 0.97917 0.62304
vt 0.95833 0.6235
vt 1 0.62237
vt 1 0.6076
vt 0.97917 0.60909
vt 0.95833 0.60966
vt 0.9375 0.62372
vt 0.95833 0.6235
vt 0.9375 0.6099
vt 0 0.3924
vt 0.02083 0.39091
vt 0.02083 0.37696
vt 0 0.37763
vt 0.04167 0.39034
vt 0.04167 0.3765
vt 0.04167 0.36175
vt 0.02083 0.36224
vt 0 0.36287
vt 0.0625 0.3901
vt 0.0625 0.37628
vt 0.04167 0.3765
vt 0.08333 0.39003
vt 0.08333 0.3762
vt 0.08333 0.36142
vt 0.0625 0.3615
vt 0.04167 0.36175
vt 0.0625 0.34566
vt 0.04167 0.34605
vt 0.08333 0.34554
vt 0.08333 0.32845
vt 0.0625 0.32859
vt 0.04167 0.32906
vt 0.02083 0.34687
vt 0 0.3481
vt 0.04167 0.34605
vt 0.04167 0.32906
vt 0.02083 0.33021
vt 0 0.33333
vt 0.9375 0.47377
vt 0.9375 0.46305
vt 0.95833 0.47296
vt 0.95833 0.46245
vt 0.95833 0.45357
vt 0.9375 0.45372
vt 0.95833 0.47296
vt 0.97917 0.47098
vt 0.97917 0.46115
vt 0.95833 0.46245
vt 1 0.46542
vt 1 0.45916
vt 1 0.4529
vt 0.97917 0.45328
vt 0.95833 0.45357
vt 0.97917 0.44578
vt 0.95833 0.44524
vt 1 0.44664
vt 1 0.44038
vt 0.97917 0.43749
vt 0.95833 0.43646
vt 0.9375 0.445
vt 0.95833 0.44524
vt 0.9375 0.43604
vt 0.9375 0.3102
vt 0.95833 0.31055
vt 0.95833 0.2909
vt 0.9375 0.29073
vt 0.97917 0.31133
vt 0.95833 0.31055
vt 1 0.3125
vt 1 0.29167
vt 0.97917 0.29123
vt 0.95833 0.2909
vt 0.97917 0.2707
vt 0.95833 0.27059
vt 1 0.27083
vt 1 0.25
vt 0.97917 0.24997
vt 0.95833 0.24994
vt 0.9375 0.27054
vt 0.95833 0.27059
vt 0.9375 0.24992
vt 0.9375 0.22916
vt 0.95833 0.22916
vt 0.95833 0.20833
vt 0.9375 0.20833
vt 0.97917 0.22916
vt 0.95833 0.22916
vt 1 0.22917
vt 1 0.20833
vt 0.97917 0.20833
vt 0.95833 0.20833
vt 0.97917 0.1875
vt 0.95833 0.1875
vt 1 0.1875
vt 1 0.16667
vt 0.97917 0.16667
vt 0.95833 0.16667
vt 0.9375 0.1875
vt 0.95833 0.1875
vt 0.95833 0.16667
vt 0.9375 0.16667
vt 0.9375 0.14583
vt 0.95833 0.14583
vt 0.95833 0.125
vt 0.9375 0.125
vt 0.97917 0.14583
vt 0.95833 0.14583
vt 1 0.14583
vt 1 0.125
vt 0.97917 0.125
vt 0.95833 0.125
vt 0.97917 0.10417
vt 0.95833 0.10417
vt 1 0.10417
vt 1 0.08333
vt 0.97917 0.08333
vt 0.95833 0.08333
vt 0.9375 0.10417
vt 0.95833 0.10417
vt 0.9375 0.08333
vt 0.9375 0.0625
vt 0.95833 0.0625
vt 0.95833 0.04167
vt 0.9375 0.04167
vt 0.97917 0.0625
vt 0.95833 0.0625
vt 1 0.0625
vt 1 0.04167
vt 0.97917 0.04167
vt 0.95833 0.04167
vt 0.97917 0.02083
vt 0.95833 0.02083
vt 1 0.02083
vt 1 -0
vt 0.97917 -0
vt 0.95833 -0
vt 0.9375 0.04167
vt 0.9375 0.02083
vt 0.9375 -0
vt 0.9375 1
vt 0.9375 0.97917
vt 0.95833 1
vt 0.95833 0.97917
vt 0.95833 0.95833
vt 0.9375 0.95833
vt 0.97917 1
vt 0.97917 0.97917
vt 1 1
vt 1 0.97917
vt 1 0.95833
vt 0.97917 0.95833
vt 0.97917 0.9375
vt 0.95833 0.9375
vt 1 0.9375
vt 1 0.91667
vt 0.97917 0.91667
vt 0.95833 0.91667
vt 0.9375 0.95833
vt 0.9375 0.9375
vt 0.95833 0.95833
vt 0.95833 0.9375
vt 0.9375 0.91667
vt 0.9375 0.89583
vt 0.95833 0.89583
vt 0.95833 0.875
vt 0.9375 0.875
vt 0.97917 0.89583
vt 0.95833 0.89583
vt 1 0.89583
vt 1 0.875
vt 0.97917 0.875
vt 0.95833 0.875
vt 0.97917 0.85417
vt 0.95833 0.85417
vt 1 0.85417
vt 1 0.83333
vt 0.97917 0.83333
vt 0.95833 0.83333
vt 0.9375 0.85417
vt 0.95833 0.85417
vt 0.9375 0.83333
vt 0.9375 0.8125
vt 0.95833 0.8125
vt 0.95833 0.79167
vt 0.9375 0.79167
vt 0.97917 0.8125
vt 0.95833 0.8125
vt 1 0.8125
vt 1 0.79167
vt 0.97917 0.79167
vt 0.95833 0.79167
vt 0.97917 0.77084
vt 0.95833 0.77084
vt 1 0.77083
vt 1 0.75
vt 0.97917 0.75003
vt 0.95833 0.75006
vt 0.9375 0.77084
vt 0.95833 0.77084
vt 0.9375 0.75008
vt 0.9375 0.72946
vt 0.95833 0.72941
vt 0.95833 0.7091
vt 0.9375 0.70927
vt 0.97917 0.7293
vt 0.95833 0.72941
vt 1 0.72917
vt 1 0.70833
vt 0.97917 0.70877
vt 0.95833 0.7091
vt 0.97917 0.68867
vt 0.95833 0.68945
vt 1 0.6875
vt 0.9375 0.6898
vt 0.95833 0.68945
vt 0.9375 0.56396
vt 0.9375 0.555
vt 0.95833 0.56354
vt 0.95833 0.55476
vt 0.95833 0.54643
vt 0.9375 0.54628
vt 0.97917 0.56251
vt 0.97917 0.55422
vt 0.95833 0.55476
vt 1 0.55962
vt 1 0.55336
vt 1 0.5471
vt 0.97917 0.54672
vt 0.95833 0.54643
vt 0.97917 0.53885
vt 0.95833 0.53755
vt 1 0.54084
vt 1 0.53458
vt 0.97917 0.52902
vt 0.95833 0.52704
vt 0.9375 0.53695
vt 0.95833 0.53755
vt 0.95833 0.52704
vt 0.9375 0.52623
vt 0 0.66667
vt 0.02083 0.66979
vt 0.02083 0.65313
vt 0 0.6519
vt 0.04167 0.67094
vt 0.04167 0.65395
vt 0.04167 0.63825
vt 0.02083 0.63776
vt 0 0.63713
vt 0.04167 0.67094
vt 0.0625 0.67141
vt 0.0625 0.65434
vt 0.04167 0.65395
vt 0.08333 0.67155
vt 0.08333 0.65446
vt 0.08333 0.63858
vt 0.0625 0.6385
vt 0.04167 0.63825
vt 0.0625 0.62372
vt 0.04167 0.6235
vt 0.08333 0.6238
vt 0.08333 0.60997
vt 0.0625 0.6099
vt 0.04167 0.60966
vt 0.02083 0.62304
vt 0 0.62237
vt 0.04167 0.6235
vt 0.04167 0.60966
vt 0.02083 0.60909
vt 0 0.6076
vt 0.10417 0.39001
vt 0.10417 0.37618
vt 0.125 0.39
vt 0.125 0.37618
vt 0.125 0.36139
vt 0.10417 0.3614
vt 0.14583 0.39
vt 0.14583 0.37618
vt 0.16667 0.39
vt 0.16667 0.37618
vt 0.16667 0.36139
vt 0.14583 0.36139
vt 0.14583 0.34551
vt 0.125 0.34551
vt 0.16667 0.34551
vt 0.16667 0.32841
vt 0.14583 0.32841
vt 0.125 0.32841
vt 0.10417 0.34551
vt 0.10417 0.32841
vt 0 0.46542
vt 0.02083 0.47098
vt 0.02083 0.46115
vt 0 0.45916
vt 0.04167 0.47296
vt 0.04167 0.46245
vt 0.04167 0.45357
vt 0.02083 0.45328
vt 0 0.4529
vt 0.0625 0.47377
vt 0.0625 0.46305
vt 0.04167 0.46245
vt 0.08333 0.474
vt 0.08333 0.46322
vt 0.08333 0.45377
vt 0.0625 0.45372
vt 0.04167 0.45357
vt 0.0625 0.445
vt 0.04167 0.44524
vt 0.08333 0.44494
vt 0.08333 0.43591
vt 0.0625 0.43604
vt 0.04167 0.43646
vt 0.02083 0.44578
vt 0 0.44664
vt 0.04167 0.44524
vt 0.04167 0.43646
vt 0.02083 0.43749
vt 0 0.44038
vt 0.02083 0.31133
vt 0 0.3125
vt 0.04167 0.31055
vt 0.04167 0.2909
vt 0.02083 0.29123
vt 0 0.29167
vt 0.0625 0.3102
vt 0.04167 0.31055
vt 0.08333 0.31009
vt 0.08333 0.29067
vt 0.0625 0.29073
vt 0.04167 0.2909
vt 0.0625 0.27054
vt 0.04167 0.27059
vt 0.08333 0.27051
vt 0.08333 0.24992
vt 0.0625 0.24992
vt 0.04167 0.24994
vt 0.02083 0.2707
vt 0 0.27083
vt 0.04167 0.27059
vt 0.04167 0.24994
vt 0.02083 0.24997
vt 0 0.25
vt 0.02083 0.22916
vt 0 0.22917
vt 0.04167 0.22916
vt 0.04167 0.20833
vt 0.02083 0.20833
vt 0 0.20833
vt 0.0625 0.22916
vt 0.04167 0.22916
vt 0.08333 0.22916
vt 0.08333 0.20833
vt 0.0625 0.20833
vt 0.04167 0.20833
vt 0.0625 0.1875
vt 0.04167 0.1875
vt 0.08333 0.1875
vt 0.08333 0.16667
vt 0.0625 0.16667
vt 0.04167 0.16667
vt 0.02083 0.1875
vt 0 0.1875
vt 0.04167 0.1875
vt 0.04167 0.16667
vt 0.02083 0.16667
vt 0 0.16667
vt 0.02083 0.14583
vt 0 0.14583
vt 0.04167 0.14583
vt 0.04167 0.125
vt 0.02083 0.125
vt 0 0.125
vt 0.0625 0.14583
vt 0.04167 0.14583
vt 0.08333 0.14583
vt 0.08333 0.125
vt 0.0625 0.125
vt 0.04167 0.125
vt 0.0625 0.10417
vt 0.04167 0.10417
vt 0.08333 0.10417
vt 0.08333 0.08333
vt 0.0625 0.08333
vt 0.04167 0.08333
vt 0.02083 0.10417
vt 0 0.10417
vt 0.04167 0.10417
vt 0.04167 0.08333
vt 0.02083 0.08333
vt 0 0.08333
vt 0.02083 0.0625
vt 0 0.0625
vt 0.04167 0.0625
vt 0.04167 0.04167
vt 0.02083 0.04167
vt 0 0.04167
vt 0.0625 0.0625
vt 0.04167 0.0625
vt 0.08333 0.0625
vt 0.08333 0.04167
vt 0.0625 0.04167
vt 0.04167 0.04167
vt 0.0625 0.04167
vt 0.0625 0.02083
vt 0.04167 0.02083
vt 0.08333 0.04167
vt 0.08333 0.02083
vt 0.08333 0
vt 0.0625 -0
vt 0.04167 -0
vt 0.02083 0.02083
vt 0 0.02083
vt 0.02083 -0
vt 0 -0
vt 0 1
vt 0.02083 1
vt 0.02083 0.97917
vt 0 0.97917
vt 0.04167 1
vt 0.04167 0.97917
vt 0.04167 0.95833
vt 0.02083 0.95833
vt 0 0.95833
vt 0.0625 1
vt 0.0625 0.97917
vt 0.08333 1
vt 0.08333 0.97917
vt 0.08333 0.95833
vt 0.0625 0.95833
vt 0.0625 0.95833
vt 0.0625 0.9375
vt 0.04167 0.9375
vt 0.08333 0.95833
vt 0.08333 0.9375
vt 0.08333 0.91667
vt 0.0625 0.91667
vt 0.04167 0.91667
vt 0.02083 0.9375
vt 0 0.9375
vt 0.04167 0.9375
vt 0.04167 0.91667
vt 0.02083 0.91667
vt 0 0.91667
vt 0.02083 0.89583
vt 0 0.89583
vt 0.04167 0.89583
vt 0.04167 0.875
vt 0.02083 0.875
vt 0 0.875
vt 0.0625 0.89583
vt 0.04167 0.89583
vt 0.08333 0.89583
vt 0.08333 0.875
vt 0.0625 0.875
vt 0.04167 0.875
vt 0.0625 0.85417
vt 0.04167 0.85417
vt 0.08333 0.85417
vt 0.08333 0.83333
vt 0.0625 0.83333
vt 0.04167 0.83333
vt 0.02083 0.85417
vt 0 0.85417
vt 0.04167 0.85417
vt 0.04167 0.83333
vt 0.02083 0.83333
vt 0 0.83333
vt 0.02083 0.8125
vt 0 0.8125
vt 0.04167 0.8125
vt 0.04167 0.79167
vt 0.02083 0.79167
vt 0 0.79167
vt 0.0625 0.8125
vt 0.04167 0.8125
vt 0.08333 0.8125
vt 0.08333 0.79167
vt 0.0625 0.79167
vt 0.04167 0.79167
vt 0.0625 0.77084
vt 0.04167 0.77084
vt 0.08333 0.77084
vt 0.08333 0.75008
vt 0.0625 0.75008
vt 0.04167 0.75006
vt 0.02083 0.77084
vt 0 0.77083
vt 0.04167 0.77084
vt 0.04167 0.75006
vt 0.02083 0.75003
vt 0 0.75
vt 0.02083 0.7293
vt 0 0.72917
vt 0.04167 0.72941
vt 0.04167 0.7091
vt 0.02083 0.70877
vt 0 0.70833
vt 0.0625 0.72946
vt 0.04167 0.72941
vt 0.08333 0.72949
vt 0.08333 0.70933
vt 0.0625 0.70927
vt 0.04167 0.7091
vt 0.0625 0.6898
vt 0.04167 0.68945
vt 0.08333 0.68991
vt 0.02083 0.68867
vt 0 0.6875
vt 0.04167 0.68945
vt 0 0.55962
vt 0.02083 0.56251
vt 0.02083 0.55422
vt 0 0.55336
vt 0.04167 0.56354
vt 0.04167 0.55476
vt 0.04167 0.54643
vt 0.02083 0.54672
vt 0 0.5471
vt 0.0625 0.56396
vt 0.0625 0.555
vt 0.04167 0.55476
vt 0.08333 0.56409
vt 0.08333 0.55506
vt 0.08333 0.54623
vt 0.0625 0.54628
vt 0.04167 0.54643
vt 0.0625 0.53695
vt 0.04167 0.53755
vt 0.08333 0.53678
vt 0.08333 0.526
vt 0.0625 0.52623
vt 0.04167 0.52704
vt 0.02083 0.53885
vt 0 0.54084
vt 0.04167 0.53755
vt 0.04167 0.52704
vt 0.02083 0.52902
vt 0 0.53458
vt 0.10417 0.67159
vt 0.10417 0.65449
vt 0.125 0.67159
vt 0.125 0.65449
vt 0.125 0.63861
vt 0.10417 0.6386
vt 0.14583 0.67159
vt 0.14583 0.65449
vt 0.16667 0.67159
vt 0.16667 0.65449
vt 0.16667 0.63861
vt 0.14583 0.63861
vt 0.14583 0.62382
vt 0.125 0.62382
vt 0.16667 0.62382
vt 0.16667 0.61
vt 0.14583 0.61
vt 0.125 0.61
vt 0.10417 0.62382
vt 0.10417 0.60999
vt 0.1875 0.39
vt 0.1875 0.37618
vt 0.20833 0.39
vt 0.20833 0.37618
vt 0.20833 0.36139
vt 0.1875 0.36139
vt 0.22917 0.39
vt 0.22917 0.37618
vt 0.25 0.39
vt 0.25 0.37618
vt 0.25 0.36139
vt 0.22917 0.36139
vt 0.22917 0.34551
vt 0.20833 0.34551
vt 0.25 0.34551
vt 0.25 0.32841
vt 0.22917 0.32841
vt 0.20833 0.32841
vt 0.1875 0.34551
vt 0.1875 0.32841
vt 0.10417 0.47406
vt 0.10417 0.46327
vt 0.125 0.47407
vt 0.125 0.46328
vt 0.125 0.45378
vt 0.10417 0.45378
vt 0.14583 0.47407
vt 0.14583 0.46328
vt 0.16667 0.47407
vt 0.16667 0.46328
vt 0.16667 0.45378
vt 0.14583 0.45378
vt 0.14583 0.44492
vt 0.125 0.44492
vt 0.16667 0.44492
vt 0.16667 0.43588
vt 0.14583 0.43588
vt 0.125 0.43588
vt 0.10417 0.44492
vt 0.10417 0.43588
vt 0.10417 0.31006
vt 0.125 0.31005
vt 0.125 0.29066
vt 0.10417 0.29066
vt 0.14583 0.31005
vt 0.16667 0.31005
vt 0.16667 0.29066
vt 0.14583 0.29066
vt 0.14583 0.27051
vt 0.125 0.27051
vt 0.16667 0.27051
vt 0.16667 0.24992
vt 0.14583 0.24992
vt 0.125 0.24992
vt 0.10417 0.27051
vt 0.10417 0.24992
vt 0.10417 0.22916
vt 0.125 0.22916
vt 0.125 0.20833
vt 0.10417 0.20833
vt 0.14583 0.22916
vt 0.16667 0.22916
vt 0.16667 0.20833
vt 0.14583 0.20833
vt 0.14583 0.1875
vt 0.125 0.1875
vt 0.16667 0.1875
vt 0.16667 0.16667
vt 0.14583 0.16667
vt 0.125 0.16667
vt 0.10417 0.1875
vt 0.10417 0.16667
vt 0.10417 0.14583
vt 0.125 0.14583
vt 0.125 0.125
vt 0.10417 0.125
vt 0.14583 0.14583
vt 0.16667 0.14583
vt 0.16667 0.125
vt 0.14583 0.125
vt 0.14583 0.10417
vt 0.125 0.10417
vt 0.16667 0.10417
vt 0.16667 0.08333
vt 0.14583 0.08333
vt 0.125 0.08333
vt 0.10417 0.10417
vt 0.10417 0.08333
vt 0.10417 0.0625
vt 0.125 0.0625
vt 0.125 0.04167
vt 0.10417 0.04167
vt 0.14583 0.0625
vt 0.16667 0.0625
vt 0.16667 0.04167
vt 0.14583 0.04167
vt 0.125 0.04167
vt 0.14583 0.04167
vt 0.14583 0.02083
vt 0.125 0.02083
vt 0.16667 0.04167
vt 0.16667 0.02083
vt 0.16667 0
vt 0.14583 -0
vt 0.125 -0
vt 0.10417 0.04167
vt 0.10417 0.02083
vt 0.10417 -0
vt 0.10417 1
vt 0.10417 0.97917
vt 0.125 1
vt 0.125 0.97917
vt 0.125 0.95833
vt 0.10417 0.95833
vt 0.14583 1
vt 0.14583 0.97917
vt 0.16667 1
vt 0.16667 0.97917
vt 0.16667 0.95833
vt 0.14583 0.95833
vt 0.14583 0.95833
vt 0.14583 0.9375
vt 0.125 0.9375
vt 0.16667 0.95833
vt 0.16667 0.9375
vt 0.16667 0.91667
vt 0.14583 0.91667
vt 0.125 0.91667
vt 0.10417 0.95833
vt 0.10417 0.9375
vt 0.10417 0.91667
vt 0.10417 0.89583
vt 0.125 0.89583
vt 0.125 0.875
vt 0.10417 0.875
vt 0.14583 0.89583
vt 0.16667 0.89583
vt 0.16667 0.875
vt 0.14583 0.875
vt 0.14583 0.85417
vt 0.125 0.85417
vt 0.16667 0.85417
vt 0.16667 0.83333
vt 0.14583 0.83333
vt 0.125 0.83333
vt 0.10417 0.85417
vt 0.10417 0.83333
vt 0.10417 0.8125
vt 0.125 0.8125
vt 0.125 0.79167
vt 0.10417 0.79167
vt 0.14583 0.8125
vt 0.16667 0.8125
vt 0.16667 0.79167
vt 0.14583 0.79167
vt 0.14583 0.77084
vt 0.125 0.77084
vt 0.16667 0.77084
vt 0.16667 0.75008
vt 0.14583 0.75008
vt 0.125 0.75008
vt 0.10417 0.77084
vt 0.10417 0.75008
vt 0.10417 0.72949
vt 0.125 0.72949
vt 0.125 0.70934
vt 0.10417 0.70934
vt 0.14583 0.72949
vt 0.16667 0.72949
vt 0.16667 0.70934
vt 0.14583 0.70934
vt 0.14583 0.68995
vt 0.125 0.68995
vt 0.16667 0.68995
vt 0.10417 0.68994
vt 0.10417 0.56412
vt 0.10417 0.55508
vt 0.125 0.56412
vt 0.125 0.55508
vt 0.125 0.54622
vt 0.10417 0.54622
vt 0.14583 0.56412
vt 0.14583 0.55508
vt 0.16667 0.56412
vt 0.16667 0.55508
vt 0.16667 0.54622
vt 0.14583 0.54622
vt 0.14583 0.53672
vt 0.125 0.53672
vt 0.16667 0.53672
vt 0.16667 0.52593
vt 0.14583 0.52593
vt 0.125 0.52593
vt 0.10417 0.53673
vt 0.10417 0.52594
vt 0.1875 0.67159
vt 0.1875 0.65449
vt 0.20833 0.67159
vt 0.20833 0.65449
vt 0.20833 0.63861
vt 0.1875 0.63861
vt 0.22917 0.67159
vt 0.22917 0.65449
vt 0.25 0.67159
vt 0.25 0.65449
vt 0.25 0.63861
vt 0.22917 0.63861
vt 0.22917 0.62382
vt 0.20833 0.62382
vt 0.25 0.62382
vt 0.25 0.61
vt 0.22917 0.61
vt 0.20833 0.61
vt 0.1875 0.62382
vt 0.1875 0.61
vt 0.27083 0.39
vt 0.27083 0.37618
vt 0.29167 0.39
vt 0.29167 0.37618
vt 0.29167 0.36139
vt 0.27083 0.36139
vt 0.3125 0.39
vt 0.3125 0.37618
vt 0.33333 0.39
vt 0.33333 0.37618
vt 0.33333 0.36139
vt 0.3125 0.36139
vt 0.3125 0.34551
vt 0.29167 0.34551
vt 0.33333 0.34551
vt 0.33333 0.32841
vt 0.3125 0.32841
vt 0.29167 0.32841
vt 0.27083 0.34551
vt 0.27083 0.32841
vt 0.1875 0.47407
vt 0.1875 0.46328
vt 0.20833 0.47407
vt 0.20833 0.46328
vt 0.20833 0.45378
vt 0.1875 0.45378
vt 0.22917 0.47407
vt 0.22917 0.46328
vt 0.25 0.47407
vt 0.25 0.46328
vt 0.25 0.45378
vt 0.22917 0.45378
vt 0.22917 0.44492
vt 0.20833 0.44492
vt 0.25 0.44492
vt 0.25 0.43588
vt 0.22917 0.43588
vt 0.20833 0.43588
vt 0.1875 0.44492
vt 0.1875 0.43588
vt 0.1875 0.31005
vt 0.20833 0.31005
vt 0.20833 0.29066
vt 0.1875 0.29066
vt 0.22917 0.31005
vt 0.25 0.31005
vt 0.25 0.29066
vt 0.22917 0.29066
vt 0.22917 0.27051
vt 0.20833 0.27051
vt 0.25 0.27051
vt 0.25 0.24992
vt 0.22917 0.24992
vt 0.20833 0.24992
vt 0.1875 0.27051
vt 0.1875 0.24992
vt 0.1875 0.22916
vt 0.20833 0.22916
vt 0.20833 0.20833
vt 0.1875 0.20833
vt 0.22917 0.22916
vt 0.25 0.22916
vt 0.25 0.20833
vt 0.22917 0.20833
vt 0.22917 0.1875
vt 0.20833 0.1875
vt 0.25 0.1875
vt 0.25 0.16667
vt 0.22917 0.16667
vt 0.20833 0.16667
vt 0.1875 0.1875
vt 0.1875 0.16667
vt 0.1875 0.14583
vt 0.20833 0.14583
vt 0.20833 0.125
vt 0.1875 0.125
vt 0.22917 0.14583
vt 0.25 0.14583
vt 0.25 0.125
vt 0.22917 0.125
vt 0.22917 0.10417
vt 0.20833 0.10417
vt 0.25 0.10417
vt 0.25 0.08333
vt 0.22917 0.08333
vt 0.20833 0.08333
vt 0.1875 0.10417
vt 0.1875 0.08333
vt 0.1875 0.0625
vt 0.20833 0.0625
vt 0.20833 0.04167
vt 0.1875 0.04167
vt 0.22917 0.0625
vt 0.25 0.0625
vt 0.25 0.04167
vt 0.22917 0.04167
vt 0.20833 0.04167
vt 0.22917 0.04167
vt 0.22917 0.02083
vt 0.20833 0.02083
vt 0.25 0.04167
vt 0.25 0.02083
vt 0.25 0
vt 0.22917 -0
vt 0.20833 -0
vt 0.1875 0.04167
vt 0.1875 0.02083
vt 0.1875 -0
vt 0.1875 1
vt 0.1875 0.97917
vt 0.20833 1
vt 0.20833 0.97917
vt 0.20833 0.95833
vt 0.1875 0.95833
vt 0.22917 1
vt 0.22917 0.97917
vt 0.25 1
vt 0.25 0.97917
vt 0.25 0.95833
vt 0.22917 0.95833
vt 0.22917 0.95833
vt 0.22917 0.9375
vt 0.20833 0.9375
vt 0.25 0.9375
vt 0.25 0.91667
vt 0.22917 0.91667
vt 0.20833 0.91667
vt 0.1875 0.95833
vt 0.1875 0.9375
vt 0.1875 0.91667
vt 0.1875 0.89583
vt 0.20833 0.89583
vt 0.20833 0.875
vt 0.1875 0.875
vt 0.22917 0.89583
vt 0.25 0.89583
vt 0.25 0.875
vt 0.22917 0.875
vt 0.22917 0.85417
vt 0.20833 0.85417
vt 0.25 0.85417
vt 0.25 0.83333
vt 0.22917 0.83333
vt 0.20833 0.83333
vt 0.1875 0.85417
vt 0.1875 0.83333
vt 0.1875 0.8125
vt 0.20833 0.8125
vt 0.20833 0.79167
vt 0.1875 0.79167
vt 0.22917 0.8125
vt 0.25 0.8125
vt 0.25 0.79167
vt 0.22917 0.79167
vt 0.22917 0.77084
vt 0.20833 0.77084
vt 0.25 0.77084
vt 0.25 0.75008
vt 0.22917 0.75008
vt 0.20833 0.75008
vt 0.1875 0.77084
vt 0.1875 0.75008
vt 0.1875 0.72949
vt 0.20833 0.72949
vt 0.20833 0.70934
vt 0.1875 0.70934
vt 0.22917 0.72949
vt 0.25 0.72949
vt 0.25 0.70934
vt 0.22917 0.70934
vt 0.22917 0.68995
vt 0.20833 0.68995
vt 0.25 0.68995
vt 0.1875 0.68995
vt 0.1875 0.56412
vt 0.1875 0.55508
vt 0.20833 0.56412
vt 0.20833 0.55508
vt 0.20833 0.54622
vt 0.1875 0.54622
vt 0.22917 0.56412
vt 0.22917 0.55508
vt 0.25 0.56412
vt 0.25 0.55508
vt 0.25 0.54622
vt 0.22917 0.54622
vt 0.22917 0.53672
vt 0.20833 0.53672
vt 0.25 0.53672
vt 0.25 0.52593
vt 0.22917 0.52593
vt 0.20833 0.52593
vt 0.1875 0.53672
vt 0.1875 0.52593
vt 0.27083 0.67159
vt 0.27083 0.65449
vt 0.29167 0.67159
vt 0.29167 0.65449
vt 0.29167 0.63861
vt 0.27083 0.63861
vt 0.3125 0.67159
vt 0.3125 0.65449
vt 0.33333 0.67159
vt 0.33333 0.65449
vt 0.33333 0.63861
vt 0.3125 0.63861
vt 0.3125 0.62382
vt 0.29167 0.62382
vt 0.33333 0.62382
vt 0.33333 0.61
vt 0.3125 0.61
vt 0.29167 0.61
vt 0.27083 0.62382
vt 0.27083 0.61
vt 0.35417 0.39
vt 0.35417 0.37618
vt 0.375 0.39
vt 0.375 0.37618
vt 0.375 0.36139
vt 0.35417 0.36139
vt 0.39583 0.39
vt 0.39583 0.37618
vt 0.41667 0.39
vt 0.41667 0.37618
vt 0.41667 0.36139
vt 0.39583 0.36139
vt 0.39583 0.34551
vt 0.375 0.34551
vt 0.41667 0.34551
vt 0.41667 0.32841
vt 0.39583 0.32841
vt 0.375 0.32841
vt 0.35417 0.34551
vt 0.35417 0.32841
vt 0.27083 0.47407
vt 0.27083 0.46328
vt 0.29167 0.47407
vt 0.29167 0.46328
vt 0.29167 0.45378
vt 0.27083 0.45378
vt 0.3125 0.47407
vt 0.3125 0.46328
vt 0.33333 0.47407
vt 0.33333 0.46328
vt 0.33333 0.45378
vt 0.3125 0.45378
vt 0.3125 0.44492
vt 0.29167 0.44492
vt 0.33333 0.44492
vt 0.33333 0.43588
vt 0.3125 0.43588
vt 0.29167 0.43588
vt 0.27083 0.44492
vt 0.27083 0.43588
vt 0.27083 0.31005
vt 0.29167 0.31005
vt 0.29167 0.29066
vt 0.27083 0.29066
vt 0.3125 0.31005
vt 0.33333 0.31005
vt 0.33333 0.29066
vt 0.3125 0.29066
vt 0.3125 0.27051
vt 0.29167 0.27051
vt 0.33333 0.27051
vt 0.33333 0.24992
vt 0.3125 0.24992
vt 0.29167 0.24992
vt 0.27083 0.27051
vt 0.27083 0.24992
vt 0.27083 0.22916
vt 0.29167 0.22916
vt 0.29167 0.20833
vt 0.27083 0.20833
vt 0.3125 0.22916
vt 0.33333 0.22916
vt 0.33333 0.20833
vt 0.3125 0.20833
vt 0.3125 0.1875
vt 0.29167 0.1875
vt 0.33333 0.1875
vt 0.33333 0.16667
vt 0.3125 0.16667
vt 0.29167 0.16667
vt 0.27083 0.1875
vt 0.27083 0.16667
vt 0.27083 0.14583
vt 0.29167 0.14583
vt 0.29167 0.125
vt 0.27083 0.125
vt 0.3125 0.14583
vt 0.33333 0.14583
vt 0.33333 0.125
vt 0.3125 0.125
vt 0.3125 0.10417
vt 0.29167 0.10417
vt 0.33333 0.10417
vt 0.33333 0.08333
vt 0.3125 0.08333
vt 0.29167 0.08333
vt 0.27083 0.10417
vt 0.27083 0.08333
vt 0.27083 0.0625
vt 0.29167 0.0625
vt 0.29167 0.04167
vt 0.27083 0.04167
vt 0.3125 0.0625
vt 0.33333 0.0625
vt 0.33333 0.04167
vt 0.3125 0.04167
vt 0.29167 0.04167
vt 0.3125 0.04167
vt 0.3125 0.02083
vt 0.29167 0.02083
vt 0.33333 0.02083
vt 0.33333 0
vt 0.3125 -0
vt 0.29167 -0
vt 0.27083 0.04167
vt 0.27083 0.02083
vt 0.27083 -0
vt 0.27083 1
vt 0.27083 0.97917
vt 0.29167 1
vt 0.29167 0.97917
vt 0.29167 0.95833
vt 0.27083 0.95833
vt 0.3125 1
vt 0.3125 0.97917
vt 0.33333 1
vt 0.33333 0.97917
vt 0.33333 0.95833
vt 0.3125 0.95833
vt 0.3125 0.95833
vt 0.3125 0.9375
vt 0.29167 0.9375
vt 0.33333 0.95833
vt 0.33333 0.9375
vt 0.33333 0.91667
vt 0.3125 0.91667
vt 0.29167 0.91667
vt 0.27083 0.9375
vt 0.27083 0.91667
vt 0.27083 0.89583
vt 0.29167 0.89583
vt 0.29167 0.875
vt 0.27083 0.875
vt 0.3125 0.89583
vt 0.33333 0.89583
vt 0.33333 0.875
vt 0.3125 0.875
vt 0.3125 0.85417
vt 0.29167 0.85417
vt 0.33333 0.85417
vt 0.33333 0.83333
vt 0.3125 0.83333
vt 0.29167 0.83333
vt 0.27083 0.85417
vt 0.27083 0.83333
vt 0.27083 0.8125
vt 0.29167 0.8125
vt 0.29167 0.79167
vt 0.27083 0.79167
vt 0.3125 0.8125
vt 0.33333 0.8125
vt 0.33333 0.79167
vt 0.3125 0.79167
vt 0.3125 0.77084
vt 0.29167 0.77084
vt 0.33333 0.77084
vt 0.33333 0.75008
vt 0.3125 0.75008
vt 0.29167 0.75008
vt 0.27083 0.77084
vt 0.27083 0.75008
vt 0.27083 0.72949
vt 0.29167 0.72949
vt 0.29167 0.70934
vt 0.27083 0.70934
vt 0.3125 0.72949
vt 0.33333 0.72949
vt 0.33333 0.70934
vt 0.3125 0.70934
vt 0.3125 0.68995
vt 0.29167 0.68995
vt 0.33333 0.68995
vt 0.27083 0.68995
vt 0.27083 0.56412
vt 0.27083 0.55508
vt 0.29167 0.56412
vt 0.29167 0.55508
vt 0.29167 0.54622
vt 0.27083 0.54622
vt 0.3125 0.56412
vt 0.3125 0.55508
vt 0.33333 0.56412
vt 0.33333 0.55508
vt 0.33333 0.54622
vt 0.3125 0.54622
vt 0.3125 0.53672
vt 0.29167 0.53672
vt 0.33333 0.53672
vt 0.33333 0.52593
vt 0.3125 0.52593
vt 0.29167 0.52593
vt 0.27083 0.53672
vt 0.27083 0.52593
vt 0.35417 0.67159
vt 0.35417 0.65449
vt 0.375 0.67159
vt 0.375 0.65449
vt 0.375 0.63861
vt 0.35417 0.63861
vt 0.39583 0.67159
vt 0.39583 0.65449
vt 0.39583 0.63861
vt 0.39583 0.62382
vt 0.375 0.62382
vt 0.39583 0.61
vt 0.375 0.61
vt 0.35417 0.62382
vt 0.35417 0.61
vt 0.35417 0.47407
vt 0.35417 0.46328
vt 0.375 0.47407
vt 0.375 0.46328
vt 0.375 0.45378
vt 0.35417 0.45378
vt 0.39583 0.47407
vt 0.39583 0.46328
vt 0.39583 0.45378
vt 0.39583 0.44492
vt 0.375 0.44492
vt 0.39583 0.43588
vt 0.375 0.43588
vt 0.35417 0.44492
vt 0.35417 0.43588
vt 0.35417 0.31005
vt 0.375 0.31005
vt 0.375 0.29066
vt 0.35417 0.29066
vt 0.39583 0.31005
vt 0.41667 0.31005
vt 0.41667 0.29066
vt 0.39583 0.29066
vt 0.39583 0.27051
vt 0.375 0.27051
vt 0.41667 0.27051
vt 0.41667 0.24992
vt 0.39583 0.24992
vt 0.375 0.24992
vt 0.35417 0.27051
vt 0.35417 0.24992
vt 0.35417 0.22916
vt 0.375 0.22916
vt 0.375 0.20833
vt 0.35417 0.20833
vt 0.39583 0.22916
vt 0.41667 0.22916
vt 0.41667 0.20833
vt 0.39583 0.20833
vt 0.39583 0.1875
vt 0.375 0.1875
vt 0.41667 0.1875
vt 0.41667 0.16667
vt 0.39583 0.16667
vt 0.375 0.16667
vt 0.35417 0.1875
vt 0.35417 0.16667
vt 0.35417 0.14583
vt 0.375 0.14583
vt 0.375 0.125
vt 0.35417 0.125
vt 0.39583 0.14583
vt 0.41667 0.14583
vt 0.41667 0.125
vt 0.39583 0.125
vt 0.39583 0.10417
vt 0.375 0.10417
vt 0.41667 0.10417
vt 0.41667 0.08333
vt 0.39583 0.08333
vt 0.375 0.08333
vt 0.35417 0.10417
vt 0.35417 0.08333
vt 0.35417 0.0625
vt 0.375 0.0625
vt 0.375 0.04167
vt 0.35417 0.04167
vt 0.39583 0.0625
vt 0.41667 0.0625
vt 0.41667 0.04167
vt 0.39583 0.04167
vt 0.375 0.04167
vt 0.39583 0.04167
vt 0.39583 0.02083
vt 0.375 0.02083
vt 0.41667 0.02083
vt 0.41667 0
vt 0.39583 -0
vt 0.375 -0
vt 0.35417 0.04167
vt 0.35417 0.02083
vt 0.35417 -0
vt 0.35417 1
vt 0.35417 0.97917
vt 0.375 1
vt 0.375 0.97917
vt 0.375 0.95833
vt 0.35417 0.95833
vt 0.39583 1
vt 0.39583 0.97917
vt 0.41667 1
vt 0.41667 0.97917
vt 0.41667 0.95833
vt 0.39583 0.95833
vt 0.39583 0.9375
vt 0.375 0.9375
vt 0.41667 0.95833
vt 0.41667 0.9375
vt 0.41667 0.91667
vt 0.39583 0.91667
vt 0.375 0.91667
vt 0.35417 0.95833
vt 0.35417 0.9375
vt 0.35417 0.91667
vt 0.35417 0.89583
vt 0.375 0.89583
vt 0.375 0.875
vt 0.35417 0.875
vt 0.39583 0.89583
vt 0.41667 0.89583
vt 0.41667 0.875
vt 0.39583 0.875
vt 0.39583 0.85417
vt 0.375 0.85417
vt 0.41667 0.85417
vt 0.41667 0.83333
vt 0.39583 0.83333
vt 0.375 0.83333
vt 0.35417 0.85417
vt 0.35417 0.83333
vt 0.35417 0.8125
vt 0.375 0.8125
vt 0.375 0.79167
vt 0.35417 0.79167
vt 0.39583 0.8125
vt 0.41667 0.8125
vt 0.41667 0.79167
vt 0.39583 0.79167
vt 0.39583 0.77084
vt 0.375 0.77084
vt 0.41667 0.77084
vt 0.41667 0.75008
vt 0.39583 0.75008
vt 0.375 0.75008
vt 0.35417 0.77084
vt 0.35417 0.75008
vt 0.35417 0.72949
vt 0.375 0.72949
vt 0.375 0.70934
vt 0.35417 0.70934
vt 0.39583 0.72949
vt 0.41667 0.72949
vt 0.41667 0.70934
vt 0.39583 0.70934
vt 0.39583 0.68995
vt 0.375 0.68995
vt 0.41667 0.68995
vt 0.35417 0.68995
vt 0.35417 0.56412
vt 0.35417 0.55508
vt 0.375 0.56412
vt 0.375 0.55508
vt 0.375 0.54622
vt 0.35417 0.54622
vt 0.39583 0.56412
vt 0.39583 0.55508
vt 0.41667 0.56412
vt 0.41667 0.55508
vt 0.41667 0.54622
vt 0.39583 0.54622
vt 0.39583 0.53672
vt 0.375 0.53672
vt 0.41667 0.53672
vt 0.41667 0.52593
vt 0.39583 0.52593
vt 0.375 0.52593
vt 0.35417 0.53672
vt 0.35417 0.52593
vt 0.4375 0.56412
vt 0.4375 0.55508
vt 0.45833 0.56412
vt 0.45833 0.55508
vt 0.45833 0.54622
vt 0.4375 0.54622
vt 0.47917 0.56412
vt 0.47917 0.55508
vt 0.5 0.56412
vt 0.5 0.55508
vt 0.5 0.54622
vt 0.47917 0.54622
vt 0.47917 0.53672
vt 0.45833 0.53672
vt 0.5 0.53672
vt 0.5 0.52593
vt 0.47917 0.52593
vt 0.45833 0.52593
vt 0.4375 0.53672
vt 0.4375 0.52593
vt 0.5 0.39
vt 0.52083 0.39
vt 0.52083 0.37618
vt 0.5 0.37618
vt 0.54167 0.39
vt 0.54167 0.37618
vt 0.54167 0.36139
vt 0.52083 0.36139
vt 0.5 0.36139
vt 0.5625 0.39
vt 0.5625 0.37618
vt 0.5625 0.36139
vt 0.5625 0.34551
vt 0.54167 0.34551
vt 0.52083 0.34551
vt 0.5 0.34551
vt 0.4375 0.32841
vt 0.4375 0.31005
vt 0.45833 0.32841
vt 0.45833 0.31005
vt 0.45833 0.29066
vt 0.4375 0.29066
vt 0.47917 0.32841
vt 0.47917 0.31005
vt 0.47917 0.29066
vt 0.47917 0.27051
vt 0.45833 0.27051
vt 0.47917 0.24992
vt 0.45833 0.24992
vt 0.4375 0.27051
vt 0.4375 0.24992
vt 0.4375 0.22916
vt 0.45833 0.22916
vt 0.45833 0.20833
vt 0.4375 0.20833
vt 0.47917 0.22916
vt 0.47917 0.20833
vt 0.47917 0.1875
vt 0.45833 0.1875
vt 0.47917 0.16667
vt 0.45833 0.16667
vt 0.4375 0.1875
vt 0.4375 0.16667
vt 0.4375 0.14583
vt 0.45833 0.14583
vt 0.45833 0.125
vt 0.4375 0.125
vt 0.47917 0.14583
vt 0.47917 0.125
vt 0.47917 0.10417
vt 0.45833 0.10417
vt 0.47917 0.08333
vt 0.45833 0.08333
vt 0.4375 0.10417
vt 0.4375 0.08333
vt 0.4375 0.0625
vt 0.45833 0.0625
vt 0.45833 0.04167
vt 0.4375 0.04167
vt 0.47917 0.0625
vt 0.47917 0.04167
vt 0.45833 0.04167
vt 0.47917 0.04167
vt 0.47917 0.02083
vt 0.45833 0.02083
vt 0.47917 -0
vt 0.45833 -0
vt 0.4375 0.04167
vt 0.4375 0.02083
vt 0.4375 -0
vt 0.4375 1
vt 0.4375 0.97917
vt 0.45833 1
vt 0.45833 0.97917
vt 0.45833 0.95833
vt 0.4375 0.95833
vt 0.47917 1
vt 0.47917 0.97917
vt 0.47917 0.95833
vt 0.47917 0.9375
vt 0.45833 0.9375
vt 0.47917 0.91667
vt 0.45833 0.91667
vt 0.4375 0.95833
vt 0.4375 0.9375
vt 0.4375 0.91667
vt 0.4375 0.89583
vt 0.45833 0.89583
vt 0.45833 0.875
vt 0.4375 0.875
vt 0.47917 0.89583
vt 0.47917 0.875
vt 0.47917 0.85417
vt 0.45833 0.85417
vt 0.47917 0.83333
vt 0.45833 0.83333
vt 0.4375 0.85417
vt 0.4375 0.83333
vt 0.4375 0.8125
vt 0.45833 0.8125
vt 0.45833 0.79167
vt 0.4375 0.79167
vt 0.47917 0.8125
vt 0.47917 0.79167
vt 0.47917 0.77084
vt 0.45833 0.77084
vt 0.47917 0.75008
vt 0.45833 0.75008
vt 0.4375 0.77084
vt 0.4375 0.75008
vt 0.4375 0.72949
vt 0.45833 0.72949
vt 0.45833 0.70934
vt 0.4375 0.70934
vt 0.47917 0.72949
vt 0.47917 0.70934
vt 0.47917 0.68995
vt 0.45833 0.68995
vt 0.4375 0.68995
vt 0.52083 0.56412
vt 0.52083 0.55508
vt 0.54167 0.56412
vt 0.54167 0.55508
vt 0.54167 0.54622
vt 0.52083 0.54622
vt 0.5625 0.56412
vt 0.5625 0.55508
vt 0.5625 0.54622
vt 0.5625 0.53672
vt 0.54167 0.53672
vt 0.5625 0.52593
vt 0.54167 0.52593
vt 0.52083 0.53672
vt 0.52083 0.52593
vt 0.60417 0.65449
vt 0.625 0.65449
vt 0.625 0.63861
vt 0.60417 0.63861
vt 0.64583 0.65449
vt 0.64583 0.63861
vt 0.64583 0.62382
vt 0.625 0.62382
vt 0.64583 0.61
vt 0.625 0.61
vt 0.60417 0.62382
vt 0.60417 0.61
vt 0.52083 0.51345
vt 0.5 0.51345
vt 0.54167 0.51345
vt 0.54167 0.5
vt 0.52083 0.5
vt 0.5 0.5
vt 0.5625 0.51345
vt 0.58333 0.51345
vt 0.58333 0.5
vt 0.5625 0.5
vt 0.5625 0.48655
vt 0.54167 0.48655
vt 0.58333 0.48655
vt 0.5625 0.47407
vt 0.54167 0.47407
vt 0.52083 0.48655
vt 0.5 0.48655
vt 0.52083 0.47407
vt 0.60417 0.51345
vt 0.625 0.51345
vt 0.625 0.5
vt 0.60417 0.5
vt 0.64583 0.51345
vt 0.66667 0.51345
vt 0.66667 0.5
vt 0.64583 0.5
vt 0.64583 0.48655
vt 0.625 0.48655
vt 0.66667 0.48655
vt 0.60417 0.48655
vt 0.6875 0.51345
vt 0.70833 0.51345
vt 0.70833 0.5
vt 0.6875 0.5
vt 0.72917 0.51345
vt 0.75 0.51345
vt 0.75 0.5
vt 0.72917 0.5
vt 0.72917 0.48655
vt 0.70833 0.48655
vt 0.75 0.48655
vt 0.6875 0.48655
vt 0.77083 0.51345
vt 0.79167 0.51345
vt 0.79167 0.5
vt 0.77083 0.5
vt 0.8125 0.51345
vt 0.83333 0.51345
vt 0.83333 0.5
vt 0.8125 0.5
vt 0.8125 0.48655
vt 0.79167 0.48655
vt 0.83333 0.48655
vt 0.77083 0.48655
vt 0.85417 0.51345
vt 0.875 0.51345
vt 0.875 0.5
vt 0.85417 0.5
vt 0.89583 0.51346
vt 0.91667 0.5135
vt 0.91667 0.5
vt 0.89583 0.5
vt 0.89583 0.48654
vt 0.875 0.48655
vt 0.91667 0.4865
vt 0.85417 0.48655
vt 0.9375 0.51366
vt 0.95833 0.5142
vt 0.95833 0.5
vt 0.9375 0.5
vt 0.97917 0.51542
vt 0.95833 0.5142
vt 1 0.51729
vt 1 0.5
vt 0.97917 0.5
vt 0.95833 0.5
vt 0.97917 0.48458
vt 0.95833 0.4858
vt 1 0.48271
vt 0.9375 0.48634
vt 0.95833 0.4858
vt 0.02083 0.51542
vt 0 0.51729
vt 0.04167 0.5142
vt 0.04167 0.5
vt 0.02083 0.5
vt 0 0.5
vt 0.0625 0.51366
vt 0.04167 0.5142
vt 0.08333 0.5135
vt 0.08333 0.5
vt 0.0625 0.5
vt 0.04167 0.5
vt 0.0625 0.48634
vt 0.04167 0.4858
vt 0.08333 0.4865
vt 0.02083 0.48458
vt 0 0.48271
vt 0.04167 0.4858
vt 0.10417 0.51346
vt 0.125 0.51345
vt 0.125 0.5
vt 0.10417 0.5
vt 0.14583 0.51345
vt 0.16667 0.51345
vt 0.16667 0.5
vt 0.14583 0.5
vt 0.14583 0.48655
vt 0.125 0.48655
vt 0.16667 0.48655
vt 0.10417 0.48654
vt 0.1875 0.51345
vt 0.20833 0.51345
vt 0.20833 0.5
vt 0.1875 0.5
vt 0.22917 0.51345
vt 0.25 0.51345
vt 0.25 0.5
vt 0.22917 0.5
vt 0.22917 0.48655
vt 0.20833 0.48655
vt 0.25 0.48655
vt 0.1875 0.48655
vt 0.27083 0.51345
vt 0.29167 0.51345
vt 0.29167 0.5
vt 0.27083 0.5
vt 0.3125 0.51345
vt 0.33333 0.51345
vt 0.33333 0.5
vt 0.3125 0.5
vt 0.3125 0.48655
vt 0.29167 0.48655
vt 0.33333 0.48655
vt 0.27083 0.48655
vt 0.35417 0.51345
vt 0.375 0.51345
vt 0.375 0.5
vt 0.35417 0.5
vt 0.39583 0.51345
vt 0.41667 0.51345
vt 0.41667 0.5
vt 0.39583 0.5
vt 0.39583 0.48655
vt 0.375 0.48655
vt 0.41667 0.48655
vt 0.35417 0.48655
vt 0.47917 0.47407
vt 0.47917 0.48655
vt 0.45833 0.48655
vt 0.45833 0.5
vt 0.47917 0.5
vt 0.5 0.5
vt 0.4375 0.47407
vt 0.4375 0.48655
vt 0.41667 0.5
vt 0.4375 0.5
vt 0.4375 0.51345
vt 0.45833 0.51345
vt 0.41667 0.52593
vt 0.4375 0.52593
vt 0.47917 0.51345
vt 0.47917 0.52593
vt 0.5 0.52593
vt 0.52083 0.46328
vt 0.54167 0.46328
vt 0.54167 0.45378
vt 0.52083 0.45378
vt 0.5625 0.46328
vt 0.5625 0.45378
vt 0.5625 0.44492
vt 0.54167 0.44492
vt 0.5625 0.43588
vt 0.54167 0.43588
vt 0.52083 0.44492
vt 0.52083 0.43588
vt 0.52083 0.42595
vt 0.5 0.42595
vt 0.54167 0.42595
vt 0.54167 0.41497
vt 0.52083 0.41497
vt 0.5 0.41497
vt 0.5625 0.42595
vt 0.58333 0.42595
vt 0.58333 0.41497
vt 0.5625 0.41497
vt 0.5625 0.40296
vt 0.54167 0.40296
vt 0.58333 0.40296
vt 0.52083 0.40296
vt 0.5 0.40296
vt 0.60417 0.42595
vt 0.625 0.42595
vt 0.625 0.41497
vt 0.60417 0.41497
vt 0.64583 0.42595
vt 0.66667 0.42595
vt 0.66667 0.41497
vt 0.64583 0.41497
vt 0.64583 0.40296
vt 0.625 0.40296
vt 0.66667 0.40296
vt 0.60417 0.40296
vt 0.6875 0.42595
vt 0.70833 0.42595
vt 0.70833 0.41497
vt 0.6875 0.41497
vt 0.72917 0.42595
vt 0.75 0.42595
vt 0.75 0.41497
vt 0.72917 0.41497
vt 0.72917 0.40296
vt 0.70833 0.40296
vt 0.75 0.40296
vt 0.6875 0.40296
vt 0.77083 0.42595
vt 0.79167 0.42595
vt 0.79167 0.41497
vt 0.77083 0.41497
vt 0.8125 0.42595
vt 0.83333 0.42595
vt 0.83333 0.41497
vt 0.8125 0.41497
vt 0.8125 0.40296
vt 0.79167 0.40296
vt 0.83333 0.40296
vt 0.77083 0.40296
vt 0.85417 0.42595
vt 0.875 0.42595
vt 0.875 0.41497
vt 0.85417 0.41497
vt 0.89583 0.42595
vt 0.91667 0.42598
vt 0.91667 0.415
vt 0.89583 0.41498
vt 0.89583 0.40296
vt 0.875 0.40296
vt 0.91667 0.40298
vt 0.85417 0.40296
vt 0.9375 0.42609
vt 0.95833 0.42645
vt 0.95833 0.41531
vt 0.9375 0.41508
vt 0.97917 0.42723
vt 0.95833 0.42645
vt 1 0.42839
vt 1 0.41639
vt 0.97917 0.41578
vt 0.95833 0.41531
vt 0.97917 0.40373
vt 0.95833 0.40327
vt 1 0.40439
vt 0.9375 0.40305
vt 0.95833 0.40327
vt 0.02083 0.42723
vt 0 0.42839
vt 0.04167 0.42645
vt 0.04167 0.41531
vt 0.02083 0.41578
vt 0 0.41639
vt 0.0625 0.42609
vt 0.04167 0.42645
vt 0.08333 0.42598
vt 0.08333 0.415
vt 0.0625 0.41508
vt 0.04167 0.41531
vt 0.0625 0.40305
vt 0.04167 0.40327
vt 0.08333 0.40298
vt 0.02083 0.40373
vt 0 0.40439
vt 0.04167 0.40327
vt 0.10417 0.42595
vt 0.125 0.42595
vt 0.125 0.41497
vt 0.10417 0.41498
vt 0.14583 0.42595
vt 0.16667 0.42595
vt 0.16667 0.41497
vt 0.14583 0.41497
vt 0.14583 0.40296
vt 0.125 0.40296
vt 0.16667 0.40296
vt 0.10417 0.40296
vt 0.1875 0.42595
vt 0.20833 0.42595
vt 0.20833 0.41497
vt 0.1875 0.41497
vt 0.22917 0.42595
vt 0.25 0.42595
vt 0.25 0.41497
vt 0.22917 0.41497
vt 0.22917 0.40296
vt 0.20833 0.40296
vt 0.25 0.40296
vt 0.1875 0.40296
vt 0.27083 0.42595
vt 0.29167 0.42595
vt 0.29167 0.41497
vt 0.27083 0.41497
vt 0.3125 0.42595
vt 0.33333 0.42595
vt 0.33333 0.41497
vt 0.3125 0.41497
vt 0.3125 0.40296
vt 0.29167 0.40296
vt 0.33333 0.40296
vt 0.27083 0.40296
vt 0.35417 0.42595
vt 0.375 0.42595
vt 0.375 0.41497
vt 0.35417 0.41497
vt 0.39583 0.42595
vt 0.41667 0.42595
vt 0.41667 0.41497
vt 0.39583 0.41497
vt 0.39583 0.40296
vt 0.375 0.40296
vt 0.41667 0.40296
vt 0.35417 0.40296
vt 0.5 0.56412
vt 0.47917 0.56412
vt 0.47917 0.57405
vt 0.5 0.57405
vt 0.45833 0.56412
vt 0.45833 0.57405
vt 0.45833 0.58503
vt 0.47917 0.58503
vt 0.5 0.58503
vt 0.4375 0.56412
vt 0.4375 0.57405
vt 0.41667 0.56412
vt 0.41667 0.57405
vt 0.41667 0.58503
vt 0.4375 0.58503
vt 0.4375 0.59704
vt 0.45833 0.59704
vt 0.41667 0.59704
vt 0.41667 0.61
vt 0.4375 0.61
vt 0.45833 0.61
vt 0.47917 0.59704
vt 0.5 0.59704
vt 0.52083 0.59704
vt 0.54167 0.59704
vt 0.54167 0.58503
vt 0.52083 0.58503
vt 0.5 0.58503
vt 0.5625 0.59704
vt 0.58333 0.59704
vt 0.58333 0.58503
vt 0.5625 0.58503
vt 0.5625 0.57405
vt 0.54167 0.57405
vt 0.58333 0.57405
vt 0.52083 0.57405
vt 0.5 0.57405
vt 0.60417 0.59704
vt 0.625 0.59704
vt 0.625 0.58503
vt 0.60417 0.58503
vt 0.64583 0.59704
vt 0.66667 0.59704
vt 0.66667 0.58503
vt 0.64583 0.58503
vt 0.64583 0.57405
vt 0.625 0.57405
vt 0.66667 0.57405
vt 0.60417 0.57405
vt 0.6875 0.59704
vt 0.70833 0.59704
vt 0.70833 0.58503
vt 0.6875 0.58503
vt 0.72917 0.59704
vt 0.75 0.59704
vt 0.75 0.58503
vt 0.72917 0.58503
vt 0.72917 0.57405
vt 0.70833 0.57405
vt 0.75 0.57405
vt 0.6875 0.57405
vt 0.77083 0.59704
vt 0.79167 0.59704
vt 0.79167 0.58503
vt 0.77083 0.58503
vt 0.8125 0.59704
vt 0.83333 0.59704
vt 0.83333 0.58503
vt 0.8125 0.58503
vt 0.8125 0.57405
vt 0.79167 0.57405
vt 0.83333 0.57405
vt 0.77083 0.57405
vt 0.85417 0.59704
vt 0.875 0.59704
vt 0.875 0.58503
vt 0.85417 0.58503
vt 0.89583 0.59704
vt 0.91667 0.59702
vt 0.91667 0.585
vt 0.89583 0.58502
vt 0.89583 0.57405
vt 0.875 0.57405
vt 0.91667 0.57402
vt 0.85417 0.57405
vt 0.9375 0.59695
vt 0.95833 0.59673
vt 0.95833 0.58469
vt 0.9375 0.58492
vt 0.97917 0.59627
vt 0.95833 0.59673
vt 1 0.5956
vt 1 0.58361
vt 0.97917 0.58422
vt 0.95833 0.58469
vt 0.97917 0.57277
vt 0.95833 0.57355
vt 1 0.57161
vt 0.9375 0.57391
vt 0.95833 0.57355
vt 0.02083 0.59627
vt 0 0.5956
vt 0.04167 0.59673
vt 0.04167 0.58469
vt 0.02083 0.58422
vt 0 0.58361
vt 0.0625 0.59695
vt 0.04167 0.59673
vt 0.08333 0.59702
vt 0.08333 0.585
vt 0.0625 0.58492
vt 0.04167 0.58469
vt 0.0625 0.57391
vt 0.04167 0.57355
vt 0.08333 0.57402
vt 0.02083 0.57277
vt 0 0.57161
vt 0.04167 0.57355
vt 0.10417 0.59704
vt 0.125 0.59704
vt 0.125 0.58503
vt 0.10417 0.58502
vt 0.14583 0.59704
vt 0.16667 0.59704
vt 0.16667 0.58503
vt 0.14583 0.58503
vt 0.14583 0.57405
vt 0.125 0.57405
vt 0.16667 0.57405
vt 0.10417 0.57405
vt 0.1875 0.59704
vt 0.20833 0.59704
vt 0.20833 0.58503
vt 0.1875 0.58503
vt 0.22917 0.59704
vt 0.25 0.59704
vt 0.25 0.58503
vt 0.22917 0.58503
vt 0.22917 0.57405
vt 0.20833 0.57405
vt 0.25 0.57405
vt 0.1875 0.57405
vt 0.27083 0.59704
vt 0.29167 0.59704
vt 0.29167 0.58503
vt 0.27083 0.58503
vt 0.3125 0.59704
vt 0.33333 0.59704
vt 0.33333 0.58503
vt 0.3125 0.58503
vt 0.3125 0.57405
vt 0.29167 0.57405
vt 0.33333 0.57405
vt 0.27083 0.57405
vt 0.35417 0.59704
vt 0.375 0.59704
vt 0.375 0.58503
vt 0.35417 0.58503
vt 0.39583 0.59704
vt 0.41667 0.59704
vt 0.41667 0.58503
vt 0.39583 0.58503
vt 0.39583 0.57405
vt 0.375 0.57405
vt 0.41667 0.57405
vt 0.35417 0.57405
vt 0.5 0.39
vt 0.47917 0.39
vt 0.47917 0.40296
vt 0.5 0.40296
vt 0.45833 0.39
vt 0.45833 0.40296
vt 0.45833 0.41497
vt 0.47917 0.41497
vt 0.5 0.41497
vt 0.4375 0.39
vt 0.4375 0.40296
vt 0.41667 0.39
vt 0.41667 0.40296
vt 0.41667 0.41497
vt 0.4375 0.41497
vt 0.4375 0.42595
vt 0.45833 0.42595
vt 0.4375 0.43588
vt 0.47917 0.42595
vt 0.47917 0.43588
vt 0.4375 0.39
vt 0.4375 0.37618
vt 0.45833 0.37618
vt 0.45833 0.36139
vt 0.4375 0.36139
vt 0.47917 0.39
vt 0.47917 0.37618
vt 0.47917 0.36139
vt 0.47917 0.34551
vt 0.45833 0.34551
vt 0.4375 0.34551
usemtl mat0
f 1/1/1 2/2/2 3/3/3
f 1/1/1 3/3/3 4/4/4
f 2/2/2 5/5/5 6/6/6
f 2/2/2 6/6/6 3/3/3
f 3/3/3 6/6/6 7/7/7
f 3/3/3 7/7/7 8/8/8
f 4/4/4 3/3/3 8/8/8
f 4/4/4 8/8/8 9/9/9
f 5/5/5 10/10/10 11/11/11
f 5/5/5 11/11/11 6/6/6
f 10/10/10 12/12/12 13/13/13
f 10/10/10 13/13/13 11/11/11
f 11/11/11 13/13/13 14/14/14
f 11/11/11 14/14/14 15/15/15
f 6/6/6 11/11/11 15/15/15
f 6/6/6 15/15/15 7/7/7
f 7/7/7 15/15/15 16/16/16
f 7/7/7 16/16/16 17/17/17
f 15/15/15 14/14/14 18/18/18
f 15/15/15 18/18/18 16/16/16
f 16/16/16 18/18/18 19/19/19
f 16/16/16 19/19/19 20/20/20
f 17/17/17 16/16/16 20/20/20
f 17/17/17 20/20/20 21/21/21
f 9/9/9 8/8/8 22/22/22
f 9/9/9 22/22/22 23/23/23
f 8/8/8 7/7/7 17/17/17
f 8/8/8 17/17/17 22/22/22
f 22/22/22 17/17/17 21/21/21
f 22/22/22 21/21/21 24/24/24
f 23/23/23 22/22/22 24/24/24
f 23/23/23 24/24/24 25/25/25
f 26/26/26 27/27/27 28/28/28
f 26/26/26 28/28/28 29/29/29
f 27/27/27 30/30/30 31/31/31
f 27/27/27 31/31/31 28/28/28
f 28/28/28 31/31/31 32/32/32
f 28/28/28 32/32/32 33/33/33
f 29/29/29 28/28/28 33/33/33
f 29/29/29 33/33/33 34/34/34
f 30/30/30 35/35/35 36/36/36
f 30/30/30 36/36/36 31/31/31
f 35/35/35 37/37/37 38/38/38
f 35/35/35 38/38/38 36/36/36
f 36/36/36 38/38/38 39/39/39
f 36/36/36 39/39/39 40/40/40
f 31/31/31 36/36/36 40/40/40
f 31/31/31 40/40/40 32/32/32
f 32/32/32 40/40/40 41/41/41
f 32/32/32 41/41/41 42/42/42
f 40/40/40 39/39/39 43/43/43
f 40/40/40 43/43/43 41/41/41
f 41/41/41 43/43/43 44/44/44
f 41/41/41 44/44/44 45/45/45
f 42/42/42 41/41/41 45/45/45
f 42/42/42 45/45/45 46/46/46
f 34/34/34 33/33/33 47/47/47
f 34/34/34 47/47/47 48/48/48
f 33/33/33 32/32/32 42/42/42
f 33/33/33 42/42/42 47/47/47
f 47/47/47 42/42/42 46/46/46
f 47/47/47 46/46/46 49/49/49
f 48/48/48 47/47/47 49/49/49
f 48/48/48 49/49/49 50/50/50
f 51/51/51 52/52/52 53/53/53
f 51/51/51 53/53/53 54/54/54
f 52/52/52 55/55/55 56/56/56
f 52/52/52 56/56/56 53/53/53
f 53/53/53 56/56/56 57/57/57
f 53/53/53 57/57/57 58/58/58
f 54/54/54 53/53/53 58/58/58
f 54/54/54 58/58/58 59/59/59
f 55/55/55 60/60/60 61/61/61
f 55/55/55 61/61/61 56/56/56
f 60/60/60 62/62/62 63/63/63
f 60/60/60 63/63/63 61/61/61
f 61/61/61 63/63/63 64/64/64
f 61/61/61 64/64/64 65/65/65
f 56/56/56 61/61/61 65/65/65
f 56/56/56 65/65/65 57/57/57
f 57/57/57 65/65/65 66/66/66
f 57/57/57 66/66/66 67/67/67
f 65/65/65 64/64/64 68/68/68
f 65/65/65 68/68/68 66/66/66
f 66/66/66 68/68/68 69/69/69
f 66/66/66 69/69/69 70/70/70
f 67/67/67 66/66/66 70/70/70
f 67/67/67 70/70/70 71/71/71
f 59/59/59 58/58/58 72/72/72
f 59/59/59 72/72/72 73/73/73
f 58/58/58 57/57/57 67/67/67
f 58/58/58 67/67/67 72/72/72
f 72/72/72 67/67/67 71/71/71
f 72/72/72 71/71/71 74/74/74
f 73/73/73 72/72/72 74/74/74
f 73/73/73 74/74/74 75/75/75
f 75/75/75 74/74/74 76/76/76
f 75/75/75 76/76/76 77/77/77
f 74/74/74 71/71/71 78/78/78
f 74/74/74 78/78/78 76/76/76
f 76/76/76 78/78/78 79/79/79
f 76/76/76 79/79/79 80/80/80
f 77/77/77 76/76/76 80/80/80
f 77/77/77 80/80/80 81/81/81
f 71/71/71 70/70/70 82/82/82
f 71/71/71 82/82/82 78/78/78
f 70/70/70 69/69/69 83/83/83
f 70/70/70 83/83/83 82/82/82
f 82/82/82 83/83/83 84/84/84
f 82/82/82 84/84/84 85/85/85
f 78/78/78 82/82/82 85/85/85
f 78/78/78 85/85/85 79/79/79
f 79/79/79 85/85/85 86/86/86
f 79/79/79 86/86/86 87/87/87
f 85/85/85 84/84/84 88/88/88
f 85/85/85 88/88/88 86/86/86
f 86/86/86 88/88/88 89/89/89
f 86/86/86 89/89/89 90/90/90
f 87/87/87 86/86/86 90/90/90
f 87/87/87 90/90/90 91/91/91
f 81/81/81 80/80/80 92/92/92
f 81/81/81 92/92/92 93/93/93
f 80/80/80 79/79/79 87/87/87
f 80/80/80 87/87/87 92/92/92
f 92/92/92 87/87/87 91/91/91
f 92/92/92 91/91/91 94/94/94
f 93/93/93 92/92/92 94/94/94
f 93/93/93 94/94/94 95/95/95
f 95/95/95 94/94/94 96/96/96
f 95/95/95 96/96/96 97/97/97
f 94/94/94 91/91/91 98/98/98
f 94/94/94 98/98/98 96/96/96
f 96/96/96 98/98/98 99/99/99
f 96/96/96 99/99/99 100/100/100
f 97/97/97 96/96/96 100/100/100
f 97/97/97 100/100/100 101/101/101
f 91/91/91 90/90/90 102/102/102
f 91/91/91 102/102/102 98/98/98
f 90/90/90 89/89/89 103/103/103
f 90/90/90 103/103/103 102/102/102
f 102/102/102 103/103/103 104/104/104
f 102/102/102 104/104/104 105/105/105
f 98/98/98 102/102/102 105/105/105
f 98/98/98 105/105/105 99/99/99
f 99/99/99 105/105/105 106/106/106
f 99/99/99 106/106/106 107/107/107
f 105/105/105 104/104/104 108/108/108
f 105/105/105 108/108/108 106/106/106
f 106/106/106 108/108/108 109/109/109
f 106/106/106 109/109/109 110/110/110
f 107/107/107 106/106/106 110/110/110
f 107/107/107 110/110/110 111/111/111
f 101/101/101 100/100/100 112/112/112
f 101/101/101 112/112/112 113/113/113
f 100/100/100 99/99/99 107/107/107
f 100/100/100 107/107/107 112/112/112
f 112/112/112 107/107/107 111/111/111
f 112/112/112 111/111/111 114/114/114
f 113/113/113 112/112/112 114/114/114
f 113/113/113 114/114/114 115/115/115
f 115/115/115 114/114/114 116/116/116
f 115/115/115 116/116/116 117/117/117
f 114/114/114 111/111/111 118/118/118
f 114/114/114 118/118/118 116/116/116
f 116/116/116 118/118/118 119/119/119
f 116/116/116 119/119/119 120/120/120
f 117/117/117 116/116/116 120/120/120
f 117/117/117 120/120/120 121/121/121
f 111/111/111 110/110/110 122/122/122
f 111/111/111 122/122/122 118/118/118
f 110/110/110 109/109/109 123/123/123
f 110/110/110 123/123/123 122/122/122
f 122/122/122 123/123/123 124/124/124
f 122/122/122 124/124/124 125/125/125
f 118/118/118 122/122/122 125/125/125
f 118/118/118 125/125/125 119/119/119
f 126/126/119 127/127/125 128/128/126
f 126/126/119 128/128/126 129/129/127
f 127/127/125 124/124/124 130/130/128
f 127/127/125 130/130/128 128/128/126
f 128/128/126 130/130/128 131/131/129
f 128/128/126 131/131/129 132/132/130
f 129/129/127 128/128/126 132/132/130
f 129/129/127 132/132/130 133/133/131
f 121/121/121 134/134/120 135/135/132
f 121/121/121 135/135/132 136/136/133
f 134/134/120 126/126/119 129/129/127
f 134/134/120 129/129/127 135/135/132
f 135/135/132 129/129/127 133/133/131
f 135/135/132 133/133/131 137/137/134
f 136/136/133 135/135/132 137/137/134
f 136/136/133 137/137/134 138/138/135
f 139/139/135 140/140/134 141/141/136
f 139/139/135 141/141/136 142/142/137
f 140/140/134 143/143/131 144/144/138
f 140/140/134 144/144/138 141/141/136
f 141/141/136 144/144/138 145/145/139
f 141/141/136 145/145/139 146/146/140
f 142/142/137 141/141/136 146/146/140
f 142/142/137 146/146/140 147/147/141
f 143/143/131 148/148/130 149/149/142
f 143/143/131 149/149/142 144/144/138
f 148/148/130 150/150/129 151/151/143
f 148/148/130 151/151/143 149/149/142
f 149/149/142 151/151/143 152/152/144
f 149/149/142 152/152/144 153/153/145
f 144/144/138 149/149/142 153/153/145
f 144/144/138 153/153/145 145/145/139
f 145/145/139 153/153/145 154/154/146
f 145/145/139 154/154/146 155/155/147
f 153/153/145 156/156/144 157/157/148
f 153/153/145 157/157/148 154/154/146
f 154/154/146 157/157/148 158/158/149
f 154/154/146 158/158/149 159/159/150
f 155/155/147 154/154/146 159/159/150
f 155/155/147 159/159/150 160/160/151
f 161/161/141 162/162/140 163/163/152
f 161/161/141 163/163/152 164/164/153
f 162/162/140 145/145/139 155/155/147
f 162/162/140 155/155/147 163/163/152
f 163/163/152 155/155/147 160/160/151
f 163/163/152 160/160/151 165/165/154
f 164/164/153 163/163/152 165/165/154
f 164/164/153 165/165/154 166/166/155
f 166/166/155 165/165/154 167/167/156
f 166/166/155 167/167/156 168/168/157
f 165/165/154 160/160/151 169/169/158
f 165/165/154 169/169/158 167/167/156
f 167/167/156 169/169/158 170/170/159
f 167/167/156 170/170/159 171/171/160
f 168/168/157 167/167/156 171/171/160
f 168/168/157 171/171/160 172/172/161
f 160/160/151 159/159/150 173/173/162
f 160/160/151 173/173/162 169/169/158
f 159/159/150 158/158/149 174/174/163
f 159/159/150 174/174/163 173/173/162
f 173/173/162 174/174/163 175/175/164
f 173/173/162 175/175/164 176/176/165
f 169/169/158 173/173/162 176/176/165
f 169/169/158 176/176/165 170/170/159
f 170/170/159 176/176/165 177/177/166
f 170/170/159 177/177/166 178/178/167
f 176/176/165 175/175/164 179/179/168
f 176/176/165 179/179/168 177/177/166
f 177/177/166 179/179/168 180/180/169
f 177/177/166 180/180/169 181/181/170
f 178/178/167 177/177/166 181/181/170
f 178/178/167 181/181/170 182/182/171
f 172/172/161 171/171/160 183/183/172
f 172/172/161 183/183/172 184/184/173
f 171/171/160 170/170/159 178/178/167
f 171/171/160 178/178/167 183/183/172
f 183/183/172 178/178/167 182/182/171
f 183/183/172 182/182/171 185/185/174
f 184/184/173 183/183/172 185/185/174
f 184/184/173 185/185/174 186/186/175
f 186/186/175 185/185/174 187/187/176
f 186/186/175 187/187/176 188/188/177
f 185/185/174 182/182/171 189/189/178
f 185/185/174 189/189/178 187/187/176
f 187/187/176 189/189/178 190/190/179
f 187/187/176 190/190/179 191/191/180
f 188/188/177 187/187/176 191/191/180
f 188/188/177 191/191/180 192/192/181
f 182/182/171 181/181/170 193/193/182
f 182/182/171 193/193/182 189/189/178
f 181/181/170 180/180/169 194/194/183
f 181/181/170 194/194/183 193/193/182
f 193/193/182 194/194/183 195/195/184
f 193/193/182 195/195/184 196/196/185
f 189/189/178 193/193/182 196/196/185
f 189/189/178 196/196/185 190/190/179
f 190/190/179 196/196/185 197/197/186
f 190/190/179 197/197/186 198/198/187
f 196/196/185 195/195/184 199/199/188
f 196/196/185 199/199/188 197/197/186
f 197/197/186 199/199/188 200/200/189
f 197/197/186 200/200/189 201/201/190
f 198/198/187 197/197/186 201/201/190
f 198/198/187 201/201/190 202/202/191
f 192/192/181 191/191/180 203/203/192
f 192/192/181 203/203/192 204/204/193
f 191/191/180 190/190/179 198/198/187
f 191/191/180 198/198/187 203/203/192
f 203/203/192 198/198/187 202/202/191
f 203/203/192 202/202/191 205/205/194
f 204/204/193 203/203/192 205/205/194
f 204/204/193 205/205/194 206/206/195
f 206/206/195 205/205/194 207/207/196
f 206/206/195 207/207/196 208/208/197
f 205/205/194 202/202/191 209/209/198
f 205/205/194 209/209/198 207/207/196
f 207/207/196 209/209/198 210/210/199
f 207/207/196 210/210/199 211/211/200
f 208/208/197 207/207/196 211/211/200
f 208/208/197 211/211/200 212/212/201
f 202/202/191 201/201/190 213/213/202
f 202/202/191 213/213/202 209/209/198
f 201/201/190 200/200/189 214/214/203
f 201/201/190 214/214/203 213/213/202
f 213/213/202 214/214/203 215/215/204
f 213/213/202 215/215/204 216/216/205
f 209/209/198 213/213/202 216/216/205
f 209/209/198 216/216/205 210/210/199
f 210/210/199 216/216/205 217/217/206
f 210/210/199 217/217/206 218/218/207
f 216/216/205 215/215/204 219/219/208
f 216/216/205 219/219/208 217/217/206
f 217/217/206 219/219/208 12/12/12
f 217/217/206 12/12/12 10/10/10
f 218/218/207 217/217/206 10/10/10
f 218/218/207 10/10/10 5/5/5
f 212/212/201 211/211/200 220/220/209
f 212/212/201 220/220/209 221/221/210
f 211/211/200 210/210/199 218/218/207
f 211/211/200 218/218/207 220/220/209
f 220/220/209 218/218/207 5/5/5
f 220/220/209 5/5/5 2/2/2
f 221/221/210 220/220/209 2/2/2
f 221/221/210 2/2/2 1/1/1
f 222/222/211 223/223/212 224/224/213
f 222/222/211 224/224/213 225/225/214
f 223/223/212 226/226/215 227/227/216
f 223/223/212 227/227/216 224/224/213
f 224/224/213 227/227/216 228/228/217
f 224/224/213 228/228/217 229/229/218
f 225/225/214 224/224/213 229/229/218
f 225/225/214 229/229/218 230/230/219
f 226/226/215 231/231/220 232/232/221
f 226/226/215 232/232/221 227/227/216
f 231/231/220 233/233/222 234/234/223
f 231/231/220 234/234/223 232/232/221
f 232/232/221 234/234/223 235/235/224
f 232/232/221 235/235/224 236/236/225
f 227/227/216 232/232/221 236/236/225
f 227/227/216 236/236/225 228/228/217
f 228/228/217 236/236/225 237/237/226
f 228/228/217 237/237/226 238/238/227
f 236/236/225 235/235/224 239/239/228
f 236/236/225 239/239/228 237/237/226
f 237/237/226 239/239/228 240/240/229
f 237/237/226 240/240/229 241/241/230
f 238/238/227 237/237/226 241/241/230
f 238/238/227 241/241/230 242/242/231
f 230/230/219 229/229/218 243/243/232
f 230/230/219 243/243/232 244/244/233
f 229/229/218 228/228/217 238/238/227
f 229/229/218 238/238/227 243/243/232
f 243/243/232 238/238/227 242/242/231
f 243/243/232 242/242/231 245/245/234
f 244/244/233 243/243/232 245/245/234
f 244/244/233 245/245/234 62/62/62
f 246/246/235 247/247/236 248/248/237
f 246/246/235 248/248/237 249/249/238
f 247/247/236 250/250/239 251/251/240
f 247/247/236 251/251/240 248/248/237
f 248/248/237 251/251/240 252/252/241
f 248/248/237 252/252/241 253/253/242
f 249/249/238 248/248/237 253/253/242
f 249/249/238 253/253/242 254/254/243
f 250/250/239 255/255/244 256/256/245
f 250/250/239 256/256/245 251/251/240
f 255/255/244 1/1/1 4/4/4
f 255/255/244 4/4/4 256/256/245
f 256/256/245 4/4/4 9/9/9
f 256/256/245 9/9/9 257/257/246
f 251/251/240 256/256/245 257/257/246
f 251/251/240 257/257/246 252/252/241
f 252/252/241 257/257/246 258/258/247
f 252/252/241 258/258/247 259/259/248
f 257/257/246 9/9/9 23/23/23
f 257/257/246 23/23/23 258/258/247
f 258/258/247 23/23/23 25/25/25
f 258/258/247 25/25/25 260/260/249
f 259/259/248 258/258/247 260/260/249
f 259/259/248 260/260/249 261/261/250
f 254/254/243 253/253/242 262/262/251
f 254/254/243 262/262/251 263/263/252
f 253/253/242 252/252/241 259/259/248
f 253/253/242 259/259/248 262/262/251
f 262/262/251 259/259/248 261/261/250
f 262/262/251 261/261/250 264/264/253
f 263/263/252 262/262/251 264/264/253
f 263/263/252 264/264/253 265/265/254
f 233/233/222 266/266/255 267/267/256
f 233/233/222 267/267/256 234/234/223
f 266/266/255 268/268/257 269/269/258
f 266/266/255 269/269/258 267/267/256
f 267/267/256 269/269/258 270/270/259
f 267/267/256 270/270/259 271/271/260
f 234/234/223 267/267/256 271/271/260
f 234/234/223 271/271/260 235/235/224
f 268/268/257 272/272/261 273/273/262
f 268/268/257 273/273/262 269/269/258
f 272/272/261 274/274/263 275/275/264
f 272/272/261 275/275/264 273/273/262
f 273/273/262 275/275/264 276/276/265
f 273/273/262 276/276/265 277/277/266
f 269/269/258 273/273/262 277/277/266
f 269/269/258 277/277/266 270/270/259
f 270/270/259 277/277/266 278/278/267
f 270/270/259 278/278/267 279/279/268
f 277/277/266 276/276/265 280/280/269
f 277/277/266 280/280/269 278/278/267
f 278/278/267 280/280/269 281/281/270
f 278/278/267 281/281/270 282/282/271
f 279/279/268 278/278/267 282/282/271
f 279/279/268 282/282/271 283/283/272
f 235/235/224 271/271/260 284/284/273
f 235/235/224 284/284/273 239/239/228
f 271/271/260 270/270/259 279/279/268
f 271/271/260 279/279/268 284/284/273
f 284/284/273 279/279/268 283/283/272
f 284/284/273 283/283/272 285/285/274
f 239/239/228 284/284/273 285/285/274
f 239/239/228 285/285/274 240/240/229
f 286/286/275 287/287/276 288/288/277
f 286/286/275 288/288/277 289/289/278
f 287/287/276 290/290/279 291/291/280
f 287/287/276 291/291/280 288/288/277
f 288/288/277 291/291/280 292/292/281
f 288/288/277 292/292/281 293/293/282
f 289/289/278 288/288/277 293/293/282
f 289/289/278 293/293/282 294/294/283
f 290/290/279 295/295/284 296/296/285
f 290/290/279 296/296/285 291/291/280
f 295/295/284 297/297/286 298/298/287
f 295/295/284 298/298/287 296/296/285
f 296/296/285 298/298/287 299/299/288
f 296/296/285 299/299/288 300/300/289
f 291/291/280 296/296/285 300/300/289
f 291/291/280 300/300/289 292/292/281
f 292/292/281 300/300/289 301/301/290
f 292/292/281 301/301/290 302/302/291
f 300/300/289 299/299/288 303/303/292
f 300/300/289 303/303/292 301/301/290
f 301/301/290 303/303/292 304/304/293
f 301/301/290 304/304/293 305/305/294
f 302/302/291 301/301/290 305/305/294
f 302/302/291 305/305/294 306/306/295
f 294/294/283 293/293/282 307/307/296
f 294/294/283 307/307/296 308/308/297
f 293/293/282 292/292/281 302/302/291
f 293/293/282 302/302/291 307/307/296
f 307/307/296 302/302/291 306/306/295
f 307/307/296 306/306/295 309/309/298
f 308/308/297 307/307/296 309/309/298
f 308/308/297 309/309/298 310/310/299
f 62/62/62 245/245/234 311/311/300
f 62/62/62 311/311/300 63/63/63
f 245/245/234 242/242/231 312/312/301
f 245/245/234 312/312/301 311/311/300
f 311/311/300 312/312/301 313/313/302
f 311/311/300 313/313/302 314/314/303
f 63/63/63 311/311/300 314/314/303
f 63/63/63 314/314/303 64/64/64
f 242/242/231 241/241/230 315/315/304
f 242/242/231 315/315/304 312/312/301
f 241/241/230 240/240/229 316/316/305
f 241/241/230 316/316/305 315/315/304
f 315/315/304 316/316/305 317/317/306
f 315/315/304 317/317/306 318/318/307
f 312/312/301 315/315/304 318/318/307
f 312/312/301 318/318/307 313/313/302
f 313/313/302 318/318/307 319/319/308
f 313/313/302 319/319/308 320/320/309
f 318/318/307 317/317/306 321/321/310
f 318/318/307 321/321/310 319/319/308
f 319/319/308 321/321/310 322/322/311
f 319/319/308 322/322/311 323/323/312
f 320/320/309 319/319/308 323/323/312
f 320/320/309 323/323/312 324/324/313
f 64/64/64 314/314/303 325/325/314
f 64/64/64 325/325/314 68/68/68
f 314/314/303 313/313/302 320/320/309
f 314/314/303 320/320/309 325/325/314
f 325/325/314 320/320/309 324/324/313
f 325/325/314 324/324/313 326/326/315
f 68/68/68 325/325/314 326/326/315
f 68/68/68 326/326/315 69/69/69
f 69/69/69 326/326/315 327/327/316
f 69/69/69 327/327/316 83/83/83
f 326/326/315 324/324/313 328/328/317
f 326/326/315 328/328/317 327/327/316
f 327/327/316 328/328/317 329/329/318
f 327/327/316 329/329/318 330/330/319
f 83/83/83 327/327/316 330/330/319
f 83/83/83 330/330/319 84/84/84
f 324/324/313 323/323/312 331/331/320
f 324/324/313 331/331/320 328/328/317
f 323/323/312 322/322/311 332/332/321
f 323/323/312 332/332/321 331/331/320
f 331/331/320 332/332/321 333/333/322
f 331/331/320 333/333/322 334/334/323
f 328/328/317 331/331/320 334/334/323
f 328/328/317 334/334/323 329/329/318
f 329/329/318 334/334/323 335/335/324
f 329/329/318 335/335/324 336/336/325
f 334/334/323 333/333/322 337/337/326
f 334/334/323 337/337/326 335/335/324
f 335/335/324 337/337/326 338/338/327
f 335/335/324 338/338/327 339/339/328
f 336/336/325 335/335/324 339/339/328
f 336/336/325 339/339/328 340/340/329
f 84/84/84 330/330/319 341/341/330
f 84/84/84 341/341/330 88/88/88
f 330/330/319 329/329/318 336/336/325
f 330/330/319 336/336/325 341/341/330
f 341/341/330 336/336/325 340/340/329
f 341/341/330 340/340/329 342/342/331
f 88/88/88 341/341/330 342/342/331
f 88/88/88 342/342/331 89/89/89
f 89/89/89 342/342/331 343/343/332
f 89/89/89 343/343/332 103/103/103
f 342/342/331 340/340/329 344/344/333
f 342/342/331 344/344/333 343/343/332
f 343/343/332 344/344/333 345/345/334
f 343/343/332 345/345/334 346/346/335
f 103/103/103 343/343/332 346/346/335
f 103/103/103 346/346/335 104/104/104
f 340/340/329 339/339/328 347/347/336
f 340/340/329 347/347/336 344/344/333
f 339/339/328 338/338/327 348/348/337
f 339/339/328 348/348/337 347/347/336
f 347/347/336 348/348/337 349/349/338
f 347/347/336 349/349/338 350/350/339
f 344/344/333 347/347/336 350/350/339
f 344/344/333 350/350/339 345/345/334
f 345/345/334 350/350/339 351/351/340
f 345/345/334 351/351/340 352/352/341
f 350/350/339 349/349/338 353/353/342
f 350/350/339 353/353/342 351/351/340
f 351/351/340 353/353/342 354/354/343
f 351/351/340 354/354/343 355/355/344
f 352/352/341 351/351/340 355/355/344
f 352/352/341 355/355/344 356/356/345
f 104/104/104 346/346/335 357/357/346
f 104/104/104 357/357/346 108/108/108
f 346/346/335 345/345/334 352/352/341
f 346/346/335 352/352/341 357/357/346
f 357/357/346 352/352/341 356/356/345
f 357/357/346 356/356/345 358/358/347
f 108/108/108 357/357/346 358/358/347
f 108/108/108 358/358/347 109/109/109
f 109/109/109 358/358/347 359/359/348
f 109/109/109 359/359/348 123/123/123
f 358/358/347 356/356/345 360/360/349
f 358/358/347 360/360/349 359/359/348
f 359/359/348 360/360/349 361/361/350
f 359/359/348 361/361/350 362/362/351
f 123/123/123 359/359/348 362/362/351
f 123/123/123 362/362/351 124/124/124
f 356/356/345 355/355/344 363/363/352
f 356/356/345 363/363/352 360/360/349
f 355/355/344 354/354/343 364/364/353
f 355/355/344 364/364/353 363/363/352
f 363/363/352 364/364/353 365/365/354
f 363/363/352 365/365/354 366/366/355
f 360/360/349 363/363/352 366/366/355
f 360/360/349 366/366/355 361/361/350
f 367/367/350 368/368/355 369/369/356
f 367/367/350 369/369/356 370/370/357
f 368/368/355 371/371/354 372/372/358
f 368/368/355 372/372/358 369/369/356
f 369/369/356 372/372/358 373/373/359
f 369/369/356 373/373/359 374/374/360
f 370/370/357 369/369/356 374/374/360
f 370/370/357 374/374/360 375/375/361
f 124/124/124 376/376/351 377/377/362
f 124/124/124 377/377/362 130/130/128
f 376/376/351 367/367/350 370/370/357
f 376/376/351 370/370/357 377/377/362
f 377/377/362 370/370/357 375/375/361
f 377/377/362 375/375/361 378/378/363
f 130/130/128 377/377/362 378/378/363
f 130/130/128 378/378/363 131/131/129
f 150/150/129 379/379/363 380/380/364
f 150/150/129 380/380/364 151/151/143
f 379/379/363 381/381/361 382/382/365
f 379/379/363 382/382/365 380/380/364
f 380/380/364 382/382/365 383/383/366
f 380/380/364 383/383/366 384/384/367
f 151/151/143 380/380/364 384/384/367
f 151/151/143 384/384/367 152/152/144
f 381/381/361 385/385/360 386/386/368
f 381/381/361 386/386/368 382/382/365
f 385/385/360 387/387/359 388/388/369
f 385/385/360 388/388/369 386/386/368
f 386/386/368 388/388/369 389/389/370
f 386/386/368 389/389/370 390/390/371
f 382/382/365 386/386/368 390/390/371
f 382/382/365 390/390/371 383/383/366
f 391/391/366 390/390/371 392/392/372
f 391/391/366 392/392/372 393/393/373
f 390/390/371 394/394/370 395/395/374
f 390/390/371 395/395/374 392/392/372
f 392/392/372 395/395/374 396/396/375
f 392/392/372 396/396/375 397/397/376
f 393/393/373 392/392/372 397/397/376
f 393/393/373 397/397/376 398/398/377
f 156/156/144 399/399/367 400/400/378
f 156/156/144 400/400/378 157/157/148
f 399/399/367 391/391/366 393/393/373
f 399/399/367 393/393/373 400/400/378
f 400/400/378 393/393/373 398/398/377
f 400/400/378 398/398/377 401/401/379
f 157/157/148 400/400/378 401/401/379
f 157/157/148 401/401/379 158/158/149
f 158/158/149 401/401/379 402/402/380
f 158/158/149 402/402/380 174/174/163
f 401/401/379 398/398/377 403/403/381
f 401/401/379 403/403/381 402/402/380
f 402/402/380 403/403/381 404/404/382
f 402/402/380 404/404/382 405/405/383
f 174/174/163 402/402/380 405/405/383
f 174/174/163 405/405/383 175/175/164
f 398/398/377 397/397/376 406/406/384
f 398/398/377 406/406/384 403/403/381
f 397/397/376 396/396/375 407/407/385
f 397/397/376 407/407/385 406/406/384
f 406/406/384 407/407/385 408/408/386
f 406/406/384 408/408/386 409/409/387
f 403/403/381 406/406/384 409/409/387
f 403/403/381 409/409/387 404/404/382
f 404/404/382 409/409/387 410/410/388
f 404/404/382 410/410/388 411/411/389
f 409/409/387 408/408/386 412/412/390
f 409/409/387 412/412/390 410/410/388
f 410/410/388 412/412/390 413/413/391
f 410/410/388 413/413/391 414/414/392
f 411/411/389 410/410/388 414/414/392
f 411/411/389 414/414/392 415/415/393
f 175/175/164 405/405/383 416/416/394
f 175/175/164 416/416/394 179/179/168
f 405/405/383 404/404/382 411/411/389
f 405/405/383 411/411/389 416/416/394
f 416/416/394 411/411/389 415/415/393
f 416/416/394 415/415/393 417/417/395
f 179/179/168 416/416/394 417/417/395
f 179/179/168 417/417/395 180/180/169
f 180/180/169 417/417/395 418/418/396
f 180/180/169 418/418/396 194/194/183
f 417/417/395 415/415/393 419/419/397
f 417/417/395 419/419/397 418/418/396
f 418/418/396 419/419/397 420/420/398
f 418/418/396 420/420/398 421/421/399
f 194/194/183 418/418/396 421/421/399
f 194/194/183 421/421/399 195/195/184
f 415/415/393 414/414/392 422/422/400
f 415/415/393 422/422/400 419/419/397
f 414/414/392 413/413/391 423/423/401
f 414/414/392 423/423/401 422/422/400
f 422/422/400 423/423/401 424/424/402
f 422/422/400 424/424/402 425/425/403
f 419/419/397 422/422/400 425/425/403
f 419/419/397 425/425/403 420/420/398
f 420/420/398 425/425/403 426/426/404
f 420/420/398 426/426/404 427/427/405
f 425/425/403 424/424/402 428/428/406
f 425/425/403 428/428/406 426/426/404
f 426/426/404 428/428/406 429/429/407
f 426/426/404 429/429/407 430/430/408
f 427/427/405 426/426/404 430/430/408
f 427/427/405 430/430/408 431/431/409
f 195/195/184 421/421/399 432/432/410
f 195/195/184 432/432/410 199/199/188
f 421/421/399 420/420/398 427/427/405
f 421/421/399 427/427/405 432/432/410
f 432/432/410 427/427/405 431/431/409
f 432/432/410 431/431/409 433/433/411
f 199/199/188 432/432/410 433/433/411
f 199/199/188 433/433/411 200/200/189
f 200/200/189 433/433/411 434/434/412
f 200/200/189 434/434/412 214/214/203
f 433/433/411 431/431/409 435/435/413
f 433/433/411 435/435/413 434/434/412
f 434/434/412 435/435/413 436/436/414
f 434/434/412 436/436/414 437/437/415
f 214/214/203 434/434/412 437/437/415
f 214/214/203 437/437/415 215/215/204
f 431/431/409 430/430/408 438/438/416
f 431/431/409 438/438/416 435/435/413
f 430/430/408 429/429/407 439/439/417
f 430/430/408 439/439/417 438/438/416
f 438/438/416 439/439/417 440/440/418
f 438/438/416 440/440/418 441/441/419
f 435/435/413 438/438/416 441/441/419
f 435/435/413 441/441/419 436/436/414
f 436/436/414 441/441/419 442/442/420
f 436/436/414 442/442/420 443/443/421
f 441/441/419 440/440/418 444/444/422
f 441/441/419 444/444/422 442/442/420
f 442/442/420 444/444/422 445/445/423
f 442/442/420 445/445/423 446/446/424
f 443/443/421 442/442/420 446/446/424
f 443/443/421 446/446/424 447/447/425
f 215/215/204 437/437/415 448/448/426
f 215/215/204 448/448/426 219/219/208
f 437/437/415 436/436/414 443/443/421
f 437/437/415 443/443/421 448/448/426
f 448/448/426 443/443/421 447/447/425
f 448/448/426 447/447/425 449/449/427
f 219/219/208 448/448/426 449/449/427
f 219/219/208 449/449/427 12/12/12
f 450/450/428 451/451/429 452/452/430
f 450/450/428 452/452/430 453/453/431
f 451/451/429 454/454/432 455/455/433
f 451/451/429 455/455/433 452/452/430
f 452/452/430 455/455/433 456/456/434
f 452/452/430 456/456/434 457/457/435
f 453/453/431 452/452/430 457/457/435
f 453/453/431 457/457/435 458/458/436
f 454/454/432 459/459/437 460/460/438
f 454/454/432 460/460/438 455/455/433
f 459/459/437 461/461/439 462/462/440
f 459/459/437 462/462/440 460/460/438
f 460/460/438 462/462/440 463/463/441
f 460/460/438 463/463/441 464/464/442
f 455/455/433 460/460/438 464/464/442
f 455/455/433 464/464/442 456/456/434
f 456/456/434 464/464/442 465/465/443
f 456/456/434 465/465/443 466/466/444
f 464/464/442 463/463/441 467/467/445
f 464/464/442 467/467/445 465/465/443
f 465/465/443 467/467/445 468/468/446
f 465/465/443 468/468/446 469/469/447
f 466/466/444 465/465/443 469/469/447
f 466/466/444 469/469/447 470/470/448
f 458/458/436 457/457/435 471/471/449
f 458/458/436 471/471/449 472/472/450
f 457/457/435 456/456/434 466/466/444
f 457/457/435 466/466/444 471/471/449
f 471/471/449 466/466/444 470/470/448
f 471/471/449 470/470/448 473/473/451
f 472/472/450 471/471/449 473/473/451
f 472/472/450 473/473/451 474/474/452
f 445/445/423 475/475/453 476/476/454
f 445/445/423 476/476/454 477/477/455
f 475/475/453 478/478/456 479/479/457
f 475/475/453 479/479/457 476/476/454
f 476/476/454 479/479/457 480/480/458
f 476/476/454 480/480/458 481/481/459
f 477/477/455 476/476/454 481/481/459
f 477/477/455 481/481/459 482/482/460
f 478/478/456 483/483/461 484/484/462
f 478/478/456 484/484/462 479/479/457
f 483/483/461 485/485/463 486/486/464
f 483/483/461 486/486/464 484/484/462
f 484/484/462 486/486/464 487/487/465
f 484/484/462 487/487/465 488/488/466
f 479/479/457 484/484/462 488/488/466
f 479/479/457 488/488/466 480/480/458
f 480/480/458 488/488/466 489/489/467
f 480/480/458 489/489/467 490/490/468
f 488/488/466 487/487/465 491/491/469
f 488/488/466 491/491/469 489/489/467
f 489/489/467 491/491/469 492/492/470
f 489/489/467 492/492/470 493/493/471
f 490/490/468 489/489/467 493/493/471
f 490/490/468 493/493/471 494/494/472
f 482/482/460 481/481/459 495/495/473
f 482/482/460 495/495/473 496/496/474
f 481/481/459 480/480/458 490/490/468
f 481/481/459 490/490/468 495/495/473
f 495/495/473 490/490/468 494/494/472
f 495/495/473 494/494/472 497/497/475
f 496/496/474 495/495/473 497/497/475
f 496/496/474 497/497/475 498/498/476
f 274/274/263 499/499/477 500/500/478
f 274/274/263 500/500/478 275/275/264
f 499/499/477 501/501/479 502/502/480
f 499/499/477 502/502/480 500/500/478
f 500/500/478 502/502/480 503/503/481
f 500/500/478 503/503/481 504/504/482
f 275/275/264 500/500/478 504/504/482
f 275/275/264 504/504/482 276/276/265
f 501/501/479 505/505/483 506/506/484
f 501/501/479 506/506/484 502/502/480
f 505/505/483 507/507/485 508/508/486
f 505/505/483 508/508/486 506/506/484
f 506/506/484 508/508/486 509/509/487
f 506/506/484 509/509/487 510/510/488
f 502/502/480 506/506/484 510/510/488
f 502/502/480 510/510/488 503/503/481
f 503/503/481 510/510/488 511/511/489
f 503/503/481 511/511/489 512/512/490
f 510/510/488 509/509/487 513/513/491
f 510/510/488 513/513/491 511/511/489
f 511/511/489 513/513/491 514/514/492
f 511/511/489 514/514/492 515/515/493
f 512/512/490 511/511/489 515/515/493
f 512/512/490 515/515/493 516/516/494
f 276/276/265 504/504/482 517/517/495
f 276/276/265 517/517/495 280/280/269
f 504/504/482 503/503/481 512/512/490
f 504/504/482 512/512/490 517/517/495
f 517/517/495 512/512/490 516/516/494
f 517/517/495 516/516/494 518/518/496
f 280/280/269 517/517/495 518/518/496
f 280/280/269 518/518/496 281/281/270
f 297/297/286 519/519/497 520/520/498
f 297/297/286 520/520/498 298/298/287
f 519/519/497 521/521/499 522/522/500
f 519/519/497 522/522/500 520/520/498
f 520/520/498 522/522/500 523/523/501
f 520/520/498 523/523/501 524/524/502
f 298/298/287 520/520/498 524/524/502
f 298/298/287 524/524/502 299/299/288
f 521/521/499 525/525/503 526/526/504
f 521/521/499 526/526/504 522/522/500
f 525/525/503 527/527/505 528/528/506
f 525/525/503 528/528/506 526/526/504
f 526/526/504 528/528/506 529/529/507
f 526/526/504 529/529/507 530/530/508
f 522/522/500 526/526/504 530/530/508
f 522/522/500 530/530/508 523/523/501
f 523/523/501 530/530/508 531/531/509
f 523/523/501 531/531/509 532/532/510
f 530/530/508 529/529/507 533/533/511
f 530/530/508 533/533/511 531/531/509
f 531/531/509 533/533/511 534/534/512
f 531/531/509 534/534/512 535/535/513
f 532/532/510 531/531/509 535/535/513
f 532/532/510 535/535/513 536/536/514
f 299/299/288 524/524/502 537/537/515
f 299/299/288 537/537/515 303/303/292
f 524/524/502 523/523/501 532/532/510
f 524/524/502 532/532/510 537/537/515
f 537/537/515 532/532/510 536/536/514
f 537/537/515 536/536/514 538/538/516
f 303/303/292 537/537/515 538/538/516
f 303/303/292 538/538/516 304/304/293
f 240/240/229 285/285/274 539/539/517
f 240/240/229 539/539/517 316/316/305
f 285/285/274 283/283/272 540/540/518
f 285/285/274 540/540/518 539/539/517
f 539/539/517 540/540/518 541/541/519
f 539/539/517 541/541/519 542/542/520
f 316/316/305 539/539/517 542/542/520
f 316/316/305 542/542/520 317/317/306
f 283/283/272 282/282/271 543/543/521
f 283/283/272 543/543/521 540/540/518
f 282/282/271 281/281/270 544/544/522
f 282/282/271 544/544/522 543/543/521
f 543/543/521 544/544/522 545/545/523
f 543/543/521 545/545/523 546/546/524
f 540/540/518 543/543/521 546/546/524
f 540/540/518 546/546/524 541/541/519
f 541/541/519 546/546/524 547/547/525
f 541/541/519 547/547/525 548/548/526
f 546/546/524 545/545/523 549/549/527
f 546/546/524 549/549/527 547/547/525
f 547/547/525 549/549/527 550/550/528
f 547/547/525 550/550/528 551/551/529
f 548/548/526 547/547/525 551/551/529
f 548/548/526 551/551/529 552/552/530
f 317/317/306 542/542/520 553/553/531
f 317/317/306 553/553/531 321/321/310
f 542/542/520 541/541/519 548/548/526
f 542/542/520 548/548/526 553/553/531
f 553/553/531 548/548/526 552/552/530
f 553/553/531 552/552/530 554/554/532
f 321/321/310 553/553/531 554/554/532
f 321/321/310 554/554/532 322/322/311
f 322/322/311 554/554/532 555/555/533
f 322/322/311 555/555/533 332/332/321
f 554/554/532 552/552/530 556/556/534
f 554/554/532 556/556/534 555/555/533
f 555/555/533 556/556/534 557/557/535
f 555/555/533 557/557/535 558/558/536
f 332/332/321 555/555/533 558/558/536
f 332/332/321 558/558/536 333/333/322
f 552/552/530 551/551/529 559/559/537
f 552/552/530 559/559/537 556/556/534
f 551/551/529 550/550/528 560/560/538
f 551/551/529 560/560/538 559/559/537
f 559/559/537 560/560/538 561/561/539
f 559/559/537 561/561/539 562/562/540
f 556/556/534 559/559/537 562/562/540
f 556/556/534 562/562/540 557/557/535
f 557/557/535 562/562/540 563/563/541
f 557/557/535 563/563/541 564/564/542
f 562/562/540 561/561/539 565/565/543
f 562/562/540 565/565/543 563/563/541
f 563/563/541 565/565/543 566/566/544
f 563/563/541 566/566/544 567/567/545
f 564/564/542 563/563/541 567/567/545
f 564/564/542 567/567/545 568/568/546
f 333/333/322 558/558/536 569/569/547
f 333/333/322 569/569/547 337/337/326
f 558/558/536 557/557/535 564/564/542
f 558/558/536 564/564/542 569/569/547
f 569/569/547 564/564/542 568/568/546
f 569/569/547 568/568/546 570/570/548
f 337/337/326 569/569/547 570/570/548
f 337/337/326 570/570/548 338/338/327
f 338/338/327 570/570/548 571/571/549
f 338/338/327 571/571/549 348/348/337
f 570/570/548 568/568/546 572/572/550
f 570/570/548 572/572/550 571/571/549
f 571/571/549 572/572/550 573/573/551
f 571/571/549 573/573/551 574/574/552
f 348/348/337 571/571/549 574/574/552
f 348/348/337 574/574/552 349/349/338
f 568/568/546 567/567/545 575/575/553
f 568/568/546 575/575/553 572/572/550
f 567/567/545 566/566/544 576/576/554
f 567/567/545 576/576/554 575/575/553
f 575/575/553 576/576/554 577/577/555
f 575/575/553 577/577/555 578/578/556
f 572/572/550 575/575/553 578/578/556
f 572/572/550 578/578/556 573/573/551
f 573/573/551 578/578/556 579/579/557
f 573/573/551 579/579/557 580/580/558
f 578/578/556 577/577/555 581/581/559
f 578/578/556 581/581/559 579/579/557
f 579/579/557 581/581/559 582/582/560
f 579/579/557 582/582/560 583/583/561
f 580/580/558 579/579/557 583/583/561
f 580/580/558 583/583/561 584/584/562
f 349/349/338 574/574/552 585/585/563
f 349/349/338 585/585/563 353/353/342
f 574/574/552 573/573/551 580/580/558
f 574/574/552 580/580/558 585/585/563
f 585/585/563 580/580/558 584/584/562
f 585/585/563 584/584/562 586/586/564
f 353/353/342 585/585/563 586/586/564
f 353/353/342 586/586/564 354/354/343
f 354/354/343 586/586/564 587/587/565
f 354/354/343 587/587/565 364/364/353
f 586/586/564 584/584/562 588/588/566
f 586/586/564 588/588/566 587/587/565
f 587/587/565 588/588/566 589/589/567
f 587/587/565 589/589/567 590/590/568
f 364/364/353 587/587/565 590/590/568
f 364/364/353 590/590/568 365/365/354
f 584/584/562 583/583/561 591/591/569
f 584/584/562 591/591/569 588/588/566
f 583/583/561 582/582/560 592/592/570
f 583/583/561 592/592/570 591/591/569
f 591/591/569 592/592/570 593/593/571
f 591/591/569 593/593/571 594/594/572
f 588/588/566 591/591/569 594/594/572
f 588/588/566 594/594/572 589/589/567
f 595/595/567 596/596/572 597/597/573
f 595/595/567 597/597/573 598/598/574
f 596/596/572 599/599/571 600/600/575
f 596/596/572 600/600/575 597/597/573
f 597/597/573 600/600/575 601/601/576
f 597/597/573 601/601/576 602/602/577
f 598/598/574 597/597/573 602/602/577
f 598/598/574 602/602/577 603/603/578
f 371/371/354 604/604/568 605/605/579
f 371/371/354 605/605/579 372/372/358
f 604/604/568 595/595/567 598/598/574
f 604/604/568 598/598/574 605/605/579
f 605/605/579 598/598/574 603/603/578
f 605/605/579 603/603/578 606/606/580
f 372/372/358 605/605/579 606/606/580
f 372/372/358 606/606/580 373/373/359
f 387/387/359 607/607/580 608/608/581
f 387/387/359 608/608/581 388/388/369
f 607/607/580 609/609/578 610/610/582
f 607/607/580 610/610/582 608/608/581
f 608/608/581 610/610/582 611/611/583
f 608/608/581 611/611/583 612/612/584
f 388/388/369 608/608/581 612/612/584
f 388/388/369 612/612/584 389/389/370
f 609/609/578 613/613/577 614/614/585
f 609/609/578 614/614/585 610/610/582
f 613/613/577 615/615/576 616/616/586
f 613/613/577 616/616/586 614/614/585
f 614/614/585 616/616/586 617/617/587
f 614/614/585 617/617/587 618/618/588
f 610/610/582 614/614/585 618/618/588
f 610/610/582 618/618/588 611/611/583
f 619/619/583 620/620/588 621/621/589
f 619/619/583 621/621/589 622/622/590
f 620/620/588 617/617/587 623/623/591
f 620/620/588 623/623/591 621/621/589
f 621/621/589 623/623/591 624/624/592
f 621/621/589 624/624/592 625/625/593
f 622/622/590 621/621/589 625/625/593
f 622/622/590 625/625/593 626/626/594
f 394/394/370 627/627/584 628/628/595
f 394/394/370 628/628/595 395/395/374
f 627/627/584 619/619/583 622/622/590
f 627/627/584 622/622/590 628/628/595
f 628/628/595 622/622/590 626/626/594
f 628/628/595 626/626/594 629/629/596
f 395/395/374 628/628/595 629/629/596
f 395/395/374 629/629/596 396/396/375
f 396/396/375 629/629/596 630/630/597
f 396/396/375 630/630/597 407/407/385
f 629/629/596 626/626/594 631/631/598
f 629/629/596 631/631/598 630/630/597
f 630/630/597 631/631/598 632/632/599
f 630/630/597 632/632/599 633/633/600
f 407/407/385 630/630/597 633/633/600
f 407/407/385 633/633/600 408/408/386
f 626/626/594 625/625/593 634/634/601
f 626/626/594 634/634/601 631/631/598
f 625/625/593 624/624/592 635/635/602
f 625/625/593 635/635/602 634/634/601
f 634/634/601 635/635/602 636/636/603
f 634/634/601 636/636/603 637/637/604
f 631/631/598 634/634/601 637/637/604
f 631/631/598 637/637/604 632/632/599
f 632/632/599 637/637/604 638/638/605
f 632/632/599 638/638/605 639/639/606
f 637/637/604 636/636/603 640/640/607
f 637/637/604 640/640/607 638/638/605
f 638/638/605 640/640/607 641/641/608
f 638/638/605 641/641/608 642/642/609
f 639/639/606 638/638/605 642/642/609
f 639/639/606 642/642/609 643/643/610
f 408/408/386 633/633/600 644/644/611
f 408/408/386 644/644/611 412/412/390
f 633/633/600 632/632/599 639/639/606
f 633/633/600 639/639/606 644/644/611
f 644/644/611 639/639/606 643/643/610
f 644/644/611 643/643/610 645/645/612
f 412/412/390 644/644/611 645/645/612
f 412/412/390 645/645/612 413/413/391
f 413/413/391 645/645/612 646/646/613
f 413/413/391 646/646/613 423/423/401
f 645/645/612 643/643/610 647/647/614
f 645/645/612 647/647/614 646/646/613
f 646/646/613 647/647/614 648/648/615
f 646/646/613 648/648/615 649/649/616
f 423/423/401 646/646/613 649/649/616
f 423/423/401 649/649/616 424/424/402
f 643/643/610 642/642/609 650/650/617
f 643/643/610 650/650/617 647/647/614
f 642/642/609 641/641/608 651/651/618
f 642/642/609 651/651/618 650/650/617
f 650/650/617 651/651/618 652/652/619
f 650/650/617 652/652/619 653/653/620
f 647/647/614 650/650/617 653/653/620
f 647/647/614 653/653/620 648/648/615
f 648/648/615 653/653/620 654/654/621
f 648/648/615 654/654/621 655/655/622
f 653/653/620 652/652/619 656/656/623
f 653/653/620 656/656/623 654/654/621
f 654/654/621 656/656/623 657/657/624
f 654/654/621 657/657/624 658/658/625
f 655/655/622 654/654/621 658/658/625
f 655/655/622 658/658/625 659/659/626
f 424/424/402 649/649/616 660/660/627
f 424/424/402 660/660/627 428/428/406
f 649/649/616 648/648/615 655/655/622
f 649/649/616 655/655/622 660/660/627
f 660/660/627 655/655/622 659/659/626
f 660/660/627 659/659/626 661/661/628
f 428/428/406 660/660/627 661/661/628
f 428/428/406 661/661/628 429/429/407
f 429/429/407 661/661/628 662/662/629
f 429/429/407 662/662/629 439/439/417
f 661/661/628 659/659/626 663/663/630
f 661/661/628 663/663/630 662/662/629
f 662/662/629 663/663/630 664/664/631
f 662/662/629 664/664/631 665/665/632
f 439/439/417 662/662/629 665/665/632
f 439/439/417 665/665/632 440/440/418
f 659/659/626 658/658/625 666/666/633
f 659/659/626 666/666/633 663/663/630
f 658/658/625 657/657/624 667/667/634
f 658/658/625 667/667/634 666/666/633
f 666/666/633 667/667/634 668/668/635
f 666/666/633 668/668/635 669/669/636
f 663/663/630 666/666/633 669/669/636
f 663/663/630 669/669/636 664/664/631
f 664/664/631 669/669/636 670/670/637
f 664/664/631 670/670/637 671/671/638
f 669/669/636 668/668/635 672/672/639
f 669/669/636 672/672/639 670/670/637
f 670/670/637 672/672/639 485/485/463
f 670/670/637 485/485/463 483/483/461
f 671/671/638 670/670/637 483/483/461
f 671/671/638 483/483/461 478/478/456
f 440/440/418 665/665/632 673/673/640
f 440/440/418 673/673/640 444/444/422
f 665/665/632 664/664/631 671/671/638
f 665/665/632 671/671/638 673/673/640
f 673/673/640 671/671/638 478/478/456
f 673/673/640 478/478/456 475/475/453
f 444/444/422 673/673/640 475/475/453
f 444/444/422 475/475/453 445/445/423
f 461/461/439 674/674/641 675/675/642
f 461/461/439 675/675/642 462/462/440
f 674/674/641 676/676/643 677/677/644
f 674/674/641 677/677/644 675/675/642
f 675/675/642 677/677/644 678/678/645
f 675/675/642 678/678/645 679/679/646
f 462/462/440 675/675/642 679/679/646
f 462/462/440 679/679/646 463/463/441
f 676/676/643 680/680/647 681/681/648
f 676/676/643 681/681/648 677/677/644
f 680/680/647 682/682/649 683/683/650
f 680/680/647 683/683/650 681/681/648
f 681/681/648 683/683/650 684/684/651
f 681/681/648 684/684/651 685/685/652
f 677/677/644 681/681/648 685/685/652
f 677/677/644 685/685/652 678/678/645
f 678/678/645 685/685/652 686/686/653
f 678/678/645 686/686/653 687/687/654
f 685/685/652 684/684/651 688/688/655
f 685/685/652 688/688/655 686/686/653
f 686/686/653 688/688/655 689/689/656
f 686/686/653 689/689/656 690/690/657
f 687/687/654 686/686/653 690/690/657
f 687/687/654 690/690/657 691/691/658
f 463/463/441 679/679/646 692/692/659
f 463/463/441 692/692/659 467/467/445
f 679/679/646 678/678/645 687/687/654
f 679/679/646 687/687/654 692/692/659
f 692/692/659 687/687/654 691/691/658
f 692/692/659 691/691/658 693/693/660
f 467/467/445 692/692/659 693/693/660
f 467/467/445 693/693/660 468/468/446
f 485/485/463 694/694/661 695/695/662
f 485/485/463 695/695/662 486/486/464
f 694/694/661 696/696/663 697/697/664
f 694/694/661 697/697/664 695/695/662
f 695/695/662 697/697/664 698/698/665
f 695/695/662 698/698/665 699/699/666
f 486/486/464 695/695/662 699/699/666
f 486/486/464 699/699/666 487/487/465
f 696/696/663 700/700/667 701/701/668
f 696/696/663 701/701/668 697/697/664
f 700/700/667 702/702/669 703/703/670
f 700/700/667 703/703/670 701/701/668
f 701/701/668 703/703/670 704/704/671
f 701/701/668 704/704/671 705/705/672
f 697/697/664 701/701/668 705/705/672
f 697/697/664 705/705/672 698/698/665
f 698/698/665 705/705/672 706/706/673
f 698/698/665 706/706/673 707/707/674
f 705/705/672 704/704/671 708/708/675
f 705/705/672 708/708/675 706/706/673
f 706/706/673 708/708/675 709/709/676
f 706/706/673 709/709/676 710/710/677
f 707/707/674 706/706/673 710/710/677
f 707/707/674 710/710/677 711/711/678
f 487/487/465 699/699/666 712/712/679
f 487/487/465 712/712/679 491/491/469
f 699/699/666 698/698/665 707/707/674
f 699/699/666 707/707/674 712/712/679
f 712/712/679 707/707/674 711/711/678
f 712/712/679 711/711/678 713/713/680
f 491/491/469 712/712/679 713/713/680
f 491/491/469 713/713/680 492/492/470
f 507/507/485 714/714/681 715/715/682
f 507/507/485 715/715/682 508/508/486
f 714/714/681 716/716/683 717/717/684
f 714/714/681 717/717/684 715/715/682
f 715/715/682 717/717/684 718/718/685
f 715/715/682 718/718/685 719/719/686
f 508/508/486 715/715/682 719/719/686
f 508/508/486 719/719/686 509/509/487
f 716/716/683 720/720/687 721/721/688
f 716/716/683 721/721/688 717/717/684
f 720/720/687 722/722/689 723/723/690
f 720/720/687 723/723/690 721/721/688
f 721/721/688 723/723/690 724/724/691
f 721/721/688 724/724/691 725/725/692
f 717/717/684 721/721/688 725/725/692
f 717/717/684 725/725/692 718/718/685
f 718/718/685 725/725/692 726/726/693
f 718/718/685 726/726/693 727/727/694
f 725/725/692 724/724/691 728/728/695
f 725/725/692 728/728/695 726/726/693
f 726/726/693 728/728/695 729/729/696
f 726/726/693 729/729/696 730/730/697
f 727/727/694 726/726/693 730/730/697
f 727/727/694 730/730/697 731/731/698
f 509/509/487 719/719/686 732/732/699
f 509/509/487 732/732/699 513/513/491
f 719/719/686 718/718/685 727/727/694
f 719/719/686 727/727/694 732/732/699
f 732/732/699 727/727/694 731/731/698
f 732/732/699 731/731/698 733/733/700
f 513/513/491 732/732/699 733/733/700
f 513/513/491 733/733/700 514/514/492
f 527/527/505 734/734/701 735/735/702
f 527/527/505 735/735/702 528/528/506
f 734/734/701 736/736/703 737/737/704
f 734/734/701 737/737/704 735/735/702
f 735/735/702 737/737/704 738/738/705
f 735/735/702 738/738/705 739/739/706
f 528/528/506 735/735/702 739/739/706
f 528/528/506 739/739/706 529/529/507
f 736/736/703 740/740/707 741/741/708
f 736/736/703 741/741/708 737/737/704
f 740/740/707 742/742/709 743/743/710
f 740/740/707 743/743/710 741/741/708
f 741/741/708 743/743/710 744/744/711
f 741/741/708 744/744/711 745/745/712
f 737/737/704 741/741/708 745/745/712
f 737/737/704 745/745/712 738/738/705
f 738/738/705 745/745/712 746/746/713
f 738/738/705 746/746/713 747/747/714
f 745/745/712 744/744/711 748/748/715
f 745/745/712 748/748/715 746/746/713
f 746/746/713 748/748/715 749/749/716
f 746/746/713 749/749/716 750/750/717
f 747/747/714 746/746/713 750/750/717
f 747/747/714 750/750/717 751/751/718
f 529/529/507 739/739/706 752/752/719
f 529/529/507 752/752/719 533/533/511
f 739/739/706 738/738/705 747/747/714
f 739/739/706 747/747/714 752/752/719
f 752/752/719 747/747/714 751/751/718
f 752/752/719 751/751/718 753/753/720
f 533/533/511 752/752/719 753/753/720
f 533/533/511 753/753/720 534/534/512
f 281/281/270 518/518/496 754/754/721
f 281/281/270 754/754/721 544/544/522
f 518/518/496 516/516/494 755/755/722
f 518/518/496 755/755/722 754/754/721
f 754/754/721 755/755/722 756/756/723
f 754/754/721 756/756/723 757/757/724
f 544/544/522 754/754/721 757/757/724
f 544/544/522 757/757/724 545/545/523
f 516/516/494 515/515/493 758/758/725
f 516/516/494 758/758/725 755/755/722
f 515/515/493 514/514/492 759/759/726
f 515/515/493 759/759/726 758/758/725
f 758/758/725 759/759/726 760/760/727
f 758/758/725 760/760/727 761/761/728
f 755/755/722 758/758/725 761/761/728
f 755/755/722 761/761/728 756/756/723
f 756/756/723 761/761/728 762/762/729
f 756/756/723 762/762/729 763/763/730
f 761/761/728 760/760/727 764/764/731
f 761/761/728 764/764/731 762/762/729
f 762/762/729 764/764/731 765/765/732
f 762/762/729 765/765/732 766/766/733
f 763/763/730 762/762/729 766/766/733
f 763/763/730 766/766/733 767/767/734
f 545/545/523 757/757/724 768/768/735
f 545/545/523 768/768/735 549/549/527
f 757/757/724 756/756/723 763/763/730
f 757/757/724 763/763/730 768/768/735
f 768/768/735 763/763/730 767/767/734
f 768/768/735 767/767/734 769/769/736
f 549/549/527 768/768/735 769/769/736
f 549/549/527 769/769/736 550/550/528
f 550/550/528 769/769/736 770/770/737
f 550/550/528 770/770/737 560/560/538
f 769/769/736 767/767/734 771/771/738
f 769/769/736 771/771/738 770/770/737
f 770/770/737 771/771/738 772/772/739
f 770/770/737 772/772/739 773/773/740
f 560/560/538 770/770/737 773/773/740
f 560/560/538 773/773/740 561/561/539
f 767/767/734 766/766/733 774/774/741
f 767/767/734 774/774/741 771/771/738
f 766/766/733 765/765/732 775/775/742
f 766/766/733 775/775/742 774/774/741
f 774/774/741 775/775/742 776/776/743
f 774/774/741 776/776/743 777/777/744
f 771/771/738 774/774/741 777/777/744
f 771/771/738 777/777/744 772/772/739
f 772/772/739 777/777/744 778/778/745
f 772/772/739 778/778/745 779/779/746
f 777/777/744 776/776/743 780/780/747
f 777/777/744 780/780/747 778/778/745
f 778/778/745 780/780/747 781/781/748
f 778/778/745 781/781/748 782/782/749
f 779/779/746 778/778/745 782/782/749
f 779/779/746 782/782/749 783/783/750
f 561/561/539 773/773/740 784/784/751
f 561/561/539 784/784/751 565/565/543
f 773/773/740 772/772/739 779/779/746
f 773/773/740 779/779/746 784/784/751
f 784/784/751 779/779/746 783/783/750
f 784/784/751 783/783/750 785/785/752
f 565/565/543 784/784/751 785/785/752
f 565/565/543 785/785/752 566/566/544
f 566/566/544 785/785/752 786/786/753
f 566/566/544 786/786/753 576/576/554
f 785/785/752 783/783/750 787/787/754
f 785/785/752 787/787/754 786/786/753
f 786/786/753 787/787/754 788/788/755
f 786/786/753 788/788/755 789/789/756
f 576/576/554 786/786/753 789/789/756
f 576/576/554 789/789/756 577/577/555
f 783/783/750 782/782/749 790/790/757
f 783/783/750 790/790/757 787/787/754
f 782/782/749 781/781/748 791/791/758
f 782/782/749 791/791/758 790/790/757
f 790/790/757 791/791/758 792/792/759
f 790/790/757 792/792/759 793/793/760
f 787/787/754 790/790/757 793/793/760
f 787/787/754 793/793/760 788/788/755
f 788/788/755 793/793/760 794/794/761
f 788/788/755 794/794/761 795/795/762
f 793/793/760 792/792/759 796/796/763
f 793/793/760 796/796/763 794/794/761
f 794/794/761 796/796/763 797/797/764
f 794/794/761 797/797/764 798/798/765
f 795/795/762 794/794/761 798/798/765
f 795/795/762 798/798/765 799/799/766
f 577/577/555 789/789/756 800/800/767
f 577/577/555 800/800/767 581/581/559
f 789/789/756 788/788/755 795/795/762
f 789/789/756 795/795/762 800/800/767
f 800/800/767 795/795/762 799/799/766
f 800/800/767 799/799/766 801/801/768
f 581/581/559 800/800/767 801/801/768
f 581/581/559 801/801/768 582/582/560
f 582/582/560 801/801/768 802/802/769
f 582/582/560 802/802/769 592/592/570
f 801/801/768 799/799/766 803/803/770
f 801/801/768 803/803/770 802/802/769
f 802/802/769 803/803/770 804/804/771
f 802/802/769 804/804/771 805/805/772
f 592/592/570 802/802/769 805/805/772
f 592/592/570 805/805/772 593/593/571
f 799/799/766 798/798/765 806/806/773
f 799/799/766 806/806/773 803/803/770
f 798/798/765 797/797/764 807/807/774
f 798/798/765 807/807/774 806/806/773
f 806/806/773 807/807/774 808/808/775
f 806/806/773 808/808/775 809/809/776
f 803/803/770 806/806/773 809/809/776
f 803/803/770 809/809/776 804/804/771
f 810/810/771 811/811/776 812/812/777
f 810/810/771 812/812/777 813/813/778
f 811/811/776 814/814/775 815/815/779
f 811/811/776 815/815/779 812/812/777
f 812/812/777 815/815/779 816/816/780
f 812/812/777 816/816/780 817/817/781
f 813/813/778 812/812/777 817/817/781
f 813/813/778 817/817/781 818/818/782
f 599/599/571 819/819/772 820/820/783
f 599/599/571 820/820/783 600/600/575
f 819/819/772 810/810/771 813/813/778
f 819/819/772 813/813/778 820/820/783
f 820/820/783 813/813/778 818/818/782
f 820/820/783 818/818/782 821/821/784
f 600/600/575 820/820/783 821/821/784
f 600/600/575 821/821/784 601/601/576
f 615/615/576 822/822/784 823/823/785
f 615/615/576 823/823/785 616/616/586
f 822/822/784 824/824/782 825/825/786
f 822/822/784 825/825/786 823/823/785
f 823/823/785 825/825/786 826/826/787
f 823/823/785 826/826/787 827/827/788
f 616/616/586 823/823/785 827/827/788
f 616/616/586 827/827/788 617/617/587
f 824/824/782 828/828/781 829/829/789
f 824/824/782 829/829/789 825/825/786
f 828/828/781 830/830/780 831/831/790
f 828/828/781 831/831/790 829/829/789
f 829/829/789 831/831/790 832/832/791
f 829/829/789 832/832/791 833/833/792
f 825/825/786 829/829/789 833/833/792
f 825/825/786 833/833/792 826/826/787
f 834/834/787 835/835/792 836/836/793
f 834/834/787 836/836/793 837/837/794
f 835/835/792 838/838/791 839/839/795
f 835/835/792 839/839/795 836/836/793
f 836/836/793 839/839/795 840/840/796
f 836/836/793 840/840/796 841/841/797
f 837/837/794 836/836/793 841/841/797
f 837/837/794 841/841/797 842/842/798
f 617/617/587 843/843/788 844/844/799
f 617/617/587 844/844/799 623/623/591
f 843/843/788 834/834/787 837/837/794
f 843/843/788 837/837/794 844/844/799
f 844/844/799 837/837/794 842/842/798
f 844/844/799 842/842/798 845/845/800
f 623/623/591 844/844/799 845/845/800
f 623/623/591 845/845/800 624/624/592
f 624/624/592 845/845/800 846/846/801
f 624/624/592 846/846/801 635/635/602
f 845/845/800 842/842/798 847/847/802
f 845/845/800 847/847/802 846/846/801
f 846/846/801 847/847/802 848/848/803
f 846/846/801 848/848/803 849/849/804
f 635/635/602 846/846/801 849/849/804
f 635/635/602 849/849/804 636/636/603
f 842/842/798 841/841/797 850/850/805
f 842/842/798 850/850/805 847/847/802
f 841/841/797 840/840/796 851/851/806
f 841/841/797 851/851/806 850/850/805
f 850/850/805 851/851/806 852/852/807
f 850/850/805 852/852/807 853/853/808
f 847/847/802 850/850/805 853/853/808
f 847/847/802 853/853/808 848/848/803
f 848/848/803 853/853/808 854/854/809
f 848/848/803 854/854/809 855/855/810
f 853/853/808 852/852/807 856/856/811
f 853/853/808 856/856/811 854/854/809
f 854/854/809 856/856/811 857/857/812
f 854/854/809 857/857/812 858/858/813
f 855/855/810 854/854/809 858/858/813
f 855/855/810 858/858/813 859/859/814
f 636/636/603 849/849/804 860/860/815
f 636/636/603 860/860/815 640/640/607
f 849/849/804 848/848/803 855/855/810
f 849/849/804 855/855/810 860/860/815
f 860/860/815 855/855/810 859/859/814
f 860/860/815 859/859/814 861/861/816
f 640/640/607 860/860/815 861/861/816
f 640/640/607 861/861/816 641/641/608
f 641/641/608 861/861/816 862/862/817
f 641/641/608 862/862/817 651/651/618
f 861/861/816 859/859/814 863/863/818
f 861/861/816 863/863/818 862/862/817
f 862/862/817 863/863/818 864/864/819
f 862/862/817 864/864/819 865/865/820
f 651/651/618 862/862/817 865/865/820
f 651/651/618 865/865/820 652/652/619
f 859/859/814 858/858/813 866/866/821
f 859/859/814 866/866/821 863/863/818
f 858/858/813 857/857/812 867/867/822
f 858/858/813 867/867/822 866/866/821
f 866/866/821 867/867/822 868/868/823
f 866/866/821 868/868/823 869/869/824
f 863/863/818 866/866/821 869/869/824
f 863/863/818 869/869/824 864/864/819
f 864/864/819 869/869/824 870/870/825
f 864/864/819 870/870/825 871/871/826
f 869/869/824 868/868/823 872/872/827
f 869/869/824 872/872/827 870/870/825
f 870/870/825 872/872/827 873/873/828
f 870/870/825 873/873/828 874/874/829
f 871/871/826 870/870/825 874/874/829
f 871/871/826 874/874/829 875/875/830
f 652/652/619 865/865/820 876/876/831
f 652/652/619 876/876/831 656/656/623
f 865/865/820 864/864/819 871/871/826
f 865/865/820 871/871/826 876/876/831
f 876/876/831 871/871/826 875/875/830
f 876/876/831 875/875/830 877/877/832
f 656/656/623 876/876/831 877/877/832
f 656/656/623 877/877/832 657/657/624
f 657/657/624 877/877/832 878/878/833
f 657/657/624 878/878/833 667/667/634
f 877/877/832 875/875/830 879/879/834
f 877/877/832 879/879/834 878/878/833
f 878/878/833 879/879/834 880/880/835
f 878/878/833 880/880/835 881/881/836
f 667/667/634 878/878/833 881/881/836
f 667/667/634 881/881/836 668/668/635
f 875/875/830 874/874/829 882/882/837
f 875/875/830 882/882/837 879/879/834
f 874/874/829 873/873/828 883/883/838
f 874/874/829 883/883/838 882/882/837
f 882/882/837 883/883/838 884/884/839
f 882/882/837 884/884/839 885/885/840
f 879/879/834 882/882/837 885/885/840
f 879/879/834 885/885/840 880/880/835
f 880/880/835 885/885/840 886/886/841
f 880/880/835 886/886/841 887/887/842
f 885/885/840 884/884/839 888/888/843
f 885/885/840 888/888/843 886/886/841
f 886/886/841 888/888/843 702/702/669
f 886/886/841 702/702/669 700/700/667
f 887/887/842 886/886/841 700/700/667
f 887/887/842 700/700/667 696/696/663
f 668/668/635 881/881/836 889/889/844
f 668/668/635 889/889/844 672/672/639
f 881/881/836 880/880/835 887/887/842
f 881/881/836 887/887/842 889/889/844
f 889/889/844 887/887/842 696/696/663
f 889/889/844 696/696/663 694/694/661
f 672/672/639 889/889/844 694/694/661
f 672/672/639 694/694/661 485/485/463
f 682/682/649 890/890/845 891/891/846
f 682/682/649 891/891/846 683/683/650
f 890/890/845 892/892/847 893/893/848
f 890/890/845 893/893/848 891/891/846
f 891/891/846 893/893/848 894/894/849
f 891/891/846 894/894/849 895/895/850
f 683/683/650 891/891/846 895/895/850
f 683/683/650 895/895/850 684/684/651
f 892/892/847 896/896/851 897/897/852
f 892/892/847 897/897/852 893/893/848
f 896/896/851 898/898/853 899/899/854
f 896/896/851 899/899/854 897/897/852
f 897/897/852 899/899/854 900/900/855
f 897/897/852 900/900/855 901/901/856
f 893/893/848 897/897/852 901/901/856
f 893/893/848 901/901/856 894/894/849
f 894/894/849 901/901/856 902/902/857
f 894/894/849 902/902/857 903/903/858
f 901/901/856 900/900/855 904/904/859
f 901/901/856 904/904/859 902/902/857
f 902/902/857 904/904/859 905/905/860
f 902/902/857 905/905/860 906/906/861
f 903/903/858 902/902/857 906/906/861
f 903/903/858 906/906/861 907/907/862
f 684/684/651 895/895/850 908/908/863
f 684/684/651 908/908/863 688/688/655
f 895/895/850 894/894/849 903/903/858
f 895/895/850 903/903/858 908/908/863
f 908/908/863 903/903/858 907/907/862
f 908/908/863 907/907/862 909/909/864
f 688/688/655 908/908/863 909/909/864
f 688/688/655 909/909/864 689/689/656
f 702/702/669 910/910/865 911/911/866
f 702/702/669 911/911/866 703/703/670
f 910/910/865 912/912/867 913/913/868
f 910/910/865 913/913/868 911/911/866
f 911/911/866 913/913/868 914/914/869
f 911/911/866 914/914/869 915/915/870
f 703/703/670 911/911/866 915/915/870
f 703/703/670 915/915/870 704/704/671
f 912/912/867 916/916/871 917/917/872
f 912/912/867 917/917/872 913/913/868
f 916/916/871 918/918/873 919/919/874
f 916/916/871 919/919/874 917/917/872
f 917/917/872 919/919/874 920/920/875
f 917/917/872 920/920/875 921/921/876
f 913/913/868 917/917/872 921/921/876
f 913/913/868 921/921/876 914/914/869
f 914/914/869 921/921/876 922/922/877
f 914/914/869 922/922/877 923/923/878
f 921/921/876 920/920/875 924/924/879
f 921/921/876 924/924/879 922/922/877
f 922/922/877 924/924/879 925/925/880
f 922/922/877 925/925/880 926/926/881
f 923/923/878 922/922/877 926/926/881
f 923/923/878 926/926/881 927/927/882
f 704/704/671 915/915/870 928/928/883
f 704/704/671 928/928/883 708/708/675
f 915/915/870 914/914/869 923/923/878
f 915/915/870 923/923/878 928/928/883
f 928/928/883 923/923/878 927/927/882
f 928/928/883 927/927/882 929/929/884
f 708/708/675 928/928/883 929/929/884
f 708/708/675 929/929/884 709/709/676
f 722/722/689 930/930/885 931/931/886
f 722/722/689 931/931/886 723/723/690
f 930/930/885 932/932/887 933/933/888
f 930/930/885 933/933/888 931/931/886
f 931/931/886 933/933/888 934/934/889
f 931/931/886 934/934/889 935/935/890
f 723/723/690 931/931/886 935/935/890
f 723/723/690 935/935/890 724/724/691
f 932/932/887 936/936/891 937/937/892
f 932/932/887 937/937/892 938/938/888
f 936/936/891 939/939/893 940/940/894
f 936/936/891 940/940/894 937/937/892
f 937/937/892 940/940/894 941/941/895
f 937/937/892 941/941/895 942/942/896
f 938/938/888 937/937/892 942/942/896
f 938/938/888 942/942/896 943/943/889
f 943/943/889 942/942/896 944/944/897
f 943/943/889 944/944/897 945/945/898
f 942/942/896 941/941/895 946/946/899
f 942/942/896 946/946/899 944/944/897
f 944/944/897 946/946/899 947/947/900
f 944/944/897 947/947/900 948/948/901
f 945/945/898 944/944/897 948/948/901
f 945/945/898 948/948/901 949/949/902
f 724/724/691 935/935/890 950/950/903
f 724/724/691 950/950/903 728/728/695
f 935/935/890 934/934/889 951/951/898
f 935/935/890 951/951/898 950/950/903
f 950/950/903 951/951/898 952/952/902
f 950/950/903 952/952/902 953/953/904
f 728/728/695 950/950/903 953/953/904
f 728/728/695 953/953/904 729/729/696
f 742/742/709 954/954/905 955/955/906
f 742/742/709 955/955/906 743/743/710
f 954/954/905 956/956/907 957/957/908
f 954/954/905 957/957/908 955/955/906
f 955/955/906 957/957/908 958/958/909
f 955/955/906 958/958/909 959/959/910
f 743/743/710 955/955/906 959/959/910
f 743/743/710 959/959/910 744/744/711
f 956/956/907 960/960/911 961/961/912
f 956/956/907 961/961/912 957/957/908
f 960/960/911 962/962/913 963/963/914
f 960/960/911 963/963/914 961/961/912
f 961/961/912 963/963/914 964/964/915
f 961/961/912 964/964/915 965/965/916
f 957/957/908 961/961/912 965/965/916
f 957/957/908 965/965/916 958/958/909
f 958/958/909 965/965/916 966/966/917
f 958/958/909 966/966/917 967/967/918
f 965/965/916 964/964/915 968/968/919
f 965/965/916 968/968/919 966/966/917
f 966/966/917 968/968/919 969/969/920
f 966/966/917 969/969/920 970/970/921
f 967/967/918 966/966/917 970/970/921
f 967/967/918 970/970/921 971/971/922
f 744/744/711 959/959/910 972/972/923
f 744/744/711 972/972/923 748/748/715
f 959/959/910 958/958/909 967/967/918
f 959/959/910 967/967/918 972/972/923
f 972/972/923 967/967/918 971/971/922
f 972/972/923 971/971/922 973/973/924
f 748/748/715 972/972/923 973/973/924
f 748/748/715 973/973/924 749/749/716
f 514/514/492 733/733/700 974/974/925
f 514/514/492 974/974/925 759/759/726
f 733/733/700 731/731/698 975/975/926
f 733/733/700 975/975/926 974/974/925
f 974/974/925 975/975/926 976/976/927
f 974/974/925 976/976/927 977/977/928
f 759/759/726 974/974/925 977/977/928
f 759/759/726 977/977/928 760/760/727
f 731/731/698 730/730/697 978/978/929
f 731/731/698 978/978/929 975/975/926
f 730/730/697 729/729/696 979/979/930
f 730/730/697 979/979/930 978/978/929
f 978/978/929 979/979/930 980/980/931
f 978/978/929 980/980/931 981/981/932
f 975/975/926 978/978/929 981/981/932
f 975/975/926 981/981/932 976/976/927
f 976/976/927 981/981/932 982/982/933
f 976/976/927 982/982/933 983/983/934
f 981/981/932 980/980/931 984/984/935
f 981/981/932 984/984/935 982/982/933
f 982/982/933 984/984/935 985/985/936
f 982/982/933 985/985/936 986/986/937
f 983/983/934 982/982/933 986/986/937
f 983/983/934 986/986/937 987/987/938
f 760/760/727 977/977/928 988/988/939
f 760/760/727 988/988/939 764/764/731
f 977/977/928 976/976/927 983/983/934
f 977/977/928 983/983/934 988/988/939
f 988/988/939 983/983/934 987/987/938
f 988/988/939 987/987/938 989/989/940
f 764/764/731 988/988/939 989/989/940
f 764/764/731 989/989/940 765/765/732
f 765/765/732 989/989/940 990/990/941
f 765/765/732 990/990/941 775/775/742
f 989/989/940 987/987/938 991/991/942
f 989/989/940 991/991/942 990/990/941
f 990/990/941 991/991/942 992/992/943
f 990/990/941 992/992/943 993/993/944
f 775/775/742 990/990/941 993/993/944
f 775/775/742 993/993/944 776/776/743
f 987/987/938 986/986/937 994/994/945
f 987/987/938 994/994/945 991/991/942
f 986/986/937 985/985/936 995/995/946
f 986/986/937 995/995/946 994/994/945
f 994/994/945 995/995/946 996/996/947
f 994/994/945 996/996/947 997/997/948
f 991/991/942 994/994/945 997/997/948
f 991/991/942 997/997/948 992/992/943
f 992/992/943 997/997/948 998/998/949
f 992/992/943 998/998/949 999/999/950
f 997/997/948 996/996/947 1000/1000/951
f 997/997/948 1000/1000/951 998/998/949
f 998/998/949 1000/1000/951 1001/1001/952
f 998/998/949 1001/1001/952 1002/1002/953
f 999/999/950 998/998/949 1002/1002/953
f 999/999/950 1002/1002/953 1003/1003/954
f 776/776/743 993/993/944 1004/1004/955
f 776/776/743 1004/1004/955 780/780/747
f 993/993/944 992/992/943 999/999/950
f 993/993/944 999/999/950 1004/1004/955
f 1004/1004/955 999/999/950 1003/1003/954
f 1004/1004/955 1003/1003/954 1005/1005/956
f 780/780/747 1004/1004/955 1005/1005/956
f 780/780/747 1005/1005/956 781/781/748
f 781/781/748 1005/1005/956 1006/1006/957
f 781/781/748 1006/1006/957 791/791/758
f 1005/1005/956 1003/1003/954 1007/1007/958
f 1005/1005/956 1007/1007/958 1006/1006/957
f 1006/1006/957 1007/1007/958 1008/1008/959
f 1006/1006/957 1008/1008/959 1009/1009/960
f 791/791/758 1006/1006/957 1009/1009/960
f 791/791/758 1009/1009/960 792/792/759
f 1003/1003/954 1002/1002/953 1010/1010/961
f 1003/1003/954 1010/1010/961 1007/1007/958
f 1002/1002/953 1001/1001/952 1011/1011/962
f 1002/1002/953 1011/1011/962 1010/1010/961
f 1010/1010/961 1011/1011/962 1012/1012/963
f 1010/1010/961 1012/1012/963 1013/1013/964
f 1007/1007/958 1010/1010/961 1013/1013/964
f 1007/1007/958 1013/1013/964 1008/1008/959
f 1008/1008/959 1013/1013/964 1014/1014/965
f 1008/1008/959 1014/1014/965 1015/1015/966
f 1013/1013/964 1012/1012/963 1016/1016/967
f 1013/1013/964 1016/1016/967 1014/1014/965
f 1014/1014/965 1016/1016/967 1017/1017/968
f 1014/1014/965 1017/1017/968 1018/1018/969
f 1015/1015/966 1014/1014/965 1018/1018/969
f 1015/1015/966 1018/1018/969 1019/1019/970
f 792/792/759 1009/1009/960 1020/1020/971
f 792/792/759 1020/1020/971 796/796/763
f 1009/1009/960 1008/1008/959 1015/1015/966
f 1009/1009/960 1015/1015/966 1020/1020/971
f 1020/1020/971 1015/1015/966 1019/1019/970
f 1020/1020/971 1019/1019/970 1021/1021/972
f 796/796/763 1020/1020/971 1021/1021/972
f 796/796/763 1021/1021/972 797/797/764
f 797/797/764 1021/1021/972 1022/1022/973
f 797/797/764 1022/1022/973 807/807/774
f 1021/1021/972 1019/1019/970 1023/1023/974
f 1021/1021/972 1023/1023/974 1022/1022/973
f 1022/1022/973 1023/1023/974 1024/1024/975
f 1022/1022/973 1024/1024/975 1025/1025/976
f 807/807/774 1022/1022/973 1025/1025/976
f 807/807/774 1025/1025/976 808/808/775
f 1019/1019/970 1018/1018/969 1026/1026/977
f 1019/1019/970 1026/1026/977 1023/1023/974
f 1018/1018/969 1017/1017/968 1027/1027/978
f 1018/1018/969 1027/1027/978 1026/1026/977
f 1026/1026/977 1027/1027/978 1028/1028/979
f 1026/1026/977 1028/1028/979 1029/1029/980
f 1023/1023/974 1026/1026/977 1029/1029/980
f 1023/1023/974 1029/1029/980 1024/1024/975
f 1030/1030/975 1031/1031/980 1032/1032/981
f 1030/1030/975 1032/1032/981 1033/1033/982
f 1031/1031/980 1028/1028/979 1034/1034/983
f 1031/1031/980 1034/1034/983 1032/1032/981
f 1032/1032/981 1034/1034/983 1035/1035/984
f 1032/1032/981 1035/1035/984 1036/1036/985
f 1033/1033/982 1032/1032/981 1036/1036/985
f 1033/1033/982 1036/1036/985 1037/1037/986
f 814/814/775 1038/1038/976 1039/1039/987
f 814/814/775 1039/1039/987 815/815/779
f 1038/1038/976 1030/1030/975 1033/1033/982
f 1038/1038/976 1033/1033/982 1039/1039/987
f 1039/1039/987 1033/1033/982 1037/1037/986
f 1039/1039/987 1037/1037/986 1040/1040/988
f 815/815/779 1039/1039/987 1040/1040/988
f 815/815/779 1040/1040/988 816/816/780
f 830/830/780 1041/1041/988 1042/1042/989
f 830/830/780 1042/1042/989 831/831/790
f 1041/1041/988 1043/1043/986 1044/1044/990
f 1041/1041/988 1044/1044/990 1042/1042/989
f 1042/1042/989 1044/1044/990 1045/1045/991
f 1042/1042/989 1045/1045/991 1046/1046/992
f 831/831/790 1042/1042/989 1046/1046/992
f 831/831/790 1046/1046/992 832/832/791
f 1043/1043/986 1047/1047/985 1048/1048/993
f 1043/1043/986 1048/1048/993 1044/1044/990
f 1047/1047/985 1049/1049/984 1050/1050/994
f 1047/1047/985 1050/1050/994 1048/1048/993
f 1048/1048/993 1050/1050/994 1051/1051/995
f 1048/1048/993 1051/1051/995 1052/1052/996
f 1044/1044/990 1048/1048/993 1052/1052/996
f 1044/1044/990 1052/1052/996 1045/1045/991
f 1053/1053/991 1054/1054/996 1055/1055/997
f 1053/1053/991 1055/1055/997 1056/1056/998
f 1054/1054/996 1051/1051/995 1057/1057/999
f 1054/1054/996 1057/1057/999 1055/1055/997
f 1055/1055/997 1057/1057/999 1058/1058/1000
f 1055/1055/997 1058/1058/1000 1059/1059/1001
f 1056/1056/998 1055/1055/997 1059/1059/1001
f 1056/1056/998 1059/1059/1001 1060/1060/1002
f 838/838/791 1061/1061/992 1062/1062/1003
f 838/838/791 1062/1062/1003 839/839/795
f 1061/1061/992 1053/1053/991 1056/1056/998
f 1061/1061/992 1056/1056/998 1062/1062/1003
f 1062/1062/1003 1056/1056/998 1060/1060/1002
f 1062/1062/1003 1060/1060/1002 1063/1063/1004
f 839/839/795 1062/1062/1003 1063/1063/1004
f 839/839/795 1063/1063/1004 840/840/796
f 840/840/796 1063/1063/1004 1064/1064/1005
f 840/840/796 1064/1064/1005 851/851/806
f 1063/1063/1004 1060/1060/1002 1065/1065/1006
f 1063/1063/1004 1065/1065/1006 1064/1064/1005
f 1064/1064/1005 1065/1065/1006 1066/1066/1007
f 1064/1064/1005 1066/1066/1007 1067/1067/1008
f 851/851/806 1064/1064/1005 1067/1067/1008
f 851/851/806 1067/1067/1008 852/852/807
f 1060/1060/1002 1059/1059/1001 1068/1068/1009
f 1060/1060/1002 1068/1068/1009 1065/1065/1006
f 1059/1059/1001 1058/1058/1000 1069/1069/1010
f 1059/1059/1001 1069/1069/1010 1068/1068/1009
f 1068/1068/1009 1069/1069/1010 1070/1070/1011
f 1068/1068/1009 1070/1070/1011 1071/1071/1012
f 1065/1065/1006 1068/1068/1009 1071/1071/1012
f 1065/1065/1006 1071/1071/1012 1066/1066/1007
f 1066/1066/1007 1071/1071/1012 1072/1072/1013
f 1066/1066/1007 1072/1072/1013 1073/1073/1014
f 1071/1071/1012 1070/1070/1011 1074/1074/1015
f 1071/1071/1012 1074/1074/1015 1072/1072/1013
f 1072/1072/1013 1074/1074/1015 1075/1075/1016
f 1072/1072/1013 1075/1075/1016 1076/1076/1017
f 1073/1073/1014 1072/1072/1013 1076/1076/1017
f 1073/1073/1014 1076/1076/1017 1077/1077/1018
f 852/852/807 1067/1067/1008 1078/1078/1019
f 852/852/807 1078/1078/1019 856/856/811
f 1067/1067/1008 1066/1066/1007 1073/1073/1014
f 1067/1067/1008 1073/1073/1014 1078/1078/1019
f 1078/1078/1019 1073/1073/1014 1077/1077/1018
f 1078/1078/1019 1077/1077/1018 1079/1079/1020
f 856/856/811 1078/1078/1019 1079/1079/1020
f 856/856/811 1079/1079/1020 857/857/812
f 857/857/812 1079/1079/1020 1080/1080/1021
f 857/857/812 1080/1080/1021 867/867/822
f 1079/1079/1020 1077/1077/1018 1081/1081/1022
f 1079/1079/1020 1081/1081/1022 1080/1080/1021
f 1080/1080/1021 1081/1081/1022 1082/1082/1023
f 1080/1080/1021 1082/1082/1023 1083/1083/1024
f 867/867/822 1080/1080/1021 1083/1083/1024
f 867/867/822 1083/1083/1024 868/868/823
f 1077/1077/1018 1076/1076/1017 1084/1084/1025
f 1077/1077/1018 1084/1084/1025 1081/1081/1022
f 1076/1076/1017 1075/1075/1016 1085/1085/1026
f 1076/1076/1017 1085/1085/1026 1084/1084/1025
f 1084/1084/1025 1085/1085/1026 1086/1086/1027
f 1084/1084/1025 1086/1086/1027 1087/1087/1028
f 1081/1081/1022 1084/1084/1025 1087/1087/1028
f 1081/1081/1022 1087/1087/1028 1082/1082/1023
f 1082/1082/1023 1087/1087/1028 1088/1088/1029
f 1082/1082/1023 1088/1088/1029 1089/1089/1030
f 1087/1087/1028 1086/1086/1027 1090/1090/1031
f 1087/1087/1028 1090/1090/1031 1088/1088/1029
f 1088/1088/1029 1090/1090/1031 1091/1091/1032
f 1088/1088/1029 1091/1091/1032 1092/1092/1033
f 1089/1089/1030 1088/1088/1029 1092/1092/1033
f 1089/1089/1030 1092/1092/1033 1093/1093/1034
f 868/868/823 1083/1083/1024 1094/1094/1035
f 868/868/823 1094/1094/1035 872/872/827
f 1083/1083/1024 1082/1082/1023 1089/1089/1030
f 1083/1083/1024 1089/1089/1030 1094/1094/1035
f 1094/1094/1035 1089/1089/1030 1093/1093/1034
f 1094/1094/1035 1093/1093/1034 1095/1095/1036
f 872/872/827 1094/1094/1035 1095/1095/1036
f 872/872/827 1095/1095/1036 873/873/828
f 873/873/828 1095/1095/1036 1096/1096/1037
f 873/873/828 1096/1096/1037 883/883/838
f 1095/1095/1036 1093/1093/1034 1097/1097/1038
f 1095/1095/1036 1097/1097/1038 1096/1096/1037
f 1096/1096/1037 1097/1097/1038 1098/1098/1039
f 1096/1096/1037 1098/1098/1039 1099/1099/1040
f 883/883/838 1096/1096/1037 1099/1099/1040
f 883/883/838 1099/1099/1040 884/884/839
f 1093/1093/1034 1092/1092/1033 1100/1100/1041
f 1093/1093/1034 1100/1100/1041 1097/1097/1038
f 1092/1092/1033 1091/1091/1032 1101/1101/1042
f 1092/1092/1033 1101/1101/1042 1100/1100/1041
f 1100/1100/1041 1101/1101/1042 1102/1102/1043
f 1100/1100/1041 1102/1102/1043 1103/1103/1044
f 1097/1097/1038 1100/1100/1041 1103/1103/1044
f 1097/1097/1038 1103/1103/1044 1098/1098/1039
f 1098/1098/1039 1103/1103/1044 1104/1104/1045
f 1098/1098/1039 1104/1104/1045 1105/1105/1046
f 1103/1103/1044 1102/1102/1043 1106/1106/1047
f 1103/1103/1044 1106/1106/1047 1104/1104/1045
f 1104/1104/1045 1106/1106/1047 918/918/873
f 1104/1104/1045 918/918/873 916/916/871
f 1105/1105/1046 1104/1104/1045 916/916/871
f 1105/1105/1046 916/916/871 912/912/867
f 884/884/839 1099/1099/1040 1107/1107/1048
f 884/884/839 1107/1107/1048 888/888/843
f 1099/1099/1040 1098/1098/1039 1105/1105/1046
f 1099/1099/1040 1105/1105/1046 1107/1107/1048
f 1107/1107/1048 1105/1105/1046 912/912/867
f 1107/1107/1048 912/912/867 910/910/865
f 888/888/843 1107/1107/1048 910/910/865
f 888/888/843 910/910/865 702/702/669
f 898/898/853 1108/1108/1049 1109/1109/1050
f 898/898/853 1109/1109/1050 899/899/854
f 1108/1108/1049 1110/1110/1051 1111/1111/1052
f 1108/1108/1049 1111/1111/1052 1109/1109/1050
f 1109/1109/1050 1111/1111/1052 1112/1112/1053
f 1109/1109/1050 1112/1112/1053 1113/1113/1054
f 899/899/854 1109/1109/1050 1113/1113/1054
f 899/899/854 1113/1113/1054 900/900/855
f 1110/1110/1051 1114/1114/1055 1115/1115/1056
f 1110/1110/1051 1115/1115/1056 1111/1111/1052
f 1114/1114/1055 1116/1116/1057 1117/1117/1058
f 1114/1114/1055 1117/1117/1058 1115/1115/1056
f 1115/1115/1056 1117/1117/1058 1118/1118/1059
f 1115/1115/1056 1118/1118/1059 1119/1119/1060
f 1111/1111/1052 1115/1115/1056 1119/1119/1060
f 1111/1111/1052 1119/1119/1060 1112/1112/1053
f 1112/1112/1053 1119/1119/1060 1120/1120/1061
f 1112/1112/1053 1120/1120/1061 1121/1121/1062
f 1119/1119/1060 1118/1118/1059 1122/1122/1063
f 1119/1119/1060 1122/1122/1063 1120/1120/1061
f 1120/1120/1061 1122/1122/1063 1123/1123/1064
f 1120/1120/1061 1123/1123/1064 1124/1124/1065
f 1121/1121/1062 1120/1120/1061 1124/1124/1065
f 1121/1121/1062 1124/1124/1065 1125/1125/1066
f 900/900/855 1113/1113/1054 1126/1126/1067
f 900/900/855 1126/1126/1067 904/904/859
f 1113/1113/1054 1112/1112/1053 1121/1121/1062
f 1113/1113/1054 1121/1121/1062 1126/1126/1067
f 1126/1126/1067 1121/1121/1062 1125/1125/1066
f 1126/1126/1067 1125/1125/1066 1127/1127/1068
f 904/904/859 1126/1126/1067 1127/1127/1068
f 904/904/859 1127/1127/1068 905/905/860
f 918/918/873 1128/1128/1069 1129/1129/1070
f 918/918/873 1129/1129/1070 919/919/874
f 1128/1128/1069 1130/1130/1071 1131/1131/1072
f 1128/1128/1069 1131/1131/1072 1129/1129/1070
f 1129/1129/1070 1131/1131/1072 1132/1132/1073
f 1129/1129/1070 1132/1132/1073 1133/1133/1074
f 919/919/874 1129/1129/1070 1133/1133/1074
f 919/919/874 1133/1133/1074 920/920/875
f 1134/1134/1071 1135/1135/1075 1136/1136/1076
f 1134/1134/1071 1136/1136/1076 1137/1137/1072
f 1135/1135/1075 1138/1138/1077 1139/1139/1078
f 1135/1135/1075 1139/1139/1078 1136/1136/1076
f 1136/1136/1076 1139/1139/1078 1140/1140/1079
f 1136/1136/1076 1140/1140/1079 1141/1141/1080
f 1137/1137/1072 1136/1136/1076 1141/1141/1080
f 1137/1137/1072 1141/1141/1080 1142/1142/1073
f 1142/1142/1073 1141/1141/1080 1143/1143/1081
f 1142/1142/1073 1143/1143/1081 1144/1144/1082
f 1141/1141/1080 1140/1140/1079 1145/1145/1083
f 1141/1141/1080 1145/1145/1083 1143/1143/1081
f 1143/1143/1081 1145/1145/1083 1146/1146/1084
f 1143/1143/1081 1146/1146/1084 1147/1147/1085
f 1144/1144/1082 1143/1143/1081 1147/1147/1085
f 1144/1144/1082 1147/1147/1085 1148/1148/1086
f 920/920/875 1133/1133/1074 1149/1149/1087
f 920/920/875 1149/1149/1087 924/924/879
f 1133/1133/1074 1132/1132/1073 1150/1150/1082
f 1133/1133/1074 1150/1150/1082 1149/1149/1087
f 1149/1149/1087 1150/1150/1082 1148/1148/1086
f 1149/1149/1087 1148/1148/1086 1151/1151/1088
f 924/924/879 1149/1149/1087 1151/1151/1088
f 924/924/879 1151/1151/1088 925/925/880
f 1152/1152/893 1153/1153/1089 1154/1154/1090
f 1152/1152/893 1154/1154/1090 1155/1155/894
f 1153/1153/1089 1156/1156/1091 1157/1157/1092
f 1153/1153/1089 1157/1157/1092 1154/1154/1090
f 1154/1154/1090 1157/1157/1092 1158/1158/1093
f 1154/1154/1090 1158/1158/1093 1159/1159/1094
f 1155/1155/894 1154/1154/1090 1159/1159/1094
f 1155/1155/894 1159/1159/1094 1160/1160/895
f 1156/1156/1091 1161/1161/1095 1162/1162/1096
f 1156/1156/1091 1162/1162/1096 1163/1163/1092
f 1161/1161/1095 1164/1164/1097 1165/1165/1098
f 1161/1161/1095 1165/1165/1098 1162/1162/1096
f 1162/1162/1096 1165/1165/1098 1166/1166/1099
f 1162/1162/1096 1166/1166/1099 1167/1167/1100
f 1163/1163/1092 1162/1162/1096 1167/1167/1100
f 1163/1163/1092 1167/1167/1100 1168/1168/1093
f 1168/1168/1093 1167/1167/1100 1169/1169/1101
f 1168/1168/1093 1169/1169/1101 1170/1170/1102
f 1167/1167/1100 1166/1166/1099 1171/1171/1103
f 1167/1167/1100 1171/1171/1103 1169/1169/1101
f 1169/1169/1101 1171/1171/1103 1172/1172/1104
f 1169/1169/1101 1172/1172/1104 1173/1173/1105
f 1170/1170/1102 1169/1169/1101 1173/1173/1105
f 1170/1170/1102 1173/1173/1105 1174/1174/1106
f 1160/1160/895 1159/1159/1094 1175/1175/1107
f 1160/1160/895 1175/1175/1107 1176/1176/899
f 1159/1159/1094 1158/1158/1093 1177/1177/1102
f 1159/1159/1094 1177/1177/1102 1175/1175/1107
f 1175/1175/1107 1177/1177/1102 1178/1178/1106
f 1175/1175/1107 1178/1178/1106 1179/1179/1108
f 1176/1176/899 1175/1175/1107 1179/1179/1108
f 1176/1176/899 1179/1179/1108 1180/1180/900
f 962/962/913 1181/1181/1109 1182/1182/1110
f 962/962/913 1182/1182/1110 963/963/914
f 1181/1181/1109 1183/1183/1111 1184/1184/1112
f 1181/1181/1109 1184/1184/1112 1182/1182/1110
f 1182/1182/1110 1184/1184/1112 1185/1185/1113
f 1182/1182/1110 1185/1185/1113 1186/1186/1114
f 963/963/914 1182/1182/1110 1186/1186/1114
f 963/963/914 1186/1186/1114 964/964/915
f 1187/1187/1111 1188/1188/1115 1189/1189/1116
f 1187/1187/1111 1189/1189/1116 1190/1190/1112
f 1188/1188/1115 1191/1191/1117 1192/1192/1118
f 1188/1188/1115 1192/1192/1118 1189/1189/1116
f 1189/1189/1116 1192/1192/1118 1193/1193/1119
f 1189/1189/1116 1193/1193/1119 1194/1194/1120
f 1190/1190/1112 1189/1189/1116 1194/1194/1120
f 1190/1190/1112 1194/1194/1120 1195/1195/1113
f 1195/1195/1113 1194/1194/1120 1196/1196/1121
f 1195/1195/1113 1196/1196/1121 1197/1197/1122
f 1194/1194/1120 1193/1193/1119 1198/1198/1123
f 1194/1194/1120 1198/1198/1123 1196/1196/1121
f 1196/1196/1121 1198/1198/1123 1199/1199/1124
f 1196/1196/1121 1199/1199/1124 1200/1200/1125
f 1197/1197/1122 1196/1196/1121 1200/1200/1125
f 1197/1197/1122 1200/1200/1125 1201/1201/1126
f 964/964/915 1186/1186/1114 1202/1202/1127
f 964/964/915 1202/1202/1127 968/968/919
f 1186/1186/1114 1185/1185/1113 1203/1203/1122
f 1186/1186/1114 1203/1203/1122 1202/1202/1127
f 1202/1202/1127 1203/1203/1122 1201/1201/1126
f 1202/1202/1127 1201/1201/1126 1204/1204/1128
f 968/968/919 1202/1202/1127 1204/1204/1128
f 968/968/919 1204/1204/1128 969/969/920
f 729/729/696 953/953/904 1205/1205/1129
f 729/729/696 1205/1205/1129 979/979/930
f 953/953/904 952/952/902 1206/1206/1130
f 953/953/904 1206/1206/1130 1205/1205/1129
f 1205/1205/1129 1206/1206/1130 1207/1207/1131
f 1205/1205/1129 1207/1207/1131 1208/1208/1132
f 979/979/930 1205/1205/1129 1208/1208/1132
f 979/979/930 1208/1208/1132 980/980/931
f 949/949/902 948/948/901 1209/1209/1133
f 949/949/902 1209/1209/1133 1210/1210/1130
f 948/948/901 947/947/900 1211/1211/1134
f 948/948/901 1211/1211/1134 1209/1209/1133
f 1209/1209/1133 1211/1211/1134 1212/1212/1135
f 1209/1209/1133 1212/1212/1135 1213/1213/1136
f 1210/1210/1130 1209/1209/1133 1213/1213/1136
f 1210/1210/1130 1213/1213/1136 1214/1214/1131
f 1214/1214/1131 1213/1213/1136 1215/1215/1137
f 1214/1214/1131 1215/1215/1137 1216/1216/1138
f 1213/1213/1136 1212/1212/1135 1217/1217/1139
f 1213/1213/1136 1217/1217/1139 1215/1215/1137
f 1215/1215/1137 1217/1217/1139 1218/1218/1140
f 1215/1215/1137 1218/1218/1140 1219/1219/1141
f 1216/1216/1138 1215/1215/1137 1219/1219/1141
f 1216/1216/1138 1219/1219/1141 1220/1220/1142
f 980/980/931 1208/1208/1132 1221/1221/1143
f 980/980/931 1221/1221/1143 984/984/935
f 1208/1208/1132 1207/1207/1131 1222/1222/1138
f 1208/1208/1132 1222/1222/1138 1221/1221/1143
f 1221/1221/1143 1222/1222/1138 1220/1220/1142
f 1221/1221/1143 1220/1220/1142 1223/1223/1144
f 984/984/935 1221/1221/1143 1223/1223/1144
f 984/984/935 1223/1223/1144 985/985/936
f 985/985/936 1223/1223/1144 1224/1224/1145
f 985/985/936 1224/1224/1145 995/995/946
f 1223/1223/1144 1220/1220/1142 1225/1225/1146
f 1223/1223/1144 1225/1225/1146 1224/1224/1145
f 1224/1224/1145 1225/1225/1146 1226/1226/1147
f 1224/1224/1145 1226/1226/1147 1227/1227/1148
f 995/995/946 1224/1224/1145 1227/1227/1148
f 995/995/946 1227/1227/1148 996/996/947
f 1220/1220/1142 1219/1219/1141 1228/1228/1149
f 1220/1220/1142 1228/1228/1149 1229/1229/1146
f 1219/1219/1141 1218/1218/1140 1230/1230/1150
f 1219/1219/1141 1230/1230/1150 1228/1228/1149
f 1228/1228/1149 1230/1230/1150 1231/1231/1151
f 1228/1228/1149 1231/1231/1151 1232/1232/1152
f 1229/1229/1146 1228/1228/1149 1232/1232/1152
f 1229/1229/1146 1232/1232/1152 1233/1233/1147
f 1233/1233/1147 1232/1232/1152 1234/1234/1153
f 1233/1233/1147 1234/1234/1153 1235/1235/1154
f 1232/1232/1152 1231/1231/1151 1236/1236/1155
f 1232/1232/1152 1236/1236/1155 1234/1234/1153
f 1234/1234/1153 1236/1236/1155 1237/1237/1156
f 1234/1234/1153 1237/1237/1156 1238/1238/1157
f 1235/1235/1154 1234/1234/1153 1238/1238/1157
f 1235/1235/1154 1238/1238/1157 1239/1239/1158
f 996/996/947 1227/1227/1148 1240/1240/1159
f 996/996/947 1240/1240/1159 1000/1000/951
f 1227/1227/1148 1226/1226/1147 1241/1241/1154
f 1227/1227/1148 1241/1241/1154 1240/1240/1159
f 1240/1240/1159 1241/1241/1154 1242/1242/1158
f 1240/1240/1159 1242/1242/1158 1243/1243/1160
f 1000/1000/951 1240/1240/1159 1243/1243/1160
f 1000/1000/951 1243/1243/1160 1001/1001/952
f 1001/1001/952 1243/1243/1160 1244/1244/1161
f 1001/1001/952 1244/1244/1161 1011/1011/962
f 1243/1243/1160 1242/1242/1158 1245/1245/1162
f 1243/1243/1160 1245/1245/1162 1244/1244/1161
f 1244/1244/1161 1245/1245/1162 1246/1246/1163
f 1244/1244/1161 1246/1246/1163 1247/1247/1164
f 1011/1011/962 1244/1244/1161 1247/1247/1164
f 1011/1011/962 1247/1247/1164 1012/1012/963
f 1239/1239/1158 1238/1238/1157 1248/1248/1165
f 1239/1239/1158 1248/1248/1165 1249/1249/1162
f 1238/1238/1157 1237/1237/1156 1250/1250/1166
f 1238/1238/1157 1250/1250/1166 1248/1248/1165
f 1248/1248/1165 1250/1250/1166 1251/1251/1167
f 1248/1248/1165 1251/1251/1167 1252/1252/1168
f 1249/1249/1162 1248/1248/1165 1252/1252/1168
f 1249/1249/1162 1252/1252/1168 1253/1253/1163
f 1253/1253/1163 1252/1252/1168 1254/1254/1169
f 1253/1253/1163 1254/1254/1169 1255/1255/1170
f 1252/1252/1168 1251/1251/1167 1256/1256/1171
f 1252/1252/1168 1256/1256/1171 1254/1254/1169
f 1254/1254/1169 1256/1256/1171 1257/1257/1172
f 1254/1254/1169 1257/1257/1172 1258/1258/1173
f 1255/1255/1170 1254/1254/1169 1258/1258/1173
f 1255/1255/1170 1258/1258/1173 1259/1259/1174
f 1012/1012/963 1247/1247/1164 1260/1260/1175
f 1012/1012/963 1260/1260/1175 1016/1016/967
f 1247/1247/1164 1246/1246/1163 1261/1261/1170
f 1247/1247/1164 1261/1261/1170 1260/1260/1175
f 1260/1260/1175 1261/1261/1170 1259/1259/1174
f 1260/1260/1175 1259/1259/1174 1262/1262/1176
f 1016/1016/967 1260/1260/1175 1262/1262/1176
f 1016/1016/967 1262/1262/1176 1017/1017/968
f 1017/1017/968 1262/1262/1176 1263/1263/1177
f 1017/1017/968 1263/1263/1177 1027/1027/978
f 1262/1262/1176 1259/1259/1174 1264/1264/1178
f 1262/1262/1176 1264/1264/1178 1263/1263/1177
f 1263/1263/1177 1264/1264/1178 1265/1265/1179
f 1263/1263/1177 1265/1265/1179 1266/1266/1180
f 1027/1027/978 1263/1263/1177 1266/1266/1180
f 1027/1027/978 1266/1266/1180 1028/1028/979
f 1259/1259/1174 1258/1258/1173 1267/1267/1181
f 1259/1259/1174 1267/1267/1181 1268/1268/1178
f 1258/1258/1173 1257/1257/1172 1269/1269/1182
f 1258/1258/1173 1269/1269/1182 1267/1267/1181
f 1267/1267/1181 1269/1269/1182 1270/1270/1183
f 1267/1267/1181 1270/1270/1183 1271/1271/1184
f 1268/1268/1178 1267/1267/1181 1271/1271/1184
f 1268/1268/1178 1271/1271/1184 1272/1272/1179
f 1272/1272/1179 1271/1271/1184 1273/1273/1185
f 1272/1272/1179 1273/1273/1185 1274/1274/1186
f 1271/1271/1184 1270/1270/1183 1275/1275/1187
f 1271/1271/1184 1275/1275/1187 1273/1273/1185
f 1273/1273/1185 1275/1275/1187 1276/1276/1188
f 1273/1273/1185 1276/1276/1188 1277/1277/1189
f 1274/1274/1186 1273/1273/1185 1277/1277/1189
f 1274/1274/1186 1277/1277/1189 1278/1278/1190
f 1028/1028/979 1279/1279/1180 1280/1280/1191
f 1028/1028/979 1280/1280/1191 1034/1034/983
f 1279/1279/1180 1272/1272/1179 1274/1274/1186
f 1279/1279/1180 1274/1274/1186 1280/1280/1191
f 1280/1280/1191 1274/1274/1186 1278/1278/1190
f 1280/1280/1191 1278/1278/1190 1281/1281/1192
f 1034/1034/983 1280/1280/1191 1281/1281/1192
f 1034/1034/983 1281/1281/1192 1035/1035/984
f 1049/1049/984 1282/1282/1192 1283/1283/1193
f 1049/1049/984 1283/1283/1193 1050/1050/994
f 1282/1282/1192 1284/1284/1190 1285/1285/1194
f 1282/1282/1192 1285/1285/1194 1283/1283/1193
f 1283/1283/1193 1285/1285/1194 1286/1286/1195
f 1283/1283/1193 1286/1286/1195 1287/1287/1196
f 1050/1050/994 1283/1283/1193 1287/1287/1196
f 1050/1050/994 1287/1287/1196 1051/1051/995
f 1284/1284/1190 1288/1288/1189 1289/1289/1197
f 1284/1284/1190 1289/1289/1197 1285/1285/1194
f 1288/1288/1189 1290/1290/1188 1291/1291/1198
f 1288/1288/1189 1291/1291/1198 1289/1289/1197
f 1289/1289/1197 1291/1291/1198 1292/1292/1199
f 1289/1289/1197 1292/1292/1199 1293/1293/1200
f 1285/1285/1194 1289/1289/1197 1293/1293/1200
f 1285/1285/1194 1293/1293/1200 1286/1286/1195
f 1286/1286/1195 1293/1293/1200 1294/1294/1201
f 1286/1286/1195 1294/1294/1201 1295/1295/1202
f 1293/1293/1200 1292/1292/1199 1296/1296/1203
f 1293/1293/1200 1296/1296/1203 1294/1294/1201
f 1294/1294/1201 1296/1296/1203 1297/1297/1204
f 1294/1294/1201 1297/1297/1204 1298/1298/1205
f 1295/1295/1202 1294/1294/1201 1298/1298/1205
f 1295/1295/1202 1298/1298/1205 1299/1299/1206
f 1051/1051/995 1300/1300/1196 1301/1301/1207
f 1051/1051/995 1301/1301/1207 1057/1057/999
f 1300/1300/1196 1302/1302/1195 1303/1303/1202
f 1300/1300/1196 1303/1303/1202 1301/1301/1207
f 1301/1301/1207 1303/1303/1202 1299/1299/1206
f 1301/1301/1207 1299/1299/1206 1304/1304/1208
f 1057/1057/999 1301/1301/1207 1304/1304/1208
f 1057/1057/999 1304/1304/1208 1058/1058/1000
f 1058/1058/1000 1304/1304/1208 1305/1305/1209
f 1058/1058/1000 1305/1305/1209 1069/1069/1010
f 1304/1304/1208 1299/1299/1206 1306/1306/1210
f 1304/1304/1208 1306/1306/1210 1305/1305/1209
f 1305/1305/1209 1306/1306/1210 1307/1307/1211
f 1305/1305/1209 1307/1307/1211 1308/1308/1212
f 1069/1069/1010 1305/1305/1209 1308/1308/1212
f 1069/1069/1010 1308/1308/1212 1070/1070/1011
f 1299/1299/1206 1298/1298/1205 1309/1309/1213
f 1299/1299/1206 1309/1309/1213 1310/1310/1210
f 1298/1298/1205 1297/1297/1204 1311/1311/1214
f 1298/1298/1205 1311/1311/1214 1309/1309/1213
f 1309/1309/1213 1311/1311/1214 1312/1312/1215
f 1309/1309/1213 1312/1312/1215 1313/1313/1216
f 1310/1310/1210 1309/1309/1213 1313/1313/1216
f 1310/1310/1210 1313/1313/1216 1314/1314/1211
f 1314/1314/1211 1313/1313/1216 1315/1315/1217
f 1314/1314/1211 1315/1315/1217 1316/1316/1218
f 1313/1313/1216 1312/1312/1215 1317/1317/1219
f 1313/1313/1216 1317/1317/1219 1315/1315/1217
f 1315/1315/1217 1317/1317/1219 1318/1318/1220
f 1315/1315/1217 1318/1318/1220 1319/1319/1221
f 1316/1316/1218 1315/1315/1217 1319/1319/1221
f 1316/1316/1218 1319/1319/1221 1320/1320/1222
f 1070/1070/1011 1308/1308/1212 1321/1321/1223
f 1070/1070/1011 1321/1321/1223 1074/1074/1015
f 1308/1308/1212 1307/1307/1211 1322/1322/1218
f 1308/1308/1212 1322/1322/1218 1321/1321/1223
f 1321/1321/1223 1322/1322/1218 1320/1320/1222
f 1321/1321/1223 1320/1320/1222 1323/1323/1224
f 1074/1074/1015 1321/1321/1223 1323/1323/1224
f 1074/1074/1015 1323/1323/1224 1075/1075/1016
f 1075/1075/1016 1323/1323/1224 1324/1324/1225
f 1075/1075/1016 1324/1324/1225 1085/1085/1026
f 1323/1323/1224 1320/1320/1222 1325/1325/1226
f 1323/1323/1224 1325/1325/1226 1324/1324/1225
f 1324/1324/1225 1325/1325/1226 1326/1326/1227
f 1324/1324/1225 1326/1326/1227 1327/1327/1228
f 1085/1085/1026 1324/1324/1225 1327/1327/1228
f 1085/1085/1026 1327/1327/1228 1086/1086/1027
f 1320/1320/1222 1319/1319/1221 1328/1328/1229
f 1320/1320/1222 1328/1328/1229 1329/1329/1226
f 1319/1319/1221 1318/1318/1220 1330/1330/1230
f 1319/1319/1221 1330/1330/1230 1328/1328/1229
f 1328/1328/1229 1330/1330/1230 1331/1331/1231
f 1328/1328/1229 1331/1331/1231 1332/1332/1232
f 1329/1329/1226 1328/1328/1229 1332/1332/1232
f 1329/1329/1226 1332/1332/1232 1333/1333/1227
f 1333/1333/1227 1332/1332/1232 1334/1334/1233
f 1333/1333/1227 1334/1334/1233 1335/1335/1234
f 1332/1332/1232 1331/1331/1231 1336/1336/1235
f 1332/1332/1232 1336/1336/1235 1334/1334/1233
f 1334/1334/1233 1336/1336/1235 1337/1337/1236
f 1334/1334/1233 1337/1337/1236 1338/1338/1237
f 1335/1335/1234 1334/1334/1233 1338/1338/1237
f 1335/1335/1234 1338/1338/1237 1339/1339/1238
f 1086/1086/1027 1327/1327/1228 1340/1340/1239
f 1086/1086/1027 1340/1340/1239 1090/1090/1031
f 1327/1327/1228 1326/1326/1227 1341/1341/1234
f 1327/1327/1228 1341/1341/1234 1340/1340/1239
f 1340/1340/1239 1341/1341/1234 1339/1339/1238
f 1340/1340/1239 1339/1339/1238 1342/1342/1240
f 1090/1090/1031 1340/1340/1239 1342/1342/1240
f 1090/1090/1031 1342/1342/1240 1091/1091/1032
f 1091/1091/1032 1342/1342/1240 1343/1343/1241
f 1091/1091/1032 1343/1343/1241 1101/1101/1042
f 1342/1342/1240 1339/1339/1238 1344/1344/1242
f 1342/1342/1240 1344/1344/1242 1343/1343/1241
f 1343/1343/1241 1344/1344/1242 1345/1345/1243
f 1343/1343/1241 1345/1345/1243 1346/1346/1244
f 1101/1101/1042 1343/1343/1241 1346/1346/1244
f 1101/1101/1042 1346/1346/1244 1102/1102/1043
f 1339/1339/1238 1338/1338/1237 1347/1347/1245
f 1339/1339/1238 1347/1347/1245 1348/1348/1242
f 1338/1338/1237 1337/1337/1236 1349/1349/1246
f 1338/1338/1237 1349/1349/1246 1347/1347/1245
f 1347/1347/1245 1349/1349/1246 1350/1350/1247
f 1347/1347/1245 1350/1350/1247 1351/1351/1248
f 1348/1348/1242 1347/1347/1245 1351/1351/1248
f 1348/1348/1242 1351/1351/1248 1352/1352/1243
f 1352/1352/1243 1351/1351/1248 1353/1353/1249
f 1352/1352/1243 1353/1353/1249 1354/1354/1250
f 1351/1351/1248 1350/1350/1247 1355/1355/1251
f 1351/1351/1248 1355/1355/1251 1353/1353/1249
f 1353/1353/1249 1355/1355/1251 1138/1138/1077
f 1353/1353/1249 1138/1138/1077 1135/1135/1075
f 1354/1354/1250 1353/1353/1249 1135/1135/1075
f 1354/1354/1250 1135/1135/1075 1134/1134/1071
f 1102/1102/1043 1346/1346/1244 1356/1356/1252
f 1102/1102/1043 1356/1356/1252 1106/1106/1047
f 1346/1346/1244 1345/1345/1243 1357/1357/1250
f 1346/1346/1244 1357/1357/1250 1356/1356/1252
f 1356/1356/1252 1357/1357/1250 1130/1130/1071
f 1356/1356/1252 1130/1130/1071 1128/1128/1069
f 1106/1106/1047 1356/1356/1252 1128/1128/1069
f 1106/1106/1047 1128/1128/1069 918/918/873
f 1116/1116/1057 1358/1358/1253 1359/1359/1254
f 1116/1116/1057 1359/1359/1254 1117/1117/1058
f 1358/1358/1253 1360/1360/1255 1361/1361/1256
f 1358/1358/1253 1361/1361/1256 1359/1359/1254
f 1359/1359/1254 1361/1361/1256 1362/1362/1257
f 1359/1359/1254 1362/1362/1257 1363/1363/1258
f 1117/1117/1058 1359/1359/1254 1363/1363/1258
f 1117/1117/1058 1363/1363/1258 1118/1118/1059
f 1360/1360/1255 1364/1364/1259 1365/1365/1260
f 1360/1360/1255 1365/1365/1260 1366/1366/1256
f 1364/1364/1259 1367/1367/1261 1368/1368/1262
f 1364/1364/1259 1368/1368/1262 1365/1365/1260
f 1365/1365/1260 1368/1368/1262 1369/1369/1263
f 1365/1365/1260 1369/1369/1263 1370/1370/1264
f 1366/1366/1256 1365/1365/1260 1370/1370/1264
f 1366/1366/1256 1370/1370/1264 1371/1371/1257
f 1371/1371/1257 1370/1370/1264 1372/1372/1265
f 1371/1371/1257 1372/1372/1265 1373/1373/1266
f 1370/1370/1264 1369/1369/1263 1374/1374/1267
f 1370/1370/1264 1374/1374/1267 1372/1372/1265
f 1372/1372/1265 1374/1374/1267 1375/1375/1268
f 1372/1372/1265 1375/1375/1268 1376/1376/1269
f 1373/1373/1266 1372/1372/1265 1376/1376/1269
f 1373/1373/1266 1376/1376/1269 1377/1377/1270
f 1118/1118/1059 1363/1363/1258 1378/1378/1271
f 1118/1118/1059 1378/1378/1271 1122/1122/1063
f 1363/1363/1258 1362/1362/1257 1379/1379/1266
f 1363/1363/1258 1379/1379/1266 1378/1378/1271
f 1378/1378/1271 1379/1379/1266 1380/1380/1270
f 1378/1378/1271 1380/1380/1270 1381/1381/1272
f 1122/1122/1063 1378/1378/1271 1381/1381/1272
f 1122/1122/1063 1381/1381/1272 1123/1123/1064
f 1382/1382/1077 1383/1383/1273 1384/1384/1274
f 1382/1382/1077 1384/1384/1274 1385/1385/1078
f 1383/1383/1273 1386/1386/1275 1387/1387/1276
f 1383/1383/1273 1387/1387/1276 1384/1384/1274
f 1384/1384/1274 1387/1387/1276 1388/1388/1277
f 1384/1384/1274 1388/1388/1277 1389/1389/1278
f 1385/1385/1078 1384/1384/1274 1389/1389/1278
f 1385/1385/1078 1389/1389/1278 1390/1390/1079
f 1391/1391/1275 1392/1392/1279 1393/1393/1280
f 1391/1391/1275 1393/1393/1280 1394/1394/1276
f 1392/1392/1279 1395/1395/1281 1396/1396/1282
f 1392/1392/1279 1396/1396/1282 1393/1393/1280
f 1393/1393/1280 1396/1396/1282 1397/1397/1283
f 1393/1393/1280 1397/1397/1283 1398/1398/1284
f 1394/1394/1276 1393/1393/1280 1398/1398/1284
f 1394/1394/1276 1398/1398/1284 1399/1399/1277
f 1399/1399/1277 1398/1398/1284 1400/1400/1285
f 1399/1399/1277 1400/1400/1285 1401/1401/1286
f 1398/1398/1284 1397/1397/1283 1402/1402/1287
f 1398/1398/1284 1402/1402/1287 1400/1400/1285
f 1400/1400/1285 1402/1402/1287 1403/1403/1288
f 1400/1400/1285 1403/1403/1288 1404/1404/1289
f 1401/1401/1286 1400/1400/1285 1404/1404/1289
f 1401/1401/1286 1404/1404/1289 1405/1405/1290
f 1390/1390/1079 1389/1389/1278 1406/1406/1291
f 1390/1390/1079 1406/1406/1291 1407/1407/1083
f 1389/1389/1278 1388/1388/1277 1408/1408/1286
f 1389/1389/1278 1408/1408/1286 1406/1406/1291
f 1406/1406/1291 1408/1408/1286 1409/1409/1290
f 1406/1406/1291 1409/1409/1290 1410/1410/1292
f 1407/1407/1083 1406/1406/1291 1410/1410/1292
f 1407/1407/1083 1410/1410/1292 1411/1411/1084
f 1164/1164/1097 1412/1412/1293 1413/1413/1294
f 1164/1164/1097 1413/1413/1294 1165/1165/1098
f 1412/1412/1293 1414/1414/1295 1415/1415/1296
f 1412/1412/1293 1415/1415/1296 1413/1413/1294
f 1413/1413/1294 1415/1415/1296 1416/1416/1297
f 1413/1413/1294 1416/1416/1297 1417/1417/1298
f 1165/1165/1098 1413/1413/1294 1417/1417/1298
f 1165/1165/1098 1417/1417/1298 1166/1166/1099
f 1414/1414/1295 1418/1418/1299 1419/1419/1300
f 1414/1414/1295 1419/1419/1300 1415/1415/1296
f 1418/1418/1299 1420/1420/1301 1421/1421/1302
f 1418/1418/1299 1421/1421/1302 1419/1419/1300
f 1419/1419/1300 1421/1421/1302 1422/1422/1303
f 1419/1419/1300 1422/1422/1303 1423/1423/1304
f 1415/1415/1296 1419/1419/1300 1423/1423/1304
f 1415/1415/1296 1423/1423/1304 1416/1416/1297
f 1416/1416/1297 1423/1423/1304 1424/1424/1305
f 1416/1416/1297 1424/1424/1305 1425/1425/1306
f 1423/1423/1304 1422/1422/1303 1426/1426/1307
f 1423/1423/1304 1426/1426/1307 1424/1424/1305
f 1424/1424/1305 1426/1426/1307 1427/1427/1308
f 1424/1424/1305 1427/1427/1308 1428/1428/1309
f 1425/1425/1306 1424/1424/1305 1428/1428/1309
f 1425/1425/1306 1428/1428/1309 1429/1429/1310
f 1166/1166/1099 1417/1417/1298 1430/1430/1311
f 1166/1166/1099 1430/1430/1311 1171/1171/1103
f 1417/1417/1298 1416/1416/1297 1425/1425/1306
f 1417/1417/1298 1425/1425/1306 1430/1430/1311
f 1430/1430/1311 1425/1425/1306 1429/1429/1310
f 1430/1430/1311 1429/1429/1310 1431/1431/1312
f 1171/1171/1103 1430/1430/1311 1431/1431/1312
f 1171/1171/1103 1431/1431/1312 1172/1172/1104
f 1432/1432/1117 1433/1433/1313 1434/1434/1314
f 1432/1432/1117 1434/1434/1314 1435/1435/1118
f 1433/1433/1313 1436/1436/1315 1437/1437/1316
f 1433/1433/1313 1437/1437/1316 1434/1434/1314
f 1434/1434/1314 1437/1437/1316 1438/1438/1317
f 1434/1434/1314 1438/1438/1317 1439/1439/1318
f 1435/1435/1118 1434/1434/1314 1439/1439/1318
f 1435/1435/1118 1439/1439/1318 1440/1440/1119
f 1436/1436/1315 1441/1441/1319 1442/1442/1320
f 1436/1436/1315 1442/1442/1320 1443/1443/1316
f 1441/1441/1319 1444/1444/1321 1445/1445/1322
f 1441/1441/1319 1445/1445/1322 1442/1442/1320
f 1442/1442/1320 1445/1445/1322 1446/1446/1323
f 1442/1442/1320 1446/1446/1323 1447/1447/1324
f 1443/1443/1316 1442/1442/1320 1447/1447/1324
f 1443/1443/1316 1447/1447/1324 1448/1448/1317
f 1448/1448/1317 1447/1447/1324 1449/1449/1325
f 1448/1448/1317 1449/1449/1325 1450/1450/1326
f 1447/1447/1324 1446/1446/1323 1451/1451/1327
f 1447/1447/1324 1451/1451/1327 1449/1449/1325
f 1449/1449/1325 1451/1451/1327 1452/1452/1328
f 1449/1449/1325 1452/1452/1328 1453/1453/1329
f 1450/1450/1326 1449/1449/1325 1453/1453/1329
f 1450/1450/1326 1453/1453/1329 1454/1454/1330
f 1440/1440/1119 1439/1439/1318 1455/1455/1331
f 1440/1440/1119 1455/1455/1331 1456/1456/1123
f 1439/1439/1318 1438/1438/1317 1457/1457/1326
f 1439/1439/1318 1457/1457/1326 1455/1455/1331
f 1455/1455/1331 1457/1457/1326 1458/1458/1330
f 1455/1455/1331 1458/1458/1330 1459/1459/1332
f 1456/1456/1123 1455/1455/1331 1459/1459/1332
f 1456/1456/1123 1459/1459/1332 1460/1460/1124
f 1180/1180/900 1179/1179/1108 1461/1461/1333
f 1180/1180/900 1461/1461/1333 1462/1462/1134
f 1179/1179/1108 1178/1178/1106 1463/1463/1334
f 1179/1179/1108 1463/1463/1334 1461/1461/1333
f 1461/1461/1333 1463/1463/1334 1464/1464/1335
f 1461/1461/1333 1464/1464/1335 1465/1465/1336
f 1462/1462/1134 1461/1461/1333 1465/1465/1336
f 1462/1462/1134 1465/1465/1336 1466/1466/1135
f 1174/1174/1106 1173/1173/1105 1467/1467/1337
f 1174/1174/1106 1467/1467/1337 1468/1468/1334
f 1173/1173/1105 1172/1172/1104 1469/1469/1338
f 1173/1173/1105 1469/1469/1338 1467/1467/1337
f 1467/1467/1337 1469/1469/1338 1470/1470/1339
f 1467/1467/1337 1470/1470/1339 1471/1471/1340
f 1468/1468/1334 1467/1467/1337 1471/1471/1340
f 1468/1468/1334 1471/1471/1340 1472/1472/1335
f 1472/1472/1335 1471/1471/1340 1473/1473/1341
f 1472/1472/1335 1473/1473/1341 1474/1474/1342
f 1471/1471/1340 1470/1470/1339 1475/1475/1343
f 1471/1471/1340 1475/1475/1343 1473/1473/1341
f 1473/1473/1341 1475/1475/1343 1476/1476/1344
f 1473/1473/1341 1476/1476/1344 1477/1477/1345
f 1474/1474/1342 1473/1473/1341 1477/1477/1345
f 1474/1474/1342 1477/1477/1345 1478/1478/1346
f 1466/1466/1135 1465/1465/1336 1479/1479/1347
f 1466/1466/1135 1479/1479/1347 1480/1480/1139
f 1465/1465/1336 1464/1464/1335 1481/1481/1342
f 1465/1465/1336 1481/1481/1342 1479/1479/1347
f 1479/1479/1347 1481/1481/1342 1482/1482/1346
f 1479/1479/1347 1482/1482/1346 1483/1483/1348
f 1480/1480/1139 1479/1479/1347 1483/1483/1348
f 1480/1480/1139 1483/1483/1348 1484/1484/1140
f 1484/1484/1140 1483/1483/1348 1485/1485/1349
f 1484/1484/1140 1485/1485/1349 1486/1486/1150
f 1483/1483/1348 1482/1482/1346 1487/1487/1350
f 1483/1483/1348 1487/1487/1350 1485/1485/1349
f 1485/1485/1349 1487/1487/1350 1488/1488/1351
f 1485/1485/1349 1488/1488/1351 1489/1489/1352
f 1486/1486/1150 1485/1485/1349 1489/1489/1352
f 1486/1486/1150 1489/1489/1352 1490/1490/1151
f 1478/1478/1346 1477/1477/1345 1491/1491/1353
f 1478/1478/1346 1491/1491/1353 1492/1492/1350
f 1477/1477/1345 1476/1476/1344 1493/1493/1354
f 1477/1477/1345 1493/1493/1354 1491/1491/1353
f 1491/1491/1353 1493/1493/1354 1494/1494/1355
f 1491/1491/1353 1494/1494/1355 1495/1495/1356
f 1492/1492/1350 1491/1491/1353 1495/1495/1356
f 1492/1492/1350 1495/1495/1356 1496/1496/1351
f 1496/1496/1351 1495/1495/1356 1497/1497/1357
f 1496/1496/1351 1497/1497/1357 1498/1498/1358
f 1495/1495/1356 1494/1494/1355 1499/1499/1359
f 1495/1495/1356 1499/1499/1359 1497/1497/1357
f 1497/1497/1357 1499/1499/1359 1500/1500/1360
f 1497/1497/1357 1500/1500/1360 1501/1501/1361
f 1498/1498/1358 1497/1497/1357 1501/1501/1361
f 1498/1498/1358 1501/1501/1361 1502/1502/1362
f 1490/1490/1151 1489/1489/1352 1503/1503/1363
f 1490/1490/1151 1503/1503/1363 1504/1504/1155
f 1489/1489/1352 1488/1488/1351 1505/1505/1358
f 1489/1489/1352 1505/1505/1358 1503/1503/1363
f 1503/1503/1363 1505/1505/1358 1506/1506/1362
f 1503/1503/1363 1506/1506/1362 1507/1507/1364
f 1504/1504/1155 1503/1503/1363 1507/1507/1364
f 1504/1504/1155 1507/1507/1364 1508/1508/1156
f 1508/1508/1156 1507/1507/1364 1509/1509/1365
f 1508/1508/1156 1509/1509/1365 1510/1510/1166
f 1507/1507/1364 1506/1506/1362 1511/1511/1366
f 1507/1507/1364 1511/1511/1366 1509/1509/1365
f 1509/1509/1365 1511/1511/1366 1512/1512/1367
f 1509/1509/1365 1512/1512/1367 1513/1513/1368
f 1510/1510/1166 1509/1509/1365 1513/1513/1368
f 1510/1510/1166 1513/1513/1368 1514/1514/1167
f 1502/1502/1362 1501/1501/1361 1515/1515/1369
f 1502/1502/1362 1515/1515/1369 1516/1516/1366
f 1501/1501/1361 1500/1500/1360 1517/1517/1370
f 1501/1501/1361 1517/1517/1370 1515/1515/1369
f 1515/1515/1369 1517/1517/1370 1518/1518/1371
f 1515/1515/1369 1518/1518/1371 1519/1519/1372
f 1516/1516/1366 1515/1515/1369 1519/1519/1372
f 1516/1516/1366 1519/1519/1372 1520/1520/1367
f 1520/1520/1367 1519/1519/1372 1521/1521/1373
f 1520/1520/1367 1521/1521/1373 1522/1522/1374
f 1519/1519/1372 1518/1518/1371 1523/1523/1375
f 1519/1519/1372 1523/1523/1375 1521/1521/1373
f 1521/1521/1373 1523/1523/1375 1524/1524/1376
f 1521/1521/1373 1524/1524/1376 1525/1525/1377
f 1522/1522/1374 1521/1521/1373 1525/1525/1377
f 1522/1522/1374 1525/1525/1377 1526/1526/1378
f 1514/1514/1167 1513/1513/1368 1527/1527/1379
f 1514/1514/1167 1527/1527/1379 1528/1528/1171
f 1513/1513/1368 1512/1512/1367 1529/1529/1374
f 1513/1513/1368 1529/1529/1374 1527/1527/1379
f 1527/1527/1379 1529/1529/1374 1530/1530/1378
f 1527/1527/1379 1530/1530/1378 1531/1531/1380
f 1528/1528/1171 1527/1527/1379 1531/1531/1380
f 1528/1528/1171 1531/1531/1380 1532/1532/1172
f 1532/1532/1172 1531/1531/1380 1533/1533/1381
f 1532/1532/1172 1533/1533/1381 1534/1534/1182
f 1531/1531/1380 1530/1530/1378 1535/1535/1382
f 1531/1531/1380 1535/1535/1382 1533/1533/1381
f 1533/1533/1381 1535/1535/1382 1536/1536/1383
f 1533/1533/1381 1536/1536/1383 1537/1537/1384
f 1534/1534/1182 1533/1533/1381 1537/1537/1384
f 1534/1534/1182 1537/1537/1384 1538/1538/1183
f 1526/1526/1378 1525/1525/1377 1539/1539/1385
f 1526/1526/1378 1539/1539/1385 1540/1540/1382
f 1525/1525/1377 1524/1524/1376 1541/1541/1386
f 1525/1525/1377 1541/1541/1386 1539/1539/1385
f 1539/1539/1385 1541/1541/1386 1542/1542/1387
f 1539/1539/1385 1542/1542/1387 1543/1543/1388
f 1540/1540/1382 1539/1539/1385 1543/1543/1388
f 1540/1540/1382 1543/1543/1388 1544/1544/1383
f 1536/1536/1383 1545/1545/1388 1546/1546/1389
f 1536/1536/1383 1546/1546/1389 1547/1547/1390
f 1545/1545/1388 1548/1548/1387 1549/1549/1391
f 1545/1545/1388 1549/1549/1391 1546/1546/1389
f 1546/1546/1389 1549/1549/1391 1550/1550/1392
f 1546/1546/1389 1550/1550/1392 1551/1551/1393
f 1547/1547/1390 1546/1546/1389 1551/1551/1393
f 1547/1547/1390 1551/1551/1393 1552/1552/1394
f 1538/1538/1183 1537/1537/1384 1553/1553/1395
f 1538/1538/1183 1553/1553/1395 1554/1554/1187
f 1537/1537/1384 1536/1536/1383 1547/1547/1390
f 1537/1537/1384 1547/1547/1390 1553/1553/1395
f 1553/1553/1395 1547/1547/1390 1552/1552/1394
f 1553/1553/1395 1552/1552/1394 1555/1555/1396
f 1554/1554/1187 1553/1553/1395 1555/1555/1396
f 1554/1554/1187 1555/1555/1396 1556/1556/1188
f 1557/1557/1188 1558/1558/1396 1559/1559/1397
f 1557/1557/1188 1559/1559/1397 1560/1560/1198
f 1558/1558/1396 1561/1561/1394 1562/1562/1398
f 1558/1558/1396 1562/1562/1398 1559/1559/1397
f 1559/1559/1397 1562/1562/1398 1563/1563/1399
f 1559/1559/1397 1563/1563/1399 1564/1564/1400
f 1560/1560/1198 1559/1559/1397 1564/1564/1400
f 1560/1560/1198 1564/1564/1400 1565/1565/1199
f 1561/1561/1394 1566/1566/1393 1567/1567/1401
f 1561/1561/1394 1567/1567/1401 1562/1562/1398
f 1566/1566/1393 1568/1568/1392 1569/1569/1402
f 1566/1566/1393 1569/1569/1402 1567/1567/1401
f 1567/1567/1401 1569/1569/1402 1570/1570/1403
f 1567/1567/1401 1570/1570/1403 1571/1571/1404
f 1562/1562/1398 1567/1567/1401 1571/1571/1404
f 1562/1562/1398 1571/1571/1404 1563/1563/1399
f 1563/1563/1399 1572/1572/1404 1573/1573/1405
f 1563/1563/1399 1573/1573/1405 1574/1574/1406
f 1572/1572/1404 1575/1575/1403 1576/1576/1407
f 1572/1572/1404 1576/1576/1407 1573/1573/1405
f 1573/1573/1405 1576/1576/1407 1577/1577/1408
f 1573/1573/1405 1577/1577/1408 1578/1578/1409
f 1574/1574/1406 1573/1573/1405 1578/1578/1409
f 1574/1574/1406 1578/1578/1409 1579/1579/1410
f 1565/1565/1199 1564/1564/1400 1580/1580/1411
f 1565/1565/1199 1580/1580/1411 1581/1581/1203
f 1564/1564/1400 1563/1563/1399 1582/1582/1406
f 1564/1564/1400 1582/1582/1406 1580/1580/1411
f 1580/1580/1411 1582/1582/1406 1583/1583/1410
f 1580/1580/1411 1583/1583/1410 1584/1584/1412
f 1581/1581/1203 1580/1580/1411 1584/1584/1412
f 1581/1581/1203 1584/1584/1412 1585/1585/1204
f 1585/1585/1204 1584/1584/1412 1586/1586/1413
f 1585/1585/1204 1586/1586/1413 1587/1587/1214
f 1584/1584/1412 1583/1583/1410 1588/1588/1414
f 1584/1584/1412 1588/1588/1414 1586/1586/1413
f 1586/1586/1413 1588/1588/1414 1589/1589/1415
f 1586/1586/1413 1589/1589/1415 1590/1590/1416
f 1587/1587/1214 1586/1586/1413 1590/1590/1416
f 1587/1587/1214 1590/1590/1416 1591/1591/1215
f 1579/1579/1410 1578/1578/1409 1592/1592/1417
f 1579/1579/1410 1592/1592/1417 1593/1593/1414
f 1578/1578/1409 1577/1577/1408 1594/1594/1418
f 1578/1578/1409 1594/1594/1418 1592/1592/1417
f 1592/1592/1417 1594/1594/1418 1595/1595/1419
f 1592/1592/1417 1595/1595/1419 1596/1596/1420
f 1593/1593/1414 1592/1592/1417 1596/1596/1420
f 1593/1593/1414 1596/1596/1420 1597/1597/1415
f 1597/1597/1415 1596/1596/1420 1598/1598/1421
f 1597/1597/1415 1598/1598/1421 1599/1599/1422
f 1596/1596/1420 1595/1595/1419 1600/1600/1423
f 1596/1596/1420 1600/1600/1423 1598/1598/1421
f 1598/1598/1421 1600/1600/1423 1601/1601/1424
f 1598/1598/1421 1601/1601/1424 1602/1602/1425
f 1599/1599/1422 1598/1598/1421 1602/1602/1425
f 1599/1599/1422 1602/1602/1425 1603/1603/1426
f 1591/1591/1215 1590/1590/1416 1604/1604/1427
f 1591/1591/1215 1604/1604/1427 1605/1605/1219
f 1590/1590/1416 1589/1589/1415 1606/1606/1422
f 1590/1590/1416 1606/1606/1422 1604/1604/1427
f 1604/1604/1427 1606/1606/1422 1607/1607/1426
f 1604/1604/1427 1607/1607/1426 1608/1608/1428
f 1605/1605/1219 1604/1604/1427 1608/1608/1428
f 1605/1605/1219 1608/1608/1428 1609/1609/1220
f 1609/1609/1220 1608/1608/1428 1610/1610/1429
f 1609/1609/1220 1610/1610/1429 1611/1611/1230
f 1608/1608/1428 1607/1607/1426 1612/1612/1430
f 1608/1608/1428 1612/1612/1430 1610/1610/1429
f 1610/1610/1429 1612/1612/1430 1613/1613/1431
f 1610/1610/1429 1613/1613/1431 1614/1614/1432
f 1611/1611/1230 1610/1610/1429 1614/1614/1432
f 1611/1611/1230 1614/1614/1432 1615/1615/1231
f 1603/1603/1426 1602/1602/1425 1616/1616/1433
f 1603/1603/1426 1616/1616/1433 1617/1617/1430
f 1602/1602/1425 1601/1601/1424 1618/1618/1434
f 1602/1602/1425 1618/1618/1434 1616/1616/1433
f 1616/1616/1433 1618/1618/1434 1619/1619/1435
f 1616/1616/1433 1619/1619/1435 1620/1620/1436
f 1617/1617/1430 1616/1616/1433 1620/1620/1436
f 1617/1617/1430 1620/1620/1436 1621/1621/1431
f 1621/1621/1431 1620/1620/1436 1622/1622/1437
f 1621/1621/1431 1622/1622/1437 1623/1623/1438
f 1620/1620/1436 1619/1619/1435 1624/1624/1439
f 1620/1620/1436 1624/1624/1439 1622/1622/1437
f 1622/1622/1437 1624/1624/1439 1625/1625/1440
f 1622/1622/1437 1625/1625/1440 1626/1626/1441
f 1623/1623/1438 1622/1622/1437 1626/1626/1441
f 1623/1623/1438 1626/1626/1441 1627/1627/1442
f 1615/1615/1231 1614/1614/1432 1628/1628/1443
f 1615/1615/1231 1628/1628/1443 1629/1629/1235
f 1614/1614/1432 1613/1613/1431 1630/1630/1438
f 1614/1614/1432 1630/1630/1438 1628/1628/1443
f 1628/1628/1443 1630/1630/1438 1631/1631/1442
f 1628/1628/1443 1631/1631/1442 1632/1632/1444
f 1629/1629/1235 1628/1628/1443 1632/1632/1444
f 1629/1629/1235 1632/1632/1444 1633/1633/1236
f 1633/1633/1236 1632/1632/1444 1634/1634/1445
f 1633/1633/1236 1634/1634/1445 1635/1635/1246
f 1632/1632/1444 1631/1631/1442 1636/1636/1446
f 1632/1632/1444 1636/1636/1446 1634/1634/1445
f 1634/1634/1445 1636/1636/1446 1637/1637/1447
f 1634/1634/1445 1637/1637/1447 1638/1638/1448
f 1635/1635/1246 1634/1634/1445 1638/1638/1448
f 1635/1635/1246 1638/1638/1448 1639/1639/1247
f 1627/1627/1442 1626/1626/1441 1640/1640/1449
f 1627/1627/1442 1640/1640/1449 1641/1641/1446
f 1626/1626/1441 1625/1625/1440 1642/1642/1450
f 1626/1626/1441 1642/1642/1450 1640/1640/1449
f 1640/1640/1449 1642/1642/1450 1643/1643/1451
f 1640/1640/1449 1643/1643/1451 1644/1644/1452
f 1641/1641/1446 1640/1640/1449 1644/1644/1452
f 1641/1641/1446 1644/1644/1452 1645/1645/1447
f 1645/1645/1447 1644/1644/1452 1646/1646/1453
f 1645/1645/1447 1646/1646/1453 1647/1647/1454
f 1644/1644/1452 1643/1643/1451 1648/1648/1455
f 1644/1644/1452 1648/1648/1455 1646/1646/1453
f 1646/1646/1453 1648/1648/1455 1395/1395/1281
f 1646/1646/1453 1395/1395/1281 1392/1392/1279
f 1647/1647/1454 1646/1646/1453 1392/1392/1279
f 1647/1647/1454 1392/1392/1279 1391/1391/1275
f 1639/1639/1247 1638/1638/1448 1649/1649/1456
f 1639/1639/1247 1649/1649/1456 1650/1650/1251
f 1638/1638/1448 1637/1637/1447 1651/1651/1454
f 1638/1638/1448 1651/1651/1454 1649/1649/1456
f 1649/1649/1456 1651/1651/1454 1386/1386/1275
f 1649/1649/1456 1386/1386/1275 1383/1383/1273
f 1650/1650/1251 1649/1649/1456 1383/1383/1273
f 1650/1650/1251 1383/1383/1273 1382/1382/1077
f 1652/1652/1261 1653/1653/1457 1654/1654/1458
f 1652/1652/1261 1654/1654/1458 1655/1655/1262
f 1653/1653/1457 1656/1656/1459 1657/1657/1460
f 1653/1653/1457 1657/1657/1460 1654/1654/1458
f 1654/1654/1458 1657/1657/1460 1658/1658/1461
f 1654/1654/1458 1658/1658/1461 1659/1659/1462
f 1655/1655/1262 1654/1654/1458 1659/1659/1462
f 1655/1655/1262 1659/1659/1462 1660/1660/1263
f 1656/1656/1459 1661/1661/1463 1662/1662/1464
f 1656/1656/1459 1662/1662/1464 1663/1663/1460
f 1661/1661/1463 1664/1664/1465 1665/1665/1466
f 1661/1661/1463 1665/1665/1466 1662/1662/1464
f 1662/1662/1464 1665/1665/1466 1666/1666/1467
f 1662/1662/1464 1666/1666/1467 1667/1667/1468
f 1663/1663/1460 1662/1662/1464 1667/1667/1468
f 1663/1663/1460 1667/1667/1468 1668/1668/1461
f 1668/1668/1461 1667/1667/1468 1669/1669/1469
f 1668/1668/1461 1669/1669/1469 1670/1670/1470
f 1667/1667/1468 1666/1666/1467 1671/1671/1471
f 1667/1667/1468 1671/1671/1471 1669/1669/1469
f 1669/1669/1469 1671/1671/1471 1672/1672/1472
f 1669/1669/1469 1672/1672/1472 1673/1673/1473
f 1670/1670/1470 1669/1669/1469 1673/1673/1473
f 1670/1670/1470 1673/1673/1473 1674/1674/1474
f 1660/1660/1263 1659/1659/1462 1675/1675/1475
f 1660/1660/1263 1675/1675/1475 1676/1676/1267
f 1659/1659/1462 1658/1658/1461 1677/1677/1470
f 1659/1659/1462 1677/1677/1470 1675/1675/1475
f 1675/1675/1475 1677/1677/1470 1678/1678/1474
f 1675/1675/1475 1678/1678/1474 1679/1679/1476
f 1676/1676/1267 1675/1675/1475 1679/1679/1476
f 1676/1676/1267 1679/1679/1476 1680/1680/1268
f 1395/1395/1281 1681/1681/1477 1682/1682/1478
f 1395/1395/1281 1682/1682/1478 1396/1396/1282
f 1681/1681/1477 1683/1683/1479 1684/1684/1480
f 1681/1681/1477 1684/1684/1480 1682/1682/1478
f 1682/1682/1478 1684/1684/1480 1685/1685/1481
f 1682/1682/1478 1685/1685/1481 1686/1686/1482
f 1396/1396/1282 1682/1682/1478 1686/1686/1482
f 1396/1396/1282 1686/1686/1482 1397/1397/1283
f 1683/1683/1479 1687/1687/1483 1688/1688/1484
f 1683/1683/1479 1688/1688/1484 1684/1684/1480
f 1687/1687/1483 1689/1689/1485 1690/1690/1486
f 1687/1687/1483 1690/1690/1486 1688/1688/1484
f 1688/1688/1484 1690/1690/1486 1691/1691/1487
f 1688/1688/1484 1691/1691/1487 1692/1692/1488
f 1684/1684/1480 1688/1688/1484 1692/1692/1488
f 1684/1684/1480 1692/1692/1488 1685/1685/1481
f 1685/1685/1481 1692/1692/1488 1693/1693/1489
f 1685/1685/1481 1693/1693/1489 1694/1694/1490
f 1692/1692/1488 1691/1691/1487 1695/1695/1491
f 1692/1692/1488 1695/1695/1491 1693/1693/1489
f 1693/1693/1489 1695/1695/1491 1696/1696/1492
f 1693/1693/1489 1696/1696/1492 1697/1697/1493
f 1694/1694/1490 1693/1693/1489 1697/1697/1493
f 1694/1694/1490 1697/1697/1493 1698/1698/1494
f 1397/1397/1283 1686/1686/1482 1699/1699/1495
f 1397/1397/1283 1699/1699/1495 1402/1402/1287
f 1686/1686/1482 1685/1685/1481 1694/1694/1490
f 1686/1686/1482 1694/1694/1490 1699/1699/1495
f 1699/1699/1495 1694/1694/1490 1698/1698/1494
f 1699/1699/1495 1698/1698/1494 1700/1700/1496
f 1402/1402/1287 1699/1699/1495 1700/1700/1496
f 1402/1402/1287 1700/1700/1496 1403/1403/1288
f 1420/1420/1301 1701/1701/1497 1702/1702/1498
f 1420/1420/1301 1702/1702/1498 1421/1421/1302
f 1701/1701/1497 1703/1703/1499 1704/1704/1500
f 1701/1701/1497 1704/1704/1500 1702/1702/1498
f 1702/1702/1498 1704/1704/1500 1705/1705/1501
f 1702/1702/1498 1705/1705/1501 1706/1706/1502
f 1421/1421/1302 1702/1702/1498 1706/1706/1502
f 1421/1421/1302 1706/1706/1502 1422/1422/1303
f 1703/1703/1499 1707/1707/1503 1708/1708/1504
f 1703/1703/1499 1708/1708/1504 1704/1704/1500
f 1707/1707/1503 1709/1709/1505 1710/1710/1506
f 1707/1707/1503 1710/1710/1506 1708/1708/1504
f 1708/1708/1504 1710/1710/1506 1711/1711/1507
f 1708/1708/1504 1711/1711/1507 1712/1712/1508
f 1704/1704/1500 1708/1708/1504 1712/1712/1508
f 1704/1704/1500 1712/1712/1508 1705/1705/1501
f 1705/1705/1501 1712/1712/1508 1713/1713/1509
f 1705/1705/1501 1713/1713/1509 1714/1714/1510
f 1712/1712/1508 1711/1711/1507 1715/1715/1511
f 1712/1712/1508 1715/1715/1511 1713/1713/1509
f 1713/1713/1509 1715/1715/1511 1716/1716/1512
f 1713/1713/1509 1716/1716/1512 1717/1717/1513
f 1714/1714/1510 1713/1713/1509 1717/1717/1513
f 1714/1714/1510 1717/1717/1513 1718/1718/1514
f 1422/1422/1303 1706/1706/1502 1719/1719/1515
f 1422/1422/1303 1719/1719/1515 1426/1426/1307
f 1706/1706/1502 1705/1705/1501 1714/1714/1510
f 1706/1706/1502 1714/1714/1510 1719/1719/1515
f 1719/1719/1515 1714/1714/1510 1718/1718/1514
f 1719/1719/1515 1718/1718/1514 1720/1720/1516
f 1426/1426/1307 1719/1719/1515 1720/1720/1516
f 1426/1426/1307 1720/1720/1516 1427/1427/1308
f 1444/1444/1321 1721/1721/1517 1722/1722/1518
f 1444/1444/1321 1722/1722/1518 1445/1445/1322
f 1721/1721/1517 1723/1723/1519 1724/1724/1520
f 1721/1721/1517 1724/1724/1520 1722/1722/1518
f 1722/1722/1518 1724/1724/1520 1725/1725/1521
f 1722/1722/1518 1725/1725/1521 1726/1726/1522
f 1445/1445/1322 1722/1722/1518 1726/1726/1522
f 1445/1445/1322 1726/1726/1522 1446/1446/1323
f 1723/1723/1519 1727/1727/1523 1728/1728/1524
f 1723/1723/1519 1728/1728/1524 1724/1724/1520
f 1727/1727/1523 1729/1729/1525 1730/1730/1526
f 1727/1727/1523 1730/1730/1526 1728/1728/1524
f 1728/1728/1524 1730/1730/1526 1731/1731/1527
f 1728/1728/1524 1731/1731/1527 1732/1732/1528
f 1724/1724/1520 1728/1728/1524 1732/1732/1528
f 1724/1724/1520 1732/1732/1528 1725/1725/1521
f 1725/1725/1521 1732/1732/1528 1733/1733/1529
f 1725/1725/1521 1733/1733/1529 1734/1734/1530
f 1732/1732/1528 1731/1731/1527 1735/1735/1531
f 1732/1732/1528 1735/1735/1531 1733/1733/1529
f 1733/1733/1529 1735/1735/1531 1736/1736/1532
f 1733/1733/1529 1736/1736/1532 1737/1737/1533
f 1734/1734/1530 1733/1733/1529 1737/1737/1533
f 1734/1734/1530 1737/1737/1533 1738/1738/1534
f 1446/1446/1323 1726/1726/1522 1739/1739/1535
f 1446/1446/1323 1739/1739/1535 1451/1451/1327
f 1726/1726/1522 1725/1725/1521 1734/1734/1530
f 1726/1726/1522 1734/1734/1530 1739/1739/1535
f 1739/1739/1535 1734/1734/1530 1738/1738/1534
f 1739/1739/1535 1738/1738/1534 1740/1740/1536
f 1451/1451/1327 1739/1739/1535 1740/1740/1536
f 1451/1451/1327 1740/1740/1536 1452/1452/1328
f 1172/1172/1104 1431/1431/1312 1741/1741/1537
f 1172/1172/1104 1741/1741/1537 1469/1469/1338
f 1431/1431/1312 1429/1429/1310 1742/1742/1538
f 1431/1431/1312 1742/1742/1538 1741/1741/1537
f 1741/1741/1537 1742/1742/1538 1743/1743/1539
f 1741/1741/1537 1743/1743/1539 1744/1744/1540
f 1469/1469/1338 1741/1741/1537 1744/1744/1540
f 1469/1469/1338 1744/1744/1540 1470/1470/1339
f 1429/1429/1310 1428/1428/1309 1745/1745/1541
f 1429/1429/1310 1745/1745/1541 1742/1742/1538
f 1428/1428/1309 1427/1427/1308 1746/1746/1542
f 1428/1428/1309 1746/1746/1542 1745/1745/1541
f 1745/1745/1541 1746/1746/1542 1747/1747/1543
f 1745/1745/1541 1747/1747/1543 1748/1748/1544
f 1742/1742/1538 1745/1745/1541 1748/1748/1544
f 1742/1742/1538 1748/1748/1544 1743/1743/1539
f 1743/1743/1539 1748/1748/1544 1749/1749/1545
f 1743/1743/1539 1749/1749/1545 1750/1750/1546
f 1748/1748/1544 1747/1747/1543 1751/1751/1547
f 1748/1748/1544 1751/1751/1547 1749/1749/1545
f 1749/1749/1545 1751/1751/1547 1752/1752/1548
f 1749/1749/1545 1752/1752/1548 1753/1753/1549
f 1750/1750/1546 1749/1749/1545 1753/1753/1549
f 1750/1750/1546 1753/1753/1549 1754/1754/1550
f 1470/1470/1339 1744/1744/1540 1755/1755/1551
f 1470/1470/1339 1755/1755/1551 1475/1475/1343
f 1744/1744/1540 1743/1743/1539 1750/1750/1546
f 1744/1744/1540 1750/1750/1546 1755/1755/1551
f 1755/1755/1551 1750/1750/1546 1754/1754/1550
f 1755/1755/1551 1754/1754/1550 1756/1756/1552
f 1475/1475/1343 1755/1755/1551 1756/1756/1552
f 1475/1475/1343 1756/1756/1552 1476/1476/1344
f 1476/1476/1344 1756/1756/1552 1757/1757/1553
f 1476/1476/1344 1757/1757/1553 1493/1493/1354
f 1756/1756/1552 1754/1754/1550 1758/1758/1554
f 1756/1756/1552 1758/1758/1554 1757/1757/1553
f 1757/1757/1553 1758/1758/1554 1759/1759/1555
f 1757/1757/1553 1759/1759/1555 1760/1760/1556
f 1493/1493/1354 1757/1757/1553 1760/1760/1556
f 1493/1493/1354 1760/1760/1556 1494/1494/1355
f 1754/1754/1550 1753/1753/1549 1761/1761/1557
f 1754/1754/1550 1761/1761/1557 1758/1758/1554
f 1753/1753/1549 1752/1752/1548 1762/1762/1558
f 1753/1753/1549 1762/1762/1558 1761/1761/1557
f 1761/1761/1557 1762/1762/1558 1763/1763/1559
f 1761/1761/1557 1763/1763/1559 1764/1764/1560
f 1758/1758/1554 1761/1761/1557 1764/1764/1560
f 1758/1758/1554 1764/1764/1560 1759/1759/1555
f 1759/1759/1555 1764/1764/1560 1765/1765/1561
f 1759/1759/1555 1765/1765/1561 1766/1766/1562
f 1764/1764/1560 1763/1763/1559 1767/1767/1563
f 1764/1764/1560 1767/1767/1563 1765/1765/1561
f 1765/1765/1561 1767/1767/1563 1768/1768/1564
f 1765/1765/1561 1768/1768/1564 1769/1769/1565
f 1766/1766/1562 1765/1765/1561 1769/1769/1565
f 1766/1766/1562 1769/1769/1565 1770/1770/1566
f 1494/1494/1355 1760/1760/1556 1771/1771/1567
f 1494/1494/1355 1771/1771/1567 1499/1499/1359
f 1760/1760/1556 1759/1759/1555 1766/1766/1562
f 1760/1760/1556 1766/1766/1562 1771/1771/1567
f 1771/1771/1567 1766/1766/1562 1770/1770/1566
f 1771/1771/1567 1770/1770/1566 1772/1772/1568
f 1499/1499/1359 1771/1771/1567 1772/1772/1568
f 1499/1499/1359 1772/1772/1568 1500/1500/1360
f 1500/1500/1360 1772/1772/1568 1773/1773/1569
f 1500/1500/1360 1773/1773/1569 1517/1517/1370
f 1772/1772/1568 1770/1770/1566 1774/1774/1570
f 1772/1772/1568 1774/1774/1570 1773/1773/1569
f 1773/1773/1569 1774/1774/1570 1775/1775/1571
f 1773/1773/1569 1775/1775/1571 1776/1776/1572
f 1517/1517/1370 1773/1773/1569 1776/1776/1572
f 1517/1517/1370 1776/1776/1572 1518/1518/1371
f 1770/1770/1566 1769/1769/1565 1777/1777/1573
f 1770/1770/1566 1777/1777/1573 1774/1774/1570
f 1769/1769/1565 1768/1768/1564 1778/1778/1574
f 1769/1769/1565 1778/1778/1574 1777/1777/1573
f 1777/1777/1573 1778/1778/1574 1779/1779/1575
f 1777/1777/1573 1779/1779/1575 1780/1780/1576
f 1774/1774/1570 1777/1777/1573 1780/1780/1576
f 1774/1774/1570 1780/1780/1576 1775/1775/1571
f 1775/1775/1571 1780/1780/1576 1781/1781/1577
f 1775/1775/1571 1781/1781/1577 1782/1782/1578
f 1780/1780/1576 1779/1779/1575 1783/1783/1579
f 1780/1780/1576 1783/1783/1579 1781/1781/1577
f 1781/1781/1577 1783/1783/1579 1784/1784/1580
f 1781/1781/1577 1784/1784/1580 1785/1785/1581
f 1782/1782/1578 1781/1781/1577 1785/1785/1581
f 1782/1782/1578 1785/1785/1581 1786/1786/1582
f 1518/1518/1371 1776/1776/1572 1787/1787/1583
f 1518/1518/1371 1787/1787/1583 1523/1523/1375
f 1776/1776/1572 1775/1775/1571 1782/1782/1578
f 1776/1776/1572 1782/1782/1578 1787/1787/1583
f 1787/1787/1583 1782/1782/1578 1786/1786/1582
f 1787/1787/1583 1786/1786/1582 1788/1788/1584
f 1523/1523/1375 1787/1787/1583 1788/1788/1584
f 1523/1523/1375 1788/1788/1584 1524/1524/1376
f 1524/1524/1376 1788/1788/1584 1789/1789/1585
f 1524/1524/1376 1789/1789/1585 1541/1541/1386
f 1788/1788/1584 1786/1786/1582 1790/1790/1586
f 1788/1788/1584 1790/1790/1586 1789/1789/1585
f 1789/1789/1585 1790/1790/1586 1791/1791/1587
f 1789/1789/1585 1791/1791/1587 1792/1792/1588
f 1541/1541/1386 1789/1789/1585 1792/1792/1588
f 1541/1541/1386 1792/1792/1588 1542/1542/1387
f 1786/1786/1582 1785/1785/1581 1793/1793/1589
f 1786/1786/1582 1793/1793/1589 1790/1790/1586
f 1785/1785/1581 1784/1784/1580 1794/1794/1590
f 1785/1785/1581 1794/1794/1590 1793/1793/1589
f 1793/1793/1589 1794/1794/1590 1795/1795/1591
f 1793/1793/1589 1795/1795/1591 1796/1796/1592
f 1790/1790/1586 1793/1793/1589 1796/1796/1592
f 1790/1790/1586 1796/1796/1592 1791/1791/1587
f 1797/1797/1587 1798/1798/1592 1799/1799/1593
f 1797/1797/1587 1799/1799/1593 1800/1800/1594
f 1798/1798/1592 1801/1801/1591 1802/1802/1595
f 1798/1798/1592 1802/1802/1595 1799/1799/1593
f 1799/1799/1593 1802/1802/1595 1803/1803/1596
f 1799/1799/1593 1803/1803/1596 1804/1804/1597
f 1800/1800/1594 1799/1799/1593 1804/1804/1597
f 1800/1800/1594 1804/1804/1597 1805/1805/1598
f 1548/1548/1387 1806/1806/1588 1807/1807/1599
f 1548/1548/1387 1807/1807/1599 1549/1549/1391
f 1806/1806/1588 1797/1797/1587 1800/1800/1594
f 1806/1806/1588 1800/1800/1594 1807/1807/1599
f 1807/1807/1599 1800/1800/1594 1805/1805/1598
f 1807/1807/1599 1805/1805/1598 1808/1808/1600
f 1549/1549/1391 1807/1807/1599 1808/1808/1600
f 1549/1549/1391 1808/1808/1600 1550/1550/1392
f 1568/1568/1392 1809/1809/1600 1810/1810/1601
f 1568/1568/1392 1810/1810/1601 1569/1569/1402
f 1809/1809/1600 1811/1811/1598 1812/1812/1602
f 1809/1809/1600 1812/1812/1602 1810/1810/1601
f 1810/1810/1601 1812/1812/1602 1813/1813/1603
f 1810/1810/1601 1813/1813/1603 1814/1814/1604
f 1569/1569/1402 1810/1810/1601 1814/1814/1604
f 1569/1569/1402 1814/1814/1604 1570/1570/1403
f 1811/1811/1598 1815/1815/1597 1816/1816/1605
f 1811/1811/1598 1816/1816/1605 1812/1812/1602
f 1815/1815/1597 1817/1817/1596 1818/1818/1606
f 1815/1815/1597 1818/1818/1606 1816/1816/1605
f 1816/1816/1605 1818/1818/1606 1819/1819/1607
f 1816/1816/1605 1819/1819/1607 1820/1820/1608
f 1812/1812/1602 1816/1816/1605 1820/1820/1608
f 1812/1812/1602 1820/1820/1608 1813/1813/1603
f 1813/1813/1603 1821/1821/1608 1822/1822/1609
f 1813/1813/1603 1822/1822/1609 1823/1823/1610
f 1821/1821/1608 1824/1824/1607 1825/1825/1611
f 1821/1821/1608 1825/1825/1611 1822/1822/1609
f 1822/1822/1609 1825/1825/1611 1826/1826/1612
f 1822/1822/1609 1826/1826/1612 1827/1827/1613
f 1823/1823/1610 1822/1822/1609 1827/1827/1613
f 1823/1823/1610 1827/1827/1613 1828/1828/1614
f 1575/1575/1403 1829/1829/1604 1830/1830/1615
f 1575/1575/1403 1830/1830/1615 1576/1576/1407
f 1829/1829/1604 1813/1813/1603 1823/1823/1610
f 1829/1829/1604 1823/1823/1610 1830/1830/1615
f 1830/1830/1615 1823/1823/1610 1828/1828/1614
f 1830/1830/1615 1828/1828/1614 1831/1831/1616
f 1576/1576/1407 1830/1830/1615 1831/1831/1616
f 1576/1576/1407 1831/1831/1616 1577/1577/1408
f 1577/1577/1408 1831/1831/1616 1832/1832/1617
f 1577/1577/1408 1832/1832/1617 1594/1594/1418
f 1831/1831/1616 1828/1828/1614 1833/1833/1618
f 1831/1831/1616 1833/1833/1618 1832/1832/1617
f 1832/1832/1617 1833/1833/1618 1834/1834/1619
f 1832/1832/1617 1834/1834/1619 1835/1835/1620
f 1594/1594/1418 1832/1832/1617 1835/1835/1620
f 1594/1594/1418 1835/1835/1620 1595/1595/1419
f 1828/1828/1614 1827/1827/1613 1836/1836/1621
f 1828/1828/1614 1836/1836/1621 1833/1833/1618
f 1827/1827/1613 1826/1826/1612 1837/1837/1622
f 1827/1827/1613 1837/1837/1622 1836/1836/1621
f 1836/1836/1621 1837/1837/1622 1838/1838/1623
f 1836/1836/1621 1838/1838/1623 1839/1839/1624
f 1833/1833/1618 1836/1836/1621 1839/1839/1624
f 1833/1833/1618 1839/1839/1624 1834/1834/1619
f 1834/1834/1619 1839/1839/1624 1840/1840/1625
f 1834/1834/1619 1840/1840/1625 1841/1841/1626
f 1839/1839/1624 1838/1838/1623 1842/1842/1627
f 1839/1839/1624 1842/1842/1627 1840/1840/1625
f 1840/1840/1625 1842/1842/1627 1843/1843/1628
f 1840/1840/1625 1843/1843/1628 1844/1844/1629
f 1841/1841/1626 1840/1840/1625 1844/1844/1629
f 1841/1841/1626 1844/1844/1629 1845/1845/1630
f 1595/1595/1419 1835/1835/1620 1846/1846/1631
f 1595/1595/1419 1846/1846/1631 1600/1600/1423
f 1835/1835/1620 1834/1834/1619 1841/1841/1626
f 1835/1835/1620 1841/1841/1626 1846/1846/1631
f 1846/1846/1631 1841/1841/1626 1845/1845/1630
f 1846/1846/1631 1845/1845/1630 1847/1847/1632
f 1600/1600/1423 1846/1846/1631 1847/1847/1632
f 1600/1600/1423 1847/1847/1632 1601/1601/1424
f 1601/1601/1424 1847/1847/1632 1848/1848/1633
f 1601/1601/1424 1848/1848/1633 1618/1618/1434
f 1847/1847/1632 1845/1845/1630 1849/1849/1634
f 1847/1847/1632 1849/1849/1634 1848/1848/1633
f 1848/1848/1633 1849/1849/1634 1850/1850/1635
f 1848/1848/1633 1850/1850/1635 1851/1851/1636
f 1618/1618/1434 1848/1848/1633 1851/1851/1636
f 1618/1618/1434 1851/1851/1636 1619/1619/1435
f 1845/1845/1630 1844/1844/1629 1852/1852/1637
f 1845/1845/1630 1852/1852/1637 1849/1849/1634
f 1844/1844/1629 1843/1843/1628 1853/1853/1638
f 1844/1844/1629 1853/1853/1638 1852/1852/1637
f 1852/1852/1637 1853/1853/1638 1854/1854/1639
f 1852/1852/1637 1854/1854/1639 1855/1855/1640
f 1849/1849/1634 1852/1852/1637 1855/1855/1640
f 1849/1849/1634 1855/1855/1640 1850/1850/1635
f 1850/1850/1635 1855/1855/1640 1856/1856/1641
f 1850/1850/1635 1856/1856/1641 1857/1857/1642
f 1855/1855/1640 1854/1854/1639 1858/1858/1643
f 1855/1855/1640 1858/1858/1643 1856/1856/1641
f 1856/1856/1641 1858/1858/1643 1859/1859/1644
f 1856/1856/1641 1859/1859/1644 1860/1860/1645
f 1857/1857/1642 1856/1856/1641 1860/1860/1645
f 1857/1857/1642 1860/1860/1645 1861/1861/1646
f 1619/1619/1435 1851/1851/1636 1862/1862/1647
f 1619/1619/1435 1862/1862/1647 1624/1624/1439
f 1851/1851/1636 1850/1850/1635 1857/1857/1642
f 1851/1851/1636 1857/1857/1642 1862/1862/1647
f 1862/1862/1647 1857/1857/1642 1861/1861/1646
f 1862/1862/1647 1861/1861/1646 1863/1863/1648
f 1624/1624/1439 1862/1862/1647 1863/1863/1648
f 1624/1624/1439 1863/1863/1648 1625/1625/1440
f 1625/1625/1440 1863/1863/1648 1864/1864/1649
f 1625/1625/1440 1864/1864/1649 1642/1642/1450
f 1863/1863/1648 1861/1861/1646 1865/1865/1650
f 1863/1863/1648 1865/1865/1650 1864/1864/1649
f 1864/1864/1649 1865/1865/1650 1866/1866/1651
f 1864/1864/1649 1866/1866/1651 1867/1867/1652
f 1642/1642/1450 1864/1864/1649 1867/1867/1652
f 1642/1642/1450 1867/1867/1652 1643/1643/1451
f 1861/1861/1646 1860/1860/1645 1868/1868/1653
f 1861/1861/1646 1868/1868/1653 1865/1865/1650
f 1860/1860/1645 1859/1859/1644 1869/1869/1654
f 1860/1860/1645 1869/1869/1654 1868/1868/1653
f 1868/1868/1653 1869/1869/1654 1870/1870/1655
f 1868/1868/1653 1870/1870/1655 1871/1871/1656
f 1865/1865/1650 1868/1868/1653 1871/1871/1656
f 1865/1865/1650 1871/1871/1656 1866/1866/1651
f 1866/1866/1651 1871/1871/1656 1872/1872/1657
f 1866/1866/1651 1872/1872/1657 1873/1873/1658
f 1871/1871/1656 1870/1870/1655 1874/1874/1659
f 1871/1871/1656 1874/1874/1659 1872/1872/1657
f 1872/1872/1657 1874/1874/1659 1689/1689/1485
f 1872/1872/1657 1689/1689/1485 1687/1687/1483
f 1873/1873/1658 1872/1872/1657 1687/1687/1483
f 1873/1873/1658 1687/1687/1483 1683/1683/1479
f 1643/1643/1451 1867/1867/1652 1875/1875/1660
f 1643/1643/1451 1875/1875/1660 1648/1648/1455
f 1867/1867/1652 1866/1866/1651 1873/1873/1658
f 1867/1867/1652 1873/1873/1658 1875/1875/1660
f 1875/1875/1660 1873/1873/1658 1683/1683/1479
f 1875/1875/1660 1683/1683/1479 1681/1681/1477
f 1648/1648/1455 1875/1875/1660 1681/1681/1477
f 1648/1648/1455 1681/1681/1477 1395/1395/1281
f 1664/1664/1465 1876/1876/1661 1877/1877/1662
f 1664/1664/1465 1877/1877/1662 1665/1665/1466
f 1876/1876/1661 1878/1878/1663 1879/1879/1664
f 1876/1876/1661 1879/1879/1664 1877/1877/1662
f 1877/1877/1662 1879/1879/1664 1880/1880/1665
f 1877/1877/1662 1880/1880/1665 1881/1881/1666
f 1665/1665/1466 1877/1877/1662 1881/1881/1666
f 1665/1665/1466 1881/1881/1666 1666/1666/1467
f 1878/1878/1663 1882/1882/1667 1883/1883/1668
f 1878/1878/1663 1883/1883/1668 1879/1879/1664
f 1882/1882/1667 1884/1884/1669 1885/1885/1670
f 1882/1882/1667 1885/1885/1670 1883/1883/1668
f 1883/1883/1668 1885/1885/1670 1886/1886/1671
f 1883/1883/1668 1886/1886/1671 1887/1887/1672
f 1879/1879/1664 1883/1883/1668 1887/1887/1672
f 1879/1879/1664 1887/1887/1672 1880/1880/1665
f 1880/1880/1665 1887/1887/1672 1888/1888/1673
f 1880/1880/1665 1888/1888/1673 1889/1889/1674
f 1887/1887/1672 1886/1886/1671 1890/1890/1675
f 1887/1887/1672 1890/1890/1675 1888/1888/1673
f 1888/1888/1673 1890/1890/1675 1891/1891/1676
f 1888/1888/1673 1891/1891/1676 1892/1892/1677
f 1889/1889/1674 1888/1888/1673 1892/1892/1677
f 1889/1889/1674 1892/1892/1677 1893/1893/1678
f 1666/1666/1467 1881/1881/1666 1894/1894/1679
f 1666/1666/1467 1894/1894/1679 1671/1671/1471
f 1881/1881/1666 1880/1880/1665 1889/1889/1674
f 1881/1881/1666 1889/1889/1674 1894/1894/1679
f 1894/1894/1679 1889/1889/1674 1893/1893/1678
f 1894/1894/1679 1893/1893/1678 1895/1895/1680
f 1671/1671/1471 1894/1894/1679 1895/1895/1680
f 1671/1671/1471 1895/1895/1680 1672/1672/1472
f 1689/1689/1485 1896/1896/1681 1897/1897/1682
f 1689/1689/1485 1897/1897/1682 1690/1690/1486
f 1896/1896/1681 1898/1898/1683 1899/1899/1684
f 1896/1896/1681 1899/1899/1684 1897/1897/1682
f 1897/1897/1682 1899/1899/1684 1900/1900/1685
f 1897/1897/1682 1900/1900/1685 1901/1901/1686
f 1690/1690/1486 1897/1897/1682 1901/1901/1686
f 1690/1690/1486 1901/1901/1686 1691/1691/1487
f 1898/1898/1683 1902/1902/1687 1903/1903/1688
f 1898/1898/1683 1903/1903/1688 1899/1899/1684
f 1902/1902/1687 1904/1904/1689 1905/1905/1690
f 1902/1902/1687 1905/1905/1690 1903/1903/1688
f 1903/1903/1688 1905/1905/1690 1906/1906/1691
f 1903/1903/1688 1906/1906/1691 1907/1907/1692
f 1899/1899/1684 1903/1903/1688 1907/1907/1692
f 1899/1899/1684 1907/1907/1692 1900/1900/1685
f 1900/1900/1685 1907/1907/1692 1908/1908/1693
f 1900/1900/1685 1908/1908/1693 1909/1909/1694
f 1907/1907/1692 1906/1906/1691 1910/1910/1695
f 1907/1907/1692 1910/1910/1695 1908/1908/1693
f 1908/1908/1693 1910/1910/1695 1911/1911/1696
f 1908/1908/1693 1911/1911/1696 1912/1912/1697
f 1909/1909/1694 1908/1908/1693 1912/1912/1697
f 1909/1909/1694 1912/1912/1697 1913/1913/1698
f 1691/1691/1487 1901/1901/1686 1914/1914/1699
f 1691/1691/1487 1914/1914/1699 1695/1695/1491
f 1901/1901/1686 1900/1900/1685 1909/1909/1694
f 1901/1901/1686 1909/1909/1694 1914/1914/1699
f 1914/1914/1699 1909/1909/1694 1913/1913/1698
f 1914/1914/1699 1913/1913/1698 1915/1915/1700
f 1695/1695/1491 1914/1914/1699 1915/1915/1700
f 1695/1695/1491 1915/1915/1700 1696/1696/1492
f 1709/1709/1505 1916/1916/1701 1917/1917/1702
f 1709/1709/1505 1917/1917/1702 1710/1710/1506
f 1916/1916/1701 1918/1918/1703 1919/1919/1704
f 1916/1916/1701 1919/1919/1704 1917/1917/1702
f 1917/1917/1702 1919/1919/1704 1920/1920/1705
f 1917/1917/1702 1920/1920/1705 1921/1921/1706
f 1710/1710/1506 1917/1917/1702 1921/1921/1706
f 1710/1710/1506 1921/1921/1706 1711/1711/1507
f 1918/1918/1703 1922/1922/1707 1923/1923/1708
f 1918/1918/1703 1923/1923/1708 1919/1919/1704
f 1922/1922/1707 1924/1924/1709 1925/1925/1710
f 1922/1922/1707 1925/1925/1710 1923/1923/1708
f 1923/1923/1708 1925/1925/1710 1926/1926/1711
f 1923/1923/1708 1926/1926/1711 1927/1927/1712
f 1919/1919/1704 1923/1923/1708 1927/1927/1712
f 1919/1919/1704 1927/1927/1712 1920/1920/1705
f 1920/1920/1705 1927/1927/1712 1928/1928/1713
f 1920/1920/1705 1928/1928/1713 1929/1929/1714
f 1927/1927/1712 1926/1926/1711 1930/1930/1715
f 1927/1927/1712 1930/1930/1715 1928/1928/1713
f 1928/1928/1713 1930/1930/1715 1931/1931/1716
f 1928/1928/1713 1931/1931/1716 1932/1932/1717
f 1929/1929/1714 1928/1928/1713 1932/1932/1717
f 1929/1929/1714 1932/1932/1717 1933/1933/1718
f 1711/1711/1507 1921/1921/1706 1934/1934/1719
f 1711/1711/1507 1934/1934/1719 1715/1715/1511
f 1921/1921/1706 1920/1920/1705 1929/1929/1714
f 1921/1921/1706 1929/1929/1714 1934/1934/1719
f 1934/1934/1719 1929/1929/1714 1933/1933/1718
f 1934/1934/1719 1933/1933/1718 1935/1935/1720
f 1715/1715/1511 1934/1934/1719 1935/1935/1720
f 1715/1715/1511 1935/1935/1720 1716/1716/1512
f 1729/1729/1525 1936/1936/1721 1937/1937/1722
f 1729/1729/1525 1937/1937/1722 1730/1730/1526
f 1936/1936/1721 1938/1938/1723 1939/1939/1724
f 1936/1936/1721 1939/1939/1724 1937/1937/1722
f 1937/1937/1722 1939/1939/1724 1940/1940/1725
f 1937/1937/1722 1940/1940/1725 1941/1941/1726
f 1730/1730/1526 1937/1937/1722 1941/1941/1726
f 1730/1730/1526 1941/1941/1726 1731/1731/1527
f 1938/1938/1723 1942/1942/1727 1943/1943/1728
f 1938/1938/1723 1943/1943/1728 1939/1939/1724
f 1942/1942/1727 1944/1944/1729 1945/1945/1730
f 1942/1942/1727 1945/1945/1730 1943/1943/1728
f 1943/1943/1728 1945/1945/1730 1946/1946/1731
f 1943/1943/1728 1946/1946/1731 1947/1947/1732
f 1939/1939/1724 1943/1943/1728 1947/1947/1732
f 1939/1939/1724 1947/1947/1732 1940/1940/1725
f 1940/1940/1725 1947/1947/1732 1948/1948/1733
f 1940/1940/1725 1948/1948/1733 1949/1949/1734
f 1947/1947/1732 1946/1946/1731 1950/1950/1735
f 1947/1947/1732 1950/1950/1735 1948/1948/1733
f 1948/1948/1733 1950/1950/1735 1951/1951/1736
f 1948/1948/1733 1951/1951/1736 1952/1952/1737
f 1949/1949/1734 1948/1948/1733 1952/1952/1737
f 1949/1949/1734 1952/1952/1737 1953/1953/1738
f 1731/1731/1527 1941/1941/1726 1954/1954/1739
f 1731/1731/1527 1954/1954/1739 1735/1735/1531
f 1941/1941/1726 1940/1940/1725 1949/1949/1734
f 1941/1941/1726 1949/1949/1734 1954/1954/1739
f 1954/1954/1739 1949/1949/1734 1953/1953/1738
f 1954/1954/1739 1953/1953/1738 1955/1955/1740
f 1735/1735/1531 1954/1954/1739 1955/1955/1740
f 1735/1735/1531 1955/1955/1740 1736/1736/1532
f 1427/1427/1308 1720/1720/1516 1956/1956/1741
f 1427/1427/1308 1956/1956/1741 1746/1746/1542
f 1720/1720/1516 1718/1718/1514 1957/1957/1742
f 1720/1720/1516 1957/1957/1742 1956/1956/1741
f 1956/1956/1741 1957/1957/1742 1958/1958/1743
f 1956/1956/1741 1958/1958/1743 1959/1959/1744
f 1746/1746/1542 1956/1956/1741 1959/1959/1744
f 1746/1746/1542 1959/1959/1744 1747/1747/1543
f 1718/1718/1514 1717/1717/1513 1960/1960/1745
f 1718/1718/1514 1960/1960/1745 1957/1957/1742
f 1717/1717/1513 1716/1716/1512 1961/1961/1746
f 1717/1717/1513 1961/1961/1746 1960/1960/1745
f 1960/1960/1745 1961/1961/1746 1962/1962/1747
f 1960/1960/1745 1962/1962/1747 1963/1963/1748
f 1957/1957/1742 1960/1960/1745 1963/1963/1748
f 1957/1957/1742 1963/1963/1748 1958/1958/1743
f 1958/1958/1743 1963/1963/1748 1964/1964/1749
f 1958/1958/1743 1964/1964/1749 1965/1965/1750
f 1963/1963/1748 1962/1962/1747 1966/1966/1751
f 1963/1963/1748 1966/1966/1751 1964/1964/1749
f 1964/1964/1749 1966/1966/1751 1967/1967/1752
f 1964/1964/1749 1967/1967/1752 1968/1968/1753
f 1965/1965/1750 1964/1964/1749 1968/1968/1753
f 1965/1965/1750 1968/1968/1753 1969/1969/1754
f 1747/1747/1543 1959/1959/1744 1970/1970/1755
f 1747/1747/1543 1970/1970/1755 1751/1751/1547
f 1959/1959/1744 1958/1958/1743 1965/1965/1750
f 1959/1959/1744 1965/1965/1750 1970/1970/1755
f 1970/1970/1755 1965/1965/1750 1969/1969/1754
f 1970/1970/1755 1969/1969/1754 1971/1971/1756
f 1751/1751/1547 1970/1970/1755 1971/1971/1756
f 1751/1751/1547 1971/1971/1756 1752/1752/1548
f 1752/1752/1548 1971/1971/1756 1972/1972/1757
f 1752/1752/1548 1972/1972/1757 1762/1762/1558
f 1971/1971/1756 1969/1969/1754 1973/1973/1758
f 1971/1971/1756 1973/1973/1758 1972/1972/1757
f 1972/1972/1757 1973/1973/1758 1974/1974/1759
f 1972/1972/1757 1974/1974/1759 1975/1975/1760
f 1762/1762/1558 1972/1972/1757 1975/1975/1760
f 1762/1762/1558 1975/1975/1760 1763/1763/1559
f 1969/1969/1754 1968/1968/1753 1976/1976/1761
f 1969/1969/1754 1976/1976/1761 1973/1973/1758
f 1968/1968/1753 1967/1967/1752 1977/1977/1762
f 1968/1968/1753 1977/1977/1762 1976/1976/1761
f 1976/1976/1761 1977/1977/1762 1978/1978/1763
f 1976/1976/1761 1978/1978/1763 1979/1979/1764
f 1973/1973/1758 1976/1976/1761 1979/1979/1764
f 1973/1973/1758 1979/1979/1764 1974/1974/1759
f 1974/1974/1759 1979/1979/1764 1980/1980/1765
f 1974/1974/1759 1980/1980/1765 1981/1981/1766
f 1979/1979/1764 1978/1978/1763 1982/1982/1767
f 1979/1979/1764 1982/1982/1767 1980/1980/1765
f 1980/1980/1765 1982/1982/1767 1983/1983/1768
f 1980/1980/1765 1983/1983/1768 1984/1984/1769
f 1981/1981/1766 1980/1980/1765 1984/1984/1769
f 1981/1981/1766 1984/1984/1769 1985/1985/1770
f 1763/1763/1559 1975/1975/1760 1986/1986/1771
f 1763/1763/1559 1986/1986/1771 1767/1767/1563
f 1975/1975/1760 1974/1974/1759 1981/1981/1766
f 1975/1975/1760 1981/1981/1766 1986/1986/1771
f 1986/1986/1771 1981/1981/1766 1985/1985/1770
f 1986/1986/1771 1985/1985/1770 1987/1987/1772
f 1767/1767/1563 1986/1986/1771 1987/1987/1772
f 1767/1767/1563 1987/1987/1772 1768/1768/1564
f 1768/1768/1564 1987/1987/1772 1988/1988/1773
f 1768/1768/1564 1988/1988/1773 1778/1778/1574
f 1987/1987/1772 1985/1985/1770 1989/1989/1774
f 1987/1987/1772 1989/1989/1774 1988/1988/1773
f 1988/1988/1773 1989/1989/1774 1990/1990/1775
f 1988/1988/1773 1990/1990/1775 1991/1991/1776
f 1778/1778/1574 1988/1988/1773 1991/1991/1776
f 1778/1778/1574 1991/1991/1776 1779/1779/1575
f 1985/1985/1770 1984/1984/1769 1992/1992/1777
f 1985/1985/1770 1992/1992/1777 1989/1989/1774
f 1984/1984/1769 1983/1983/1768 1993/1993/1778
f 1984/1984/1769 1993/1993/1778 1992/1992/1777
f 1992/1992/1777 1993/1993/1778 1994/1994/1779
f 1992/1992/1777 1994/1994/1779 1995/1995/1780
f 1989/1989/1774 1992/1992/1777 1995/1995/1780
f 1989/1989/1774 1995/1995/1780 1990/1990/1775
f 1990/1990/1775 1995/1995/1780 1996/1996/1781
f 1990/1990/1775 1996/1996/1781 1997/1997/1782
f 1995/1995/1780 1994/1994/1779 1998/1998/1783
f 1995/1995/1780 1998/1998/1783 1996/1996/1781
f 1996/1996/1781 1998/1998/1783 1999/1999/1784
f 1996/1996/1781 1999/1999/1784 2000/2000/1785
f 1997/1997/1782 1996/1996/1781 2000/2000/1785
f 1997/1997/1782 2000/2000/1785 2001/2001/1786
f 1779/1779/1575 1991/1991/1776 2002/2002/1787
f 1779/1779/1575 2002/2002/1787 1783/1783/1579
f 1991/1991/1776 1990/1990/1775 1997/1997/1782
f 1991/1991/1776 1997/1997/1782 2002/2002/1787
f 2002/2002/1787 1997/1997/1782 2001/2001/1786
f 2002/2002/1787 2001/2001/1786 2003/2003/1788
f 1783/1783/1579 2002/2002/1787 2003/2003/1788
f 1783/1783/1579 2003/2003/1788 1784/1784/1580
f 1784/1784/1580 2003/2003/1788 2004/2004/1789
f 1784/1784/1580 2004/2004/1789 1794/1794/1590
f 2003/2003/1788 2001/2001/1786 2005/2005/1790
f 2003/2003/1788 2005/2005/1790 2004/2004/1789
f 2004/2004/1789 2005/2005/1790 2006/2006/1791
f 2004/2004/1789 2006/2006/1791 2007/2007/1792
f 1794/1794/1590 2004/2004/1789 2007/2007/1792
f 1794/1794/1590 2007/2007/1792 1795/1795/1591
f 2001/2001/1786 2000/2000/1785 2008/2008/1793
f 2001/2001/1786 2008/2008/1793 2005/2005/1790
f 2000/2000/1785 1999/1999/1784 2009/2009/1794
f 2000/2000/1785 2009/2009/1794 2008/2008/1793
f 2008/2008/1793 2009/2009/1794 2010/2010/1795
f 2008/2008/1793 2010/2010/1795 2011/2011/1796
f 2005/2005/1790 2008/2008/1793 2011/2011/1796
f 2005/2005/1790 2011/2011/1796 2006/2006/1791
f 2012/2012/1791 2013/2013/1796 2014/2014/1797
f 2012/2012/1791 2014/2014/1797 2015/2015/1798
f 2013/2013/1796 2016/2016/1795 2017/2017/1799
f 2013/2013/1796 2017/2017/1799 2014/2014/1797
f 2014/2014/1797 2017/2017/1799 2018/2018/1800
f 2014/2014/1797 2018/2018/1800 2019/2019/1801
f 2015/2015/1798 2014/2014/1797 2019/2019/1801
f 2015/2015/1798 2019/2019/1801 2020/2020/1802
f 1801/1801/1591 2021/2021/1792 2022/2022/1803
f 1801/1801/1591 2022/2022/1803 1802/1802/1595
f 2021/2021/1792 2012/2012/1791 2015/2015/1798
f 2021/2021/1792 2015/2015/1798 2022/2022/1803
f 2022/2022/1803 2015/2015/1798 2020/2020/1802
f 2022/2022/1803 2020/2020/1802 2023/2023/1804
f 1802/1802/1595 2022/2022/1803 2023/2023/1804
f 1802/1802/1595 2023/2023/1804 1803/1803/1596
f 1817/1817/1596 2024/2024/1804 2025/2025/1805
f 1817/1817/1596 2025/2025/1805 1818/1818/1606
f 2024/2024/1804 2026/2026/1802 2027/2027/1806
f 2024/2024/1804 2027/2027/1806 2025/2025/1805
f 2025/2025/1805 2027/2027/1806 2028/2028/1807
f 2025/2025/1805 2028/2028/1807 2029/2029/1808
f 1818/1818/1606 2025/2025/1805 2029/2029/1808
f 1818/1818/1606 2029/2029/1808 1819/1819/1607
f 2026/2026/1802 2030/2030/1801 2031/2031/1809
f 2026/2026/1802 2031/2031/1809 2027/2027/1806
f 2030/2030/1801 2032/2032/1800 2033/2033/1810
f 2030/2030/1801 2033/2033/1810 2031/2031/1809
f 2031/2031/1809 2033/2033/1810 2034/2034/1811
f 2031/2031/1809 2034/2034/1811 2035/2035/1812
f 2027/2027/1806 2031/2031/1809 2035/2035/1812
f 2027/2027/1806 2035/2035/1812 2028/2028/1807
f 2028/2028/1807 2036/2036/1812 2037/2037/1813
f 2028/2028/1807 2037/2037/1813 2038/2038/1814
f 2036/2036/1812 2034/2034/1811 2039/2039/1815
f 2036/2036/1812 2039/2039/1815 2037/2037/1813
f 2037/2037/1813 2039/2039/1815 2040/2040/1816
f 2037/2037/1813 2040/2040/1816 2041/2041/1817
f 2038/2038/1814 2037/2037/1813 2041/2041/1817
f 2038/2038/1814 2041/2041/1817 2042/2042/1818
f 1824/1824/1607 2043/2043/1808 2044/2044/1819
f 1824/1824/1607 2044/2044/1819 1825/1825/1611
f 2043/2043/1808 2028/2028/1807 2038/2038/1814
f 2043/2043/1808 2038/2038/1814 2044/2044/1819
f 2044/2044/1819 2038/2038/1814 2042/2042/1818
f 2044/2044/1819 2042/2042/1818 2045/2045/1820
f 1825/1825/1611 2044/2044/1819 2045/2045/1820
f 1825/1825/1611 2045/2045/1820 1826/1826/1612
f 1826/1826/1612 2045/2045/1820 2046/2046/1821
f 1826/1826/1612 2046/2046/1821 1837/1837/1622
f 2045/2045/1820 2042/2042/1818 2047/2047/1822
f 2045/2045/1820 2047/2047/1822 2046/2046/1821
f 2046/2046/1821 2047/2047/1822 2048/2048/1823
f 2046/2046/1821 2048/2048/1823 2049/2049/1824
f 1837/1837/1622 2046/2046/1821 2049/2049/1824
f 1837/1837/1622 2049/2049/1824 1838/1838/1623
f 2042/2042/1818 2041/2041/1817 2050/2050/1825
f 2042/2042/1818 2050/2050/1825 2047/2047/1822
f 2041/2041/1817 2040/2040/1816 2051/2051/1826
f 2041/2041/1817 2051/2051/1826 2050/2050/1825
f 2050/2050/1825 2051/2051/1826 2052/2052/1827
f 2050/2050/1825 2052/2052/1827 2053/2053/1828
f 2047/2047/1822 2050/2050/1825 2053/2053/1828
f 2047/2047/1822 2053/2053/1828 2048/2048/1823
f 2048/2048/1823 2053/2053/1828 2054/2054/1829
f 2048/2048/1823 2054/2054/1829 2055/2055/1830
f 2053/2053/1828 2052/2052/1827 2056/2056/1831
f 2053/2053/1828 2056/2056/1831 2054/2054/1829
f 2054/2054/1829 2056/2056/1831 2057/2057/1832
f 2054/2054/1829 2057/2057/1832 2058/2058/1833
f 2055/2055/1830 2054/2054/1829 2058/2058/1833
f 2055/2055/1830 2058/2058/1833 2059/2059/1834
f 1838/1838/1623 2049/2049/1824 2060/2060/1835
f 1838/1838/1623 2060/2060/1835 1842/1842/1627
f 2049/2049/1824 2048/2048/1823 2055/2055/1830
f 2049/2049/1824 2055/2055/1830 2060/2060/1835
f 2060/2060/1835 2055/2055/1830 2059/2059/1834
f 2060/2060/1835 2059/2059/1834 2061/2061/1836
f 1842/1842/1627 2060/2060/1835 2061/2061/1836
f 1842/1842/1627 2061/2061/1836 1843/1843/1628
f 1843/1843/1628 2061/2061/1836 2062/2062/1837
f 1843/1843/1628 2062/2062/1837 1853/1853/1638
f 2061/2061/1836 2059/2059/1834 2063/2063/1838
f 2061/2061/1836 2063/2063/1838 2062/2062/1837
f 2062/2062/1837 2063/2063/1838 2064/2064/1839
f 2062/2062/1837 2064/2064/1839 2065/2065/1840
f 1853/1853/1638 2062/2062/1837 2065/2065/1840
f 1853/1853/1638 2065/2065/1840 1854/1854/1639
f 2059/2059/1834 2058/2058/1833 2066/2066/1841
f 2059/2059/1834 2066/2066/1841 2063/2063/1838
f 2058/2058/1833 2057/2057/1832 2067/2067/1842
f 2058/2058/1833 2067/2067/1842 2066/2066/1841
f 2066/2066/1841 2067/2067/1842 2068/2068/1843
f 2066/2066/1841 2068/2068/1843 2069/2069/1844
f 2063/2063/1838 2066/2066/1841 2069/2069/1844
f 2063/2063/1838 2069/2069/1844 2064/2064/1839
f 2064/2064/1839 2069/2069/1844 2070/2070/1845
f 2064/2064/1839 2070/2070/1845 2071/2071/1846
f 2069/2069/1844 2068/2068/1843 2072/2072/1847
f 2069/2069/1844 2072/2072/1847 2070/2070/1845
f 2070/2070/1845 2072/2072/1847 2073/2073/1848
f 2070/2070/1845 2073/2073/1848 2074/2074/1849
f 2071/2071/1846 2070/2070/1845 2074/2074/1849
f 2071/2071/1846 2074/2074/1849 2075/2075/1850
f 1854/1854/1639 2065/2065/1840 2076/2076/1851
f 1854/1854/1639 2076/2076/1851 1858/1858/1643
f 2065/2065/1840 2064/2064/1839 2071/2071/1846
f 2065/2065/1840 2071/2071/1846 2076/2076/1851
f 2076/2076/1851 2071/2071/1846 2075/2075/1850
f 2076/2076/1851 2075/2075/1850 2077/2077/1852
f 1858/1858/1643 2076/2076/1851 2077/2077/1852
f 1858/1858/1643 2077/2077/1852 1859/1859/1644
f 1859/1859/1644 2077/2077/1852 2078/2078/1853
f 1859/1859/1644 2078/2078/1853 1869/1869/1654
f 2077/2077/1852 2075/2075/1850 2079/2079/1854
f 2077/2077/1852 2079/2079/1854 2078/2078/1853
f 2078/2078/1853 2079/2079/1854 2080/2080/1855
f 2078/2078/1853 2080/2080/1855 2081/2081/1856
f 1869/1869/1654 2078/2078/1853 2081/2081/1856
f 1869/1869/1654 2081/2081/1856 1870/1870/1655
f 2075/2075/1850 2074/2074/1849 2082/2082/1857
f 2075/2075/1850 2082/2082/1857 2079/2079/1854
f 2074/2074/1849 2073/2073/1848 2083/2083/1858
f 2074/2074/1849 2083/2083/1858 2082/2082/1857
f 2082/2082/1857 2083/2083/1858 2084/2084/1859
f 2082/2082/1857 2084/2084/1859 2085/2085/1860
f 2079/2079/1854 2082/2082/1857 2085/2085/1860
f 2079/2079/1854 2085/2085/1860 2080/2080/1855
f 2080/2080/1855 2085/2085/1860 2086/2086/1861
f 2080/2080/1855 2086/2086/1861 2087/2087/1862
f 2085/2085/1860 2084/2084/1859 2088/2088/1863
f 2085/2085/1860 2088/2088/1863 2086/2086/1861
f 2086/2086/1861 2088/2088/1863 1904/1904/1689
f 2086/2086/1861 1904/1904/1689 1902/1902/1687
f 2087/2087/1862 2086/2086/1861 1902/1902/1687
f 2087/2087/1862 1902/1902/1687 1898/1898/1683
f 1870/1870/1655 2081/2081/1856 2089/2089/1864
f 1870/1870/1655 2089/2089/1864 1874/1874/1659
f 2081/2081/1856 2080/2080/1855 2087/2087/1862
f 2081/2081/1856 2087/2087/1862 2089/2089/1864
f 2089/2089/1864 2087/2087/1862 1898/1898/1683
f 2089/2089/1864 1898/1898/1683 1896/1896/1681
f 1874/1874/1659 2089/2089/1864 1896/1896/1681
f 1874/1874/1659 1896/1896/1681 1689/1689/1485
f 1884/1884/1669 2090/2090/1865 2091/2091/1866
f 1884/1884/1669 2091/2091/1866 1885/1885/1670
f 2090/2090/1865 2092/2092/1867 2093/2093/1868
f 2090/2090/1865 2093/2093/1868 2091/2091/1866
f 2091/2091/1866 2093/2093/1868 2094/2094/1869
f 2091/2091/1866 2094/2094/1869 2095/2095/1870
f 1885/1885/1670 2091/2091/1866 2095/2095/1870
f 1885/1885/1670 2095/2095/1870 1886/1886/1671
f 2092/2092/1867 2096/2096/1871 2097/2097/1872
f 2092/2092/1867 2097/2097/1872 2093/2093/1868
f 2096/2096/1871 2098/2098/1873 2099/2099/1874
f 2096/2096/1871 2099/2099/1874 2097/2097/1872
f 2097/2097/1872 2099/2099/1874 2100/2100/1875
f 2097/2097/1872 2100/2100/1875 2101/2101/1876
f 2093/2093/1868 2097/2097/1872 2101/2101/1876
f 2093/2093/1868 2101/2101/1876 2094/2094/1869
f 2094/2094/1869 2101/2101/1876 2102/2102/1877
f 2094/2094/1869 2102/2102/1877 2103/2103/1878
f 2101/2101/1876 2100/2100/1875 2104/2104/1879
f 2101/2101/1876 2104/2104/1879 2102/2102/1877
f 2102/2102/1877 2104/2104/1879 2105/2105/1880
f 2102/2102/1877 2105/2105/1880 2106/2106/1881
f 2103/2103/1878 2102/2102/1877 2106/2106/1881
f 2103/2103/1878 2106/2106/1881 2107/2107/1882
f 1886/1886/1671 2095/2095/1870 2108/2108/1883
f 1886/1886/1671 2108/2108/1883 1890/1890/1675
f 2095/2095/1870 2094/2094/1869 2103/2103/1878
f 2095/2095/1870 2103/2103/1878 2108/2108/1883
f 2108/2108/1883 2103/2103/1878 2107/2107/1882
f 2108/2108/1883 2107/2107/1882 2109/2109/1884
f 1890/1890/1675 2108/2108/1883 2109/2109/1884
f 1890/1890/1675 2109/2109/1884 1891/1891/1676
f 1904/1904/1689 2110/2110/1885 2111/2111/1886
f 1904/1904/1689 2111/2111/1886 1905/1905/1690
f 2110/2110/1885 2112/2112/1887 2113/2113/1888
f 2110/2110/1885 2113/2113/1888 2111/2111/1886
f 2111/2111/1886 2113/2113/1888 2114/2114/1889
f 2111/2111/1886 2114/2114/1889 2115/2115/1890
f 1905/1905/1690 2111/2111/1886 2115/2115/1890
f 1905/1905/1690 2115/2115/1890 1906/1906/1691
f 2112/2112/1887 2116/2116/1891 2117/2117/1892
f 2112/2112/1887 2117/2117/1892 2113/2113/1888
f 2116/2116/1891 2118/2118/1893 2119/2119/1894
f 2116/2116/1891 2119/2119/1894 2117/2117/1892
f 2117/2117/1892 2119/2119/1894 2120/2120/1895
f 2117/2117/1892 2120/2120/1895 2121/2121/1896
f 2113/2113/1888 2117/2117/1892 2121/2121/1896
f 2113/2113/1888 2121/2121/1896 2114/2114/1889
f 2114/2114/1889 2121/2121/1896 2122/2122/1897
f 2114/2114/1889 2122/2122/1897 2123/2123/1898
f 2121/2121/1896 2120/2120/1895 2124/2124/1899
f 2121/2121/1896 2124/2124/1899 2122/2122/1897
f 2122/2122/1897 2124/2124/1899 2125/2125/1900
f 2122/2122/1897 2125/2125/1900 2126/2126/1901
f 2123/2123/1898 2122/2122/1897 2126/2126/1901
f 2123/2123/1898 2126/2126/1901 2127/2127/1902
f 1906/1906/1691 2115/2115/1890 2128/2128/1903
f 1906/1906/1691 2128/2128/1903 1910/1910/1695
f 2115/2115/1890 2114/2114/1889 2123/2123/1898
f 2115/2115/1890 2123/2123/1898 2128/2128/1903
f 2128/2128/1903 2123/2123/1898 2127/2127/1902
f 2128/2128/1903 2127/2127/1902 2129/2129/1904
f 1910/1910/1695 2128/2128/1903 2129/2129/1904
f 1910/1910/1695 2129/2129/1904 1911/1911/1696
f 1924/1924/1709 2130/2130/1905 2131/2131/1906
f 1924/1924/1709 2131/2131/1906 1925/1925/1710
f 2130/2130/1905 2132/2132/1907 2133/2133/1908
f 2130/2130/1905 2133/2133/1908 2131/2131/1906
f 2131/2131/1906 2133/2133/1908 2134/2134/1909
f 2131/2131/1906 2134/2134/1909 2135/2135/1910
f 1925/1925/1710 2131/2131/1906 2135/2135/1910
f 1925/1925/1710 2135/2135/1910 1926/1926/1711
f 2132/2132/1907 2136/2136/1911 2137/2137/1912
f 2132/2132/1907 2137/2137/1912 2133/2133/1908
f 2136/2136/1911 2138/2138/1913 2139/2139/1914
f 2136/2136/1911 2139/2139/1914 2137/2137/1912
f 2137/2137/1912 2139/2139/1914 2140/2140/1915
f 2137/2137/1912 2140/2140/1915 2141/2141/1916
f 2133/2133/1908 2137/2137/1912 2141/2141/1916
f 2133/2133/1908 2141/2141/1916 2134/2134/1909
f 2134/2134/1909 2141/2141/1916 2142/2142/1917
f 2134/2134/1909 2142/2142/1917 2143/2143/1918
f 2141/2141/1916 2140/2140/1915 2144/2144/1919
f 2141/2141/1916 2144/2144/1919 2142/2142/1917
f 2142/2142/1917 2144/2144/1919 2145/2145/1920
f 2142/2142/1917 2145/2145/1920 2146/2146/1921
f 2143/2143/1918 2142/2142/1917 2146/2146/1921
f 2143/2143/1918 2146/2146/1921 2147/2147/1922
f 1926/1926/1711 2135/2135/1910 2148/2148/1923
f 1926/1926/1711 2148/2148/1923 1930/1930/1715
f 2135/2135/1910 2134/2134/1909 2143/2143/1918
f 2135/2135/1910 2143/2143/1918 2148/2148/1923
f 2148/2148/1923 2143/2143/1918 2147/2147/1922
f 2148/2148/1923 2147/2147/1922 2149/2149/1924
f 1930/1930/1715 2148/2148/1923 2149/2149/1924
f 1930/1930/1715 2149/2149/1924 1931/1931/1716
f 1944/1944/1729 2150/2150/1925 2151/2151/1926
f 1944/1944/1729 2151/2151/1926 1945/1945/1730
f 2150/2150/1925 2152/2152/1927 2153/2153/1928
f 2150/2150/1925 2153/2153/1928 2151/2151/1926
f 2151/2151/1926 2153/2153/1928 2154/2154/1929
f 2151/2151/1926 2154/2154/1929 2155/2155/1930
f 1945/1945/1730 2151/2151/1926 2155/2155/1930
f 1945/1945/1730 2155/2155/1930 1946/1946/1731
f 2152/2152/1927 2156/2156/1931 2157/2157/1932
f 2152/2152/1927 2157/2157/1932 2153/2153/1928
f 2156/2156/1931 2158/2158/1933 2159/2159/1934
f 2156/2156/1931 2159/2159/1934 2157/2157/1932
f 2157/2157/1932 2159/2159/1934 2160/2160/1935
f 2157/2157/1932 2160/2160/1935 2161/2161/1936
f 2153/2153/1928 2157/2157/1932 2161/2161/1936
f 2153/2153/1928 2161/2161/1936 2154/2154/1929
f 2154/2154/1929 2161/2161/1936 2162/2162/1937
f 2154/2154/1929 2162/2162/1937 2163/2163/1938
f 2161/2161/1936 2160/2160/1935 2164/2164/1939
f 2161/2161/1936 2164/2164/1939 2162/2162/1937
f 2162/2162/1937 2164/2164/1939 2165/2165/1940
f 2162/2162/1937 2165/2165/1940 2166/2166/1941
f 2163/2163/1938 2162/2162/1937 2166/2166/1941
f 2163/2163/1938 2166/2166/1941 2167/2167/1942
f 1946/1946/1731 2155/2155/1930 2168/2168/1943
f 1946/1946/1731 2168/2168/1943 1950/1950/1735
f 2155/2155/1930 2154/2154/1929 2163/2163/1938
f 2155/2155/1930 2163/2163/1938 2168/2168/1943
f 2168/2168/1943 2163/2163/1938 2167/2167/1942
f 2168/2168/1943 2167/2167/1942 2169/2169/1944
f 1950/1950/1735 2168/2168/1943 2169/2169/1944
f 1950/1950/1735 2169/2169/1944 1951/1951/1736
f 1716/1716/1512 1935/1935/1720 2170/2170/1945
f 1716/1716/1512 2170/2170/1945 1961/1961/1746
f 1935/1935/1720 1933/1933/1718 2171/2171/1946
f 1935/1935/1720 2171/2171/1946 2170/2170/1945
f 2170/2170/1945 2171/2171/1946 2172/2172/1947
f 2170/2170/1945 2172/2172/1947 2173/2173/1948
f 1961/1961/1746 2170/2170/1945 2173/2173/1948
f 1961/1961/1746 2173/2173/1948 1962/1962/1747
f 1933/1933/1718 1932/1932/1717 2174/2174/1949
f 1933/1933/1718 2174/2174/1949 2171/2171/1946
f 1932/1932/1717 1931/1931/1716 2175/2175/1950
f 1932/1932/1717 2175/2175/1950 2174/2174/1949
f 2174/2174/1949 2175/2175/1950 2176/2176/1951
f 2174/2174/1949 2176/2176/1951 2177/2177/1952
f 2171/2171/1946 2174/2174/1949 2177/2177/1952
f 2171/2171/1946 2177/2177/1952 2172/2172/1947
f 2172/2172/1947 2177/2177/1952 2178/2178/1953
f 2172/2172/1947 2178/2178/1953 2179/2179/1954
f 2177/2177/1952 2176/2176/1951 2180/2180/1955
f 2177/2177/1952 2180/2180/1955 2178/2178/1953
f 2178/2178/1953 2180/2180/1955 2181/2181/1956
f 2178/2178/1953 2181/2181/1956 2182/2182/1957
f 2179/2179/1954 2178/2178/1953 2182/2182/1957
f 2179/2179/1954 2182/2182/1957 2183/2183/1958
f 1962/1962/1747 2173/2173/1948 2184/2184/1959
f 1962/1962/1747 2184/2184/1959 1966/1966/1751
f 2173/2173/1948 2172/2172/1947 2179/2179/1954
f 2173/2173/1948 2179/2179/1954 2184/2184/1959
f 2184/2184/1959 2179/2179/1954 2183/2183/1958
f 2184/2184/1959 2183/2183/1958 2185/2185/1960
f 1966/1966/1751 2184/2184/1959 2185/2185/1960
f 1966/1966/1751 2185/2185/1960 1967/1967/1752
f 1967/1967/1752 2185/2185/1960 2186/2186/1961
f 1967/1967/1752 2186/2186/1961 1977/1977/1762
f 2185/2185/1960 2183/2183/1958 2187/2187/1962
f 2185/2185/1960 2187/2187/1962 2186/2186/1961
f 2186/2186/1961 2187/2187/1962 2188/2188/1963
f 2186/2186/1961 2188/2188/1963 2189/2189/1964
f 1977/1977/1762 2186/2186/1961 2189/2189/1964
f 1977/1977/1762 2189/2189/1964 1978/1978/1763
f 2183/2183/1958 2182/2182/1957 2190/2190/1965
f 2183/2183/1958 2190/2190/1965 2187/2187/1962
f 2182/2182/1957 2181/2181/1956 2191/2191/1966
f 2182/2182/1957 2191/2191/1966 2190/2190/1965
f 2190/2190/1965 2191/2191/1966 2192/2192/1967
f 2190/2190/1965 2192/2192/1967 2193/2193/1968
f 2187/2187/1962 2190/2190/1965 2193/2193/1968
f 2187/2187/1962 2193/2193/1968 2188/2188/1963
f 2188/2188/1963 2193/2193/1968 2194/2194/1969
f 2188/2188/1963 2194/2194/1969 2195/2195/1970
f 2193/2193/1968 2192/2192/1967 2196/2196/1971
f 2193/2193/1968 2196/2196/1971 2194/2194/1969
f 2194/2194/1969 2196/2196/1971 2197/2197/1972
f 2194/2194/1969 2197/2197/1972 2198/2198/1973
f 2195/2195/1970 2194/2194/1969 2198/2198/1973
f 2195/2195/1970 2198/2198/1973 2199/2199/1974
f 1978/1978/1763 2189/2189/1964 2200/2200/1975
f 1978/1978/1763 2200/2200/1975 1982/1982/1767
f 2189/2189/1964 2188/2188/1963 2195/2195/1970
f 2189/2189/1964 2195/2195/1970 2200/2200/1975
f 2200/2200/1975 2195/2195/1970 2199/2199/1974
f 2200/2200/1975 2199/2199/1974 2201/2201/1976
f 1982/1982/1767 2200/2200/1975 2201/2201/1976
f 1982/1982/1767 2201/2201/1976 1983/1983/1768
f 1983/1983/1768 2201/2201/1976 2202/2202/1977
f 1983/1983/1768 2202/2202/1977 1993/1993/1778
f 2201/2201/1976 2199/2199/1974 2203/2203/1978
f 2201/2201/1976 2203/2203/1978 2202/2202/1977
f 2202/2202/1977 2203/2203/1978 2204/2204/1979
f 2202/2202/1977 2204/2204/1979 2205/2205/1980
f 1993/1993/1778 2202/2202/1977 2205/2205/1980
f 1993/1993/1778 2205/2205/1980 1994/1994/1779
f 2199/2199/1974 2198/2198/1973 2206/2206/1981
f 2199/2199/1974 2206/2206/1981 2203/2203/1978
f 2198/2198/1973 2197/2197/1972 2207/2207/1982
f 2198/2198/1973 2207/2207/1982 2206/2206/1981
f 2206/2206/1981 2207/2207/1982 2208/2208/1983
f 2206/2206/1981 2208/2208/1983 2209/2209/1984
f 2203/2203/1978 2206/2206/1981 2209/2209/1984
f 2203/2203/1978 2209/2209/1984 2204/2204/1979
f 2204/2204/1979 2209/2209/1984 2210/2210/1985
f 2204/2204/1979 2210/2210/1985 2211/2211/1986
f 2209/2209/1984 2208/2208/1983 2212/2212/1987
f 2209/2209/1984 2212/2212/1987 2210/2210/1985
f 2210/2210/1985 2212/2212/1987 2213/2213/1988
f 2210/2210/1985 2213/2213/1988 2214/2214/1989
f 2211/2211/1986 2210/2210/1985 2214/2214/1989
f 2211/2211/1986 2214/2214/1989 2215/2215/1990
f 1994/1994/1779 2205/2205/1980 2216/2216/1991
f 1994/1994/1779 2216/2216/1991 1998/1998/1783
f 2205/2205/1980 2204/2204/1979 2211/2211/1986
f 2205/2205/1980 2211/2211/1986 2216/2216/1991
f 2216/2216/1991 2211/2211/1986 2215/2215/1990
f 2216/2216/1991 2215/2215/1990 2217/2217/1992
f 1998/1998/1783 2216/2216/1991 2217/2217/1992
f 1998/1998/1783 2217/2217/1992 1999/1999/1784
f 1999/1999/1784 2217/2217/1992 2218/2218/1993
f 1999/1999/1784 2218/2218/1993 2009/2009/1794
f 2217/2217/1992 2215/2215/1990 2219/2219/1994
f 2217/2217/1992 2219/2219/1994 2218/2218/1993
f 2218/2218/1993 2219/2219/1994 2220/2220/1995
f 2218/2218/1993 2220/2220/1995 2221/2221/1996
f 2009/2009/1794 2218/2218/1993 2221/2221/1996
f 2009/2009/1794 2221/2221/1996 2010/2010/1795
f 2215/2215/1990 2214/2214/1989 2222/2222/1997
f 2215/2215/1990 2222/2222/1997 2219/2219/1994
f 2214/2214/1989 2213/2213/1988 2223/2223/1998
f 2214/2214/1989 2223/2223/1998 2222/2222/1997
f 2222/2222/1997 2223/2223/1998 2224/2224/1999
f 2222/2222/1997 2224/2224/1999 2225/2225/2000
f 2219/2219/1994 2222/2222/1997 2225/2225/2000
f 2219/2219/1994 2225/2225/2000 2220/2220/1995
f 2226/2226/1995 2227/2227/2000 2228/2228/2001
f 2226/2226/1995 2228/2228/2001 2229/2229/2002
f 2227/2227/2000 2224/2224/1999 2230/2230/2003
f 2227/2227/2000 2230/2230/2003 2228/2228/2001
f 2228/2228/2001 2230/2230/2003 2231/2231/2004
f 2228/2228/2001 2231/2231/2004 2232/2232/2005
f 2229/2229/2002 2228/2228/2001 2232/2232/2005
f 2229/2229/2002 2232/2232/2005 2233/2233/2006
f 2016/2016/1795 2234/2234/1996 2235/2235/2007
f 2016/2016/1795 2235/2235/2007 2017/2017/1799
f 2234/2234/1996 2226/2226/1995 2229/2229/2002
f 2234/2234/1996 2229/2229/2002 2235/2235/2007
f 2235/2235/2007 2229/2229/2002 2233/2233/2006
f 2235/2235/2007 2233/2233/2006 2236/2236/2008
f 2017/2017/1799 2235/2235/2007 2236/2236/2008
f 2017/2017/1799 2236/2236/2008 2018/2018/1800
f 2032/2032/1800 2237/2237/2008 2238/2238/2009
f 2032/2032/1800 2238/2238/2009 2033/2033/1810
f 2237/2237/2008 2239/2239/2006 2240/2240/2010
f 2237/2237/2008 2240/2240/2010 2238/2238/2009
f 2238/2238/2009 2240/2240/2010 2241/2241/2011
f 2238/2238/2009 2241/2241/2011 2242/2242/2012
f 2033/2033/1810 2238/2238/2009 2242/2242/2012
f 2033/2033/1810 2242/2242/2012 2034/2034/1811
f 2239/2239/2006 2243/2243/2005 2244/2244/2013
f 2239/2239/2006 2244/2244/2013 2240/2240/2010
f 2243/2243/2005 2245/2245/2004 2246/2246/2014
f 2243/2243/2005 2246/2246/2014 2244/2244/2013
f 2244/2244/2013 2246/2246/2014 2247/2247/2015
f 2244/2244/2013 2247/2247/2015 2248/2248/2016
f 2240/2240/2010 2244/2244/2013 2248/2248/2016
f 2240/2240/2010 2248/2248/2016 2241/2241/2011
f 2241/2241/2011 2249/2249/2016 2250/2250/2017
f 2241/2241/2011 2250/2250/2017 2251/2251/2018
f 2249/2249/2016 2252/2252/2015 2253/2253/2019
f 2249/2249/2016 2253/2253/2019 2250/2250/2017
f 2250/2250/2017 2253/2253/2019 2254/2254/2020
f 2250/2250/2017 2254/2254/2020 2255/2255/2021
f 2251/2251/2018 2250/2250/2017 2255/2255/2021
f 2251/2251/2018 2255/2255/2021 2256/2256/2022
f 2034/2034/1811 2242/2242/2012 2257/2257/2023
f 2034/2034/1811 2257/2257/2023 2039/2039/1815
f 2242/2242/2012 2241/2241/2011 2251/2251/2018
f 2242/2242/2012 2251/2251/2018 2257/2257/2023
f 2257/2257/2023 2251/2251/2018 2256/2256/2022
f 2257/2257/2023 2256/2256/2022 2258/2258/2024
f 2039/2039/1815 2257/2257/2023 2258/2258/2024
f 2039/2039/1815 2258/2258/2024 2040/2040/1816
f 2040/2040/1816 2258/2258/2024 2259/2259/2025
f 2040/2040/1816 2259/2259/2025 2051/2051/1826
f 2258/2258/2024 2256/2256/2022 2260/2260/2026
f 2258/2258/2024 2260/2260/2026 2259/2259/2025
f 2259/2259/2025 2260/2260/2026 2261/2261/2027
f 2259/2259/2025 2261/2261/2027 2262/2262/2028
f 2051/2051/1826 2259/2259/2025 2262/2262/2028
f 2051/2051/1826 2262/2262/2028 2052/2052/1827
f 2256/2256/2022 2255/2255/2021 2263/2263/2029
f 2256/2256/2022 2263/2263/2029 2260/2260/2026
f 2255/2255/2021 2254/2254/2020 2264/2264/2030
f 2255/2255/2021 2264/2264/2030 2263/2263/2029
f 2263/2263/2029 2264/2264/2030 2265/2265/2031
f 2263/2263/2029 2265/2265/2031 2266/2266/2032
f 2260/2260/2026 2263/2263/2029 2266/2266/2032
f 2260/2260/2026 2266/2266/2032 2261/2261/2027
f 2261/2261/2027 2266/2266/2032 2267/2267/2033
f 2261/2261/2027 2267/2267/2033 2268/2268/2034
f 2266/2266/2032 2265/2265/2031 2269/2269/2035
f 2266/2266/2032 2269/2269/2035 2267/2267/2033
f 2267/2267/2033 2269/2269/2035 2270/2270/2036
f 2267/2267/2033 2270/2270/2036 2271/2271/2037
f 2268/2268/2034 2267/2267/2033 2271/2271/2037
f 2268/2268/2034 2271/2271/2037 2272/2272/2038
f 2052/2052/1827 2262/2262/2028 2273/2273/2039
f 2052/2052/1827 2273/2273/2039 2056/2056/1831
f 2262/2262/2028 2261/2261/2027 2268/2268/2034
f 2262/2262/2028 2268/2268/2034 2273/2273/2039
f 2273/2273/2039 2268/2268/2034 2272/2272/2038
f 2273/2273/2039 2272/2272/2038 2274/2274/2040
f 2056/2056/1831 2273/2273/2039 2274/2274/2040
f 2056/2056/1831 2274/2274/2040 2057/2057/1832
f 2057/2057/1832 2274/2274/2040 2275/2275/2041
f 2057/2057/1832 2275/2275/2041 2067/2067/1842
f 2274/2274/2040 2272/2272/2038 2276/2276/2042
f 2274/2274/2040 2276/2276/2042 2275/2275/2041
f 2275/2275/2041 2276/2276/2042 2277/2277/2043
f 2275/2275/2041 2277/2277/2043 2278/2278/2044
f 2067/2067/1842 2275/2275/2041 2278/2278/2044
f 2067/2067/1842 2278/2278/2044 2068/2068/1843
f 2272/2272/2038 2271/2271/2037 2279/2279/2045
f 2272/2272/2038 2279/2279/2045 2276/2276/2042
f 2271/2271/2037 2270/2270/2036 2280/2280/2046
f 2271/2271/2037 2280/2280/2046 2279/2279/2045
f 2279/2279/2045 2280/2280/2046 2281/2281/2047
f 2279/2279/2045 2281/2281/2047 2282/2282/2048
f 2276/2276/2042 2279/2279/2045 2282/2282/2048
f 2276/2276/2042 2282/2282/2048 2277/2277/2043
f 2277/2277/2043 2282/2282/2048 2283/2283/2049
f 2277/2277/2043 2283/2283/2049 2284/2284/2050
f 2282/2282/2048 2281/2281/2047 2285/2285/2051
f 2282/2282/2048 2285/2285/2051 2283/2283/2049
f 2283/2283/2049 2285/2285/2051 2286/2286/2052
f 2283/2283/2049 2286/2286/2052 2287/2287/2053
f 2284/2284/2050 2283/2283/2049 2287/2287/2053
f 2284/2284/2050 2287/2287/2053 2288/2288/2054
f 2068/2068/1843 2278/2278/2044 2289/2289/2055
f 2068/2068/1843 2289/2289/2055 2072/2072/1847
f 2278/2278/2044 2277/2277/2043 2284/2284/2050
f 2278/2278/2044 2284/2284/2050 2289/2289/2055
f 2289/2289/2055 2284/2284/2050 2288/2288/2054
f 2289/2289/2055 2288/2288/2054 2290/2290/2056
f 2072/2072/1847 2289/2289/2055 2290/2290/2056
f 2072/2072/1847 2290/2290/2056 2073/2073/1848
f 2073/2073/1848 2290/2290/2056 2291/2291/2057
f 2073/2073/1848 2291/2291/2057 2083/2083/1858
f 2290/2290/2056 2288/2288/2054 2292/2292/2058
f 2290/2290/2056 2292/2292/2058 2291/2291/2057
f 2291/2291/2057 2292/2292/2058 2293/2293/2059
f 2291/2291/2057 2293/2293/2059 2294/2294/2060
f 2083/2083/1858 2291/2291/2057 2294/2294/2060
f 2083/2083/1858 2294/2294/2060 2084/2084/1859
f 2288/2288/2054 2287/2287/2053 2295/2295/2061
f 2288/2288/2054 2295/2295/2061 2292/2292/2058
f 2287/2287/2053 2286/2286/2052 2296/2296/2062
f 2287/2287/2053 2296/2296/2062 2295/2295/2061
f 2295/2295/2061 2296/2296/2062 2297/2297/2063
f 2295/2295/2061 2297/2297/2063 2298/2298/2064
f 2292/2292/2058 2295/2295/2061 2298/2298/2064
f 2292/2292/2058 2298/2298/2064 2293/2293/2059
f 2293/2293/2059 2298/2298/2064 2299/2299/2065
f 2293/2293/2059 2299/2299/2065 2300/2300/2066
f 2298/2298/2064 2297/2297/2063 2301/2301/2067
f 2298/2298/2064 2301/2301/2067 2299/2299/2065
f 2299/2299/2065 2301/2301/2067 2118/2118/1893
f 2299/2299/2065 2118/2118/1893 2116/2116/1891
f 2300/2300/2066 2299/2299/2065 2116/2116/1891
f 2300/2300/2066 2116/2116/1891 2112/2112/1887
f 2084/2084/1859 2294/2294/2060 2302/2302/2068
f 2084/2084/1859 2302/2302/2068 2088/2088/1863
f 2294/2294/2060 2293/2293/2059 2300/2300/2066
f 2294/2294/2060 2300/2300/2066 2302/2302/2068
f 2302/2302/2068 2300/2300/2066 2112/2112/1887
f 2302/2302/2068 2112/2112/1887 2110/2110/1885
f 2088/2088/1863 2302/2302/2068 2110/2110/1885
f 2088/2088/1863 2110/2110/1885 1904/1904/1689
f 2098/2098/1873 2303/2303/2069 2304/2304/2070
f 2098/2098/1873 2304/2304/2070 2099/2099/1874
f 2303/2303/2069 2305/2305/2071 2306/2306/2072
f 2303/2303/2069 2306/2306/2072 2304/2304/2070
f 2304/2304/2070 2306/2306/2072 2307/2307/2073
f 2304/2304/2070 2307/2307/2073 2308/2308/2074
f 2099/2099/1874 2304/2304/2070 2308/2308/2074
f 2099/2099/1874 2308/2308/2074 2100/2100/1875
f 2305/2305/2071 2309/2309/2075 2310/2310/2076
f 2305/2305/2071 2310/2310/2076 2306/2306/2072
f 2309/2309/2075 2311/2311/2077 2312/2312/2078
f 2309/2309/2075 2312/2312/2078 2310/2310/2076
f 2310/2310/2076 2312/2312/2078 2313/2313/2079
f 2310/2310/2076 2313/2313/2079 2314/2314/2080
f 2306/2306/2072 2310/2310/2076 2314/2314/2080
f 2306/2306/2072 2314/2314/2080 2307/2307/2073
f 2307/2307/2073 2314/2314/2080 2315/2315/2081
f 2307/2307/2073 2315/2315/2081 2316/2316/2082
f 2314/2314/2080 2313/2313/2079 2317/2317/2083
f 2314/2314/2080 2317/2317/2083 2315/2315/2081
f 2315/2315/2081 2317/2317/2083 2318/2318/2084
f 2315/2315/2081 2318/2318/2084 2319/2319/2085
f 2316/2316/2082 2315/2315/2081 2319/2319/2085
f 2316/2316/2082 2319/2319/2085 2320/2320/2086
f 2100/2100/1875 2308/2308/2074 2321/2321/2087
f 2100/2100/1875 2321/2321/2087 2104/2104/1879
f 2308/2308/2074 2307/2307/2073 2316/2316/2082
f 2308/2308/2074 2316/2316/2082 2321/2321/2087
f 2321/2321/2087 2316/2316/2082 2320/2320/2086
f 2321/2321/2087 2320/2320/2086 2322/2322/2088
f 2104/2104/1879 2321/2321/2087 2322/2322/2088
f 2104/2104/1879 2322/2322/2088 2105/2105/1880
f 2118/2118/1893 2323/2323/2089 2324/2324/2090
f 2118/2118/1893 2324/2324/2090 2119/2119/1894
f 2323/2323/2089 2325/2325/2091 2326/2326/2092
f 2323/2323/2089 2326/2326/2092 2324/2324/2090
f 2324/2324/2090 2326/2326/2092 2327/2327/2093
f 2324/2324/2090 2327/2327/2093 2328/2328/2094
f 2119/2119/1894 2324/2324/2090 2328/2328/2094
f 2119/2119/1894 2328/2328/2094 2120/2120/1895
f 2325/2325/2091 2329/2329/2095 2330/2330/2096
f 2325/2325/2091 2330/2330/2096 2326/2326/2092
f 2329/2329/2095 246/246/235 249/249/238
f 2329/2329/2095 249/249/238 2330/2330/2096
f 2330/2330/2096 249/249/238 254/254/243
f 2330/2330/2096 254/254/243 2331/2331/2097
f 2326/2326/2092 2330/2330/2096 2331/2331/2097
f 2326/2326/2092 2331/2331/2097 2327/2327/2093
f 2327/2327/2093 2331/2331/2097 2332/2332/2098
f 2327/2327/2093 2332/2332/2098 2333/2333/2099
f 2331/2331/2097 254/254/243 263/263/252
f 2331/2331/2097 263/263/252 2332/2332/2098
f 2332/2332/2098 263/263/252 265/265/254
f 2332/2332/2098 265/265/254 2334/2334/2100
f 2333/2333/2099 2332/2332/2098 2334/2334/2100
f 2333/2333/2099 2334/2334/2100 2335/2335/2101
f 2120/2120/1895 2328/2328/2094 2336/2336/2102
f 2120/2120/1895 2336/2336/2102 2124/2124/1899
f 2328/2328/2094 2327/2327/2093 2333/2333/2099
f 2328/2328/2094 2333/2333/2099 2336/2336/2102
f 2336/2336/2102 2333/2333/2099 2335/2335/2101
f 2336/2336/2102 2335/2335/2101 2337/2337/2103
f 2124/2124/1899 2336/2336/2102 2337/2337/2103
f 2124/2124/1899 2337/2337/2103 2125/2125/1900
f 2158/2158/1933 2338/2338/2104 2339/2339/2105
f 2158/2158/1933 2339/2339/2105 2159/2159/1934
f 2338/2338/2104 2340/2340/2106 2341/2341/2107
f 2338/2338/2104 2341/2341/2107 2339/2339/2105
f 2339/2339/2105 2341/2341/2107 2342/2342/2108
f 2339/2339/2105 2342/2342/2108 2343/2343/2109
f 2159/2159/1934 2339/2339/2105 2343/2343/2109
f 2159/2159/1934 2343/2343/2109 2160/2160/1935
f 2340/2340/2106 2344/2344/2110 2345/2345/2111
f 2340/2340/2106 2345/2345/2111 2341/2341/2107
f 2344/2344/2110 26/26/26 29/29/29
f 2344/2344/2110 29/29/29 2345/2345/2111
f 2345/2345/2111 29/29/29 34/34/34
f 2345/2345/2111 34/34/34 2346/2346/2112
f 2341/2341/2107 2345/2345/2111 2346/2346/2112
f 2341/2341/2107 2346/2346/2112 2342/2342/2108
f 2342/2342/2108 2346/2346/2112 2347/2347/2113
f 2342/2342/2108 2347/2347/2113 2348/2348/2114
f 2346/2346/2112 34/34/34 48/48/48
f 2346/2346/2112 48/48/48 2347/2347/2113
f 2347/2347/2113 48/48/48 50/50/50
f 2347/2347/2113 50/50/50 2349/2349/2115
f 2348/2348/2114 2347/2347/2113 2349/2349/2115
f 2348/2348/2114 2349/2349/2115 2350/2350/2116
f 2160/2160/1935 2343/2343/2109 2351/2351/2117
f 2160/2160/1935 2351/2351/2117 2164/2164/1939
f 2343/2343/2109 2342/2342/2108 2348/2348/2114
f 2343/2343/2109 2348/2348/2114 2351/2351/2117
f 2351/2351/2117 2348/2348/2114 2350/2350/2116
f 2351/2351/2117 2350/2350/2116 2352/2352/2118
f 2164/2164/1939 2351/2351/2117 2352/2352/2118
f 2164/2164/1939 2352/2352/2118 2165/2165/1940
f 1931/1931/1716 2149/2149/1924 2353/2353/2119
f 1931/1931/1716 2353/2353/2119 2175/2175/1950
f 2149/2149/1924 2147/2147/1922 2354/2354/2120
f 2149/2149/1924 2354/2354/2120 2353/2353/2119
f 2353/2353/2119 2354/2354/2120 2355/2355/2121
f 2353/2353/2119 2355/2355/2121 2356/2356/2122
f 2175/2175/1950 2353/2353/2119 2356/2356/2122
f 2175/2175/1950 2356/2356/2122 2176/2176/1951
f 2147/2147/1922 2146/2146/1921 2357/2357/2123
f 2147/2147/1922 2357/2357/2123 2354/2354/2120
f 2146/2146/1921 2145/2145/1920 2358/2358/2124
f 2146/2146/1921 2358/2358/2124 2357/2357/2123
f 2357/2357/2123 2358/2358/2124 2359/2359/2125
f 2357/2357/2123 2359/2359/2125 2360/2360/2126
f 2354/2354/2120 2357/2357/2123 2360/2360/2126
f 2354/2354/2120 2360/2360/2126 2355/2355/2121
f 2355/2355/2121 2360/2360/2126 2361/2361/2127
f 2355/2355/2121 2361/2361/2127 2362/2362/2128
f 2360/2360/2126 2359/2359/2125 2363/2363/2129
f 2360/2360/2126 2363/2363/2129 2361/2361/2127
f 2361/2361/2127 2363/2363/2129 2364/2364/2130
f 2361/2361/2127 2364/2364/2130 2365/2365/2131
f 2362/2362/2128 2361/2361/2127 2365/2365/2131
f 2362/2362/2128 2365/2365/2131 2366/2366/2132
f 2176/2176/1951 2356/2356/2122 2367/2367/2133
f 2176/2176/1951 2367/2367/2133 2180/2180/1955
f 2356/2356/2122 2355/2355/2121 2362/2362/2128
f 2356/2356/2122 2362/2362/2128 2367/2367/2133
f 2367/2367/2133 2362/2362/2128 2366/2366/2132
f 2367/2367/2133 2366/2366/2132 2368/2368/2134
f 2180/2180/1955 2367/2367/2133 2368/2368/2134
f 2180/2180/1955 2368/2368/2134 2181/2181/1956
f 2181/2181/1956 2368/2368/2134 2369/2369/2135
f 2181/2181/1956 2369/2369/2135 2191/2191/1966
f 2368/2368/2134 2366/2366/2132 2370/2370/2136
f 2368/2368/2134 2370/2370/2136 2369/2369/2135
f 2369/2369/2135 2370/2370/2136 2371/2371/2137
f 2369/2369/2135 2371/2371/2137 2372/2372/2138
f 2191/2191/1966 2369/2369/2135 2372/2372/2138
f 2191/2191/1966 2372/2372/2138 2192/2192/1967
f 2366/2366/2132 2365/2365/2131 2373/2373/2139
f 2366/2366/2132 2373/2373/2139 2370/2370/2136
f 2365/2365/2131 2364/2364/2130 2374/2374/2140
f 2365/2365/2131 2374/2374/2140 2373/2373/2139
f 2373/2373/2139 2374/2374/2140 2375/2375/2141
f 2373/2373/2139 2375/2375/2141 2376/2376/2142
f 2370/2370/2136 2373/2373/2139 2376/2376/2142
f 2370/2370/2136 2376/2376/2142 2371/2371/2137
f 2371/2371/2137 2376/2376/2142 2377/2377/2143
f 2371/2371/2137 2377/2377/2143 2378/2378/2144
f 2376/2376/2142 2375/2375/2141 2379/2379/2145
f 2376/2376/2142 2379/2379/2145 2377/2377/2143
f 2377/2377/2143 2379/2379/2145 2380/2380/2146
f 2377/2377/2143 2380/2380/2146 2381/2381/2147
f 2378/2378/2144 2377/2377/2143 2381/2381/2147
f 2378/2378/2144 2381/2381/2147 2382/2382/2148
f 2192/2192/1967 2372/2372/2138 2383/2383/2149
f 2192/2192/1967 2383/2383/2149 2196/2196/1971
f 2372/2372/2138 2371/2371/2137 2378/2378/2144
f 2372/2372/2138 2378/2378/2144 2383/2383/2149
f 2383/2383/2149 2378/2378/2144 2382/2382/2148
f 2383/2383/2149 2382/2382/2148 2384/2384/2150
f 2196/2196/1971 2383/2383/2149 2384/2384/2150
f 2196/2196/1971 2384/2384/2150 2197/2197/1972
f 2197/2197/1972 2384/2384/2150 2385/2385/2151
f 2197/2197/1972 2385/2385/2151 2207/2207/1982
f 2384/2384/2150 2382/2382/2148 2386/2386/2152
f 2384/2384/2150 2386/2386/2152 2385/2385/2151
f 2385/2385/2151 2386/2386/2152 2387/2387/2153
f 2385/2385/2151 2387/2387/2153 2388/2388/2154
f 2207/2207/1982 2385/2385/2151 2388/2388/2154
f 2207/2207/1982 2388/2388/2154 2208/2208/1983
f 2382/2382/2148 2381/2381/2147 2389/2389/2155
f 2382/2382/2148 2389/2389/2155 2386/2386/2152
f 2381/2381/2147 2380/2380/2146 2390/2390/2156
f 2381/2381/2147 2390/2390/2156 2389/2389/2155
f 2389/2389/2155 2390/2390/2156 2391/2391/2157
f 2389/2389/2155 2391/2391/2157 2392/2392/2158
f 2386/2386/2152 2389/2389/2155 2392/2392/2158
f 2386/2386/2152 2392/2392/2158 2387/2387/2153
f 2387/2387/2153 2392/2392/2158 2393/2393/2159
f 2387/2387/2153 2393/2393/2159 2394/2394/2160
f 2392/2392/2158 2391/2391/2157 2395/2395/2161
f 2392/2392/2158 2395/2395/2161 2393/2393/2159
f 2393/2393/2159 2395/2395/2161 2396/2396/2162
f 2393/2393/2159 2396/2396/2162 2397/2397/2163
f 2394/2394/2160 2393/2393/2159 2397/2397/2163
f 2394/2394/2160 2397/2397/2163 2398/2398/2164
f 2208/2208/1983 2388/2388/2154 2399/2399/2165
f 2208/2208/1983 2399/2399/2165 2212/2212/1987
f 2388/2388/2154 2387/2387/2153 2394/2394/2160
f 2388/2388/2154 2394/2394/2160 2399/2399/2165
f 2399/2399/2165 2394/2394/2160 2398/2398/2164
f 2399/2399/2165 2398/2398/2164 2400/2400/2166
f 2212/2212/1987 2399/2399/2165 2400/2400/2166
f 2212/2212/1987 2400/2400/2166 2213/2213/1988
f 2213/2213/1988 2400/2400/2166 2401/2401/2167
f 2213/2213/1988 2401/2401/2167 2223/2223/1998
f 2400/2400/2166 2398/2398/2164 2402/2402/2168
f 2400/2400/2166 2402/2402/2168 2401/2401/2167
f 2401/2401/2167 2402/2402/2168 2403/2403/2169
f 2401/2401/2167 2403/2403/2169 2404/2404/2170
f 2223/2223/1998 2401/2401/2167 2404/2404/2170
f 2223/2223/1998 2404/2404/2170 2224/2224/1999
f 2398/2398/2164 2397/2397/2163 2405/2405/2171
f 2398/2398/2164 2405/2405/2171 2402/2402/2168
f 2397/2397/2163 2396/2396/2162 2406/2406/2172
f 2397/2397/2163 2406/2406/2172 2405/2405/2171
f 2405/2405/2171 2406/2406/2172 2407/2407/2173
f 2405/2405/2171 2407/2407/2173 2408/2408/2174
f 2402/2402/2168 2405/2405/2171 2408/2408/2174
f 2402/2402/2168 2408/2408/2174 2403/2403/2169
f 2409/2409/2169 2410/2410/2174 2411/2411/2175
f 2409/2409/2169 2411/2411/2175 2412/2412/2176
f 2410/2410/2174 2407/2407/2173 2413/2413/2177
f 2410/2410/2174 2413/2413/2177 2411/2411/2175
f 2411/2411/2175 2413/2413/2177 2414/2414/2178
f 2411/2411/2175 2414/2414/2178 2415/2415/2179
f 2412/2412/2176 2411/2411/2175 2415/2415/2179
f 2412/2412/2176 2415/2415/2179 2416/2416/2180
f 2224/2224/1999 2417/2417/2170 2418/2418/2181
f 2224/2224/1999 2418/2418/2181 2230/2230/2003
f 2417/2417/2170 2409/2409/2169 2412/2412/2176
f 2417/2417/2170 2412/2412/2176 2418/2418/2181
f 2418/2418/2181 2412/2412/2176 2416/2416/2180
f 2418/2418/2181 2416/2416/2180 2419/2419/2182
f 2230/2230/2003 2418/2418/2181 2419/2419/2182
f 2230/2230/2003 2419/2419/2182 2231/2231/2004
f 2245/2245/2004 2420/2420/2182 2421/2421/2183
f 2245/2245/2004 2421/2421/2183 2246/2246/2014
f 2420/2420/2182 2422/2422/2180 2423/2423/2184
f 2420/2420/2182 2423/2423/2184 2421/2421/2183
f 2421/2421/2183 2423/2423/2184 2424/2424/2185
f 2421/2421/2183 2424/2424/2185 2425/2425/2186
f 2246/2246/2014 2421/2421/2183 2425/2425/2186
f 2246/2246/2014 2425/2425/2186 2247/2247/2015
f 2422/2422/2180 2426/2426/2179 2427/2427/2187
f 2422/2422/2180 2427/2427/2187 2423/2423/2184
f 2426/2426/2179 2428/2428/2178 2429/2429/2188
f 2426/2426/2179 2429/2429/2188 2427/2427/2187
f 2427/2427/2187 2429/2429/2188 2430/2430/2189
f 2427/2427/2187 2430/2430/2189 2431/2431/2190
f 2423/2423/2184 2427/2427/2187 2431/2431/2190
f 2423/2423/2184 2431/2431/2190 2424/2424/2185
f 2424/2424/2185 2431/2431/2190 2432/2432/2191
f 2424/2424/2185 2432/2432/2191 2433/2433/2192
f 2431/2431/2190 2434/2434/2189 2435/2435/2193
f 2431/2431/2190 2435/2435/2193 2432/2432/2191
f 2432/2432/2191 2435/2435/2193 2436/2436/2194
f 2432/2432/2191 2436/2436/2194 2437/2437/2195
f 2433/2433/2192 2432/2432/2191 2437/2437/2195
f 2433/2433/2192 2437/2437/2195 2438/2438/2196
f 2252/2252/2015 2439/2439/2186 2440/2440/2197
f 2252/2252/2015 2440/2440/2197 2253/2253/2019
f 2439/2439/2186 2424/2424/2185 2433/2433/2192
f 2439/2439/2186 2433/2433/2192 2440/2440/2197
f 2440/2440/2197 2433/2433/2192 2438/2438/2196
f 2440/2440/2197 2438/2438/2196 2441/2441/2198
f 2253/2253/2019 2440/2440/2197 2441/2441/2198
f 2253/2253/2019 2441/2441/2198 2254/2254/2020
f 2254/2254/2020 2441/2441/2198 2442/2442/2199
f 2254/2254/2020 2442/2442/2199 2264/2264/2030
f 2441/2441/2198 2438/2438/2196 2443/2443/2200
f 2441/2441/2198 2443/2443/2200 2442/2442/2199
f 2442/2442/2199 2443/2443/2200 2444/2444/2201
f 2442/2442/2199 2444/2444/2201 2445/2445/2202
f 2264/2264/2030 2442/2442/2199 2445/2445/2202
f 2264/2264/2030 2445/2445/2202 2265/2265/2031
f 2438/2438/2196 2437/2437/2195 2446/2446/2203
f 2438/2438/2196 2446/2446/2203 2443/2443/2200
f 2437/2437/2195 2436/2436/2194 2447/2447/2204
f 2437/2437/2195 2447/2447/2204 2446/2446/2203
f 2446/2446/2203 2447/2447/2204 2448/2448/2205
f 2446/2446/2203 2448/2448/2205 2449/2449/2206
f 2443/2443/2200 2446/2446/2203 2449/2449/2206
f 2443/2443/2200 2449/2449/2206 2444/2444/2201
f 2444/2444/2201 2449/2449/2206 2450/2450/2207
f 2444/2444/2201 2450/2450/2207 2451/2451/2208
f 2449/2449/2206 2448/2448/2205 2452/2452/2209
f 2449/2449/2206 2452/2452/2209 2450/2450/2207
f 2450/2450/2207 2452/2452/2209 2453/2453/2210
f 2450/2450/2207 2453/2453/2210 2454/2454/2211
f 2451/2451/2208 2450/2450/2207 2454/2454/2211
f 2451/2451/2208 2454/2454/2211 2455/2455/2212
f 2265/2265/2031 2445/2445/2202 2456/2456/2213
f 2265/2265/2031 2456/2456/2213 2269/2269/2035
f 2445/2445/2202 2444/2444/2201 2451/2451/2208
f 2445/2445/2202 2451/2451/2208 2456/2456/2213
f 2456/2456/2213 2451/2451/2208 2455/2455/2212
f 2456/2456/2213 2455/2455/2212 2457/2457/2214
f 2269/2269/2035 2456/2456/2213 2457/2457/2214
f 2269/2269/2035 2457/2457/2214 2270/2270/2036
f 2270/2270/2036 2457/2457/2214 2458/2458/2215
f 2270/2270/2036 2458/2458/2215 2280/2280/2046
f 2457/2457/2214 2455/2455/2212 2459/2459/2216
f 2457/2457/2214 2459/2459/2216 2458/2458/2215
f 2458/2458/2215 2459/2459/2216 2460/2460/2217
f 2458/2458/2215 2460/2460/2217 2461/2461/2218
f 2280/2280/2046 2458/2458/2215 2461/2461/2218
f 2280/2280/2046 2461/2461/2218 2281/2281/2047
f 2455/2455/2212 2454/2454/2211 2462/2462/2219
f 2455/2455/2212 2462/2462/2219 2459/2459/2216
f 2454/2454/2211 2453/2453/2210 2463/2463/2220
f 2454/2454/2211 2463/2463/2220 2462/2462/2219
f 2462/2462/2219 2463/2463/2220 2464/2464/2221
f 2462/2462/2219 2464/2464/2221 2465/2465/2222
f 2459/2459/2216 2462/2462/2219 2465/2465/2222
f 2459/2459/2216 2465/2465/2222 2460/2460/2217
f 2460/2460/2217 2465/2465/2222 2466/2466/2223
f 2460/2460/2217 2466/2466/2223 2467/2467/2224
f 2465/2465/2222 2464/2464/2221 2468/2468/2225
f 2465/2465/2222 2468/2468/2225 2466/2466/2223
f 2466/2466/2223 2468/2468/2225 2469/2469/2226
f 2466/2466/2223 2469/2469/2226 2470/2470/2227
f 2467/2467/2224 2466/2466/2223 2470/2470/2227
f 2467/2467/2224 2470/2470/2227 2471/2471/2228
f 2281/2281/2047 2461/2461/2218 2472/2472/2229
f 2281/2281/2047 2472/2472/2229 2285/2285/2051
f 2461/2461/2218 2460/2460/2217 2467/2467/2224
f 2461/2461/2218 2467/2467/2224 2472/2472/2229
f 2472/2472/2229 2467/2467/2224 2471/2471/2228
f 2472/2472/2229 2471/2471/2228 2473/2473/2230
f 2285/2285/2051 2472/2472/2229 2473/2473/2230
f 2285/2285/2051 2473/2473/2230 2286/2286/2052
f 2286/2286/2052 2473/2473/2230 2474/2474/2231
f 2286/2286/2052 2474/2474/2231 2296/2296/2062
f 2473/2473/2230 2471/2471/2228 2475/2475/2232
f 2473/2473/2230 2475/2475/2232 2474/2474/2231
f 2474/2474/2231 2475/2475/2232 2476/2476/2233
f 2474/2474/2231 2476/2476/2233 2477/2477/2234
f 2296/2296/2062 2474/2474/2231 2477/2477/2234
f 2296/2296/2062 2477/2477/2234 2297/2297/2063
f 2471/2471/2228 2470/2470/2227 2478/2478/2235
f 2471/2471/2228 2478/2478/2235 2475/2475/2232
f 2470/2470/2227 2469/2469/2226 2479/2479/2236
f 2470/2470/2227 2479/2479/2236 2478/2478/2235
f 2478/2478/2235 2479/2479/2236 2480/2480/2237
f 2478/2478/2235 2480/2480/2237 2481/2481/2238
f 2475/2475/2232 2478/2478/2235 2481/2481/2238
f 2475/2475/2232 2481/2481/2238 2476/2476/2233
f 2476/2476/2233 2481/2481/2238 2482/2482/2239
f 2476/2476/2233 2482/2482/2239 2483/2483/2240
f 2481/2481/2238 2480/2480/2237 2484/2484/2241
f 2481/2481/2238 2484/2484/2241 2482/2482/2239
f 2482/2482/2239 2484/2484/2241 246/246/235
f 2482/2482/2239 246/246/235 2329/2329/2095
f 2483/2483/2240 2482/2482/2239 2329/2329/2095
f 2483/2483/2240 2329/2329/2095 2325/2325/2091
f 2297/2297/2063 2477/2477/2234 2485/2485/2242
f 2297/2297/2063 2485/2485/2242 2301/2301/2067
f 2477/2477/2234 2476/2476/2233 2483/2483/2240
f 2477/2477/2234 2483/2483/2240 2485/2485/2242
f 2485/2485/2242 2483/2483/2240 2325/2325/2091
f 2485/2485/2242 2325/2325/2091 2323/2323/2089
f 2301/2301/2067 2485/2485/2242 2323/2323/2089
f 2301/2301/2067 2323/2323/2089 2118/2118/1893
f 2311/2311/2077 2486/2486/2243 2487/2487/2244
f 2311/2311/2077 2487/2487/2244 2312/2312/2078
f 2486/2486/2243 2488/2488/2245 2489/2489/2246
f 2486/2486/2243 2489/2489/2246 2487/2487/2244
f 2487/2487/2244 2489/2489/2246 2490/2490/2247
f 2487/2487/2244 2490/2490/2247 2491/2491/2248
f 2312/2312/2078 2487/2487/2244 2491/2491/2248
f 2312/2312/2078 2491/2491/2248 2313/2313/2079
f 2488/2488/2245 2492/2492/2249 2493/2493/2250
f 2488/2488/2245 2493/2493/2250 2489/2489/2246
f 2492/2492/2249 2494/2494/2251 2495/2495/2252
f 2492/2492/2249 2495/2495/2252 2493/2493/2250
f 2493/2493/2250 2495/2495/2252 2496/2496/2253
f 2493/2493/2250 2496/2496/2253 2497/2497/2254
f 2489/2489/2246 2493/2493/2250 2497/2497/2254
f 2489/2489/2246 2497/2497/2254 2490/2490/2247
f 2490/2490/2247 2497/2497/2254 2498/2498/2255
f 2490/2490/2247 2498/2498/2255 2499/2499/2256
f 2497/2497/2254 2496/2496/2253 2500/2500/2257
f 2497/2497/2254 2500/2500/2257 2498/2498/2255
f 2498/2498/2255 2500/2500/2257 2501/2501/2258
f 2498/2498/2255 2501/2501/2258 2502/2502/2259
f 2499/2499/2256 2498/2498/2255 2502/2502/2259
f 2499/2499/2256 2502/2502/2259 2503/2503/2260
f 2313/2313/2079 2491/2491/2248 2504/2504/2261
f 2313/2313/2079 2504/2504/2261 2317/2317/2083
f 2491/2491/2248 2490/2490/2247 2499/2499/2256
f 2491/2491/2248 2499/2499/2256 2504/2504/2261
f 2504/2504/2261 2499/2499/2256 2503/2503/2260
f 2504/2504/2261 2503/2503/2260 2505/2505/2262
f 2317/2317/2083 2504/2504/2261 2505/2505/2262
f 2317/2317/2083 2505/2505/2262 2318/2318/2084
f 2494/2494/2251 2506/2506/2263 2507/2507/2264
f 2494/2494/2251 2507/2507/2264 2495/2495/2252
f 2506/2506/2263 2508/2508/2265 2509/2509/2266
f 2506/2506/2263 2509/2509/2266 2507/2507/2264
f 2507/2507/2264 2509/2509/2266 2510/2510/2267
f 2507/2507/2264 2510/2510/2267 2511/2511/2268
f 2495/2495/2252 2507/2507/2264 2511/2511/2268
f 2495/2495/2252 2511/2511/2268 2496/2496/2253
f 2508/2508/2265 2512/2512/2269 2513/2513/2270
f 2508/2508/2265 2513/2513/2270 2509/2509/2266
f 2512/2512/2269 2514/2514/2271 2515/2515/2272
f 2512/2512/2269 2515/2515/2272 2513/2513/2270
f 2513/2513/2270 2515/2515/2272 2516/2516/2273
f 2513/2513/2270 2516/2516/2273 2517/2517/2274
f 2509/2509/2266 2513/2513/2270 2517/2517/2274
f 2509/2509/2266 2517/2517/2274 2510/2510/2267
f 2510/2510/2267 2517/2517/2274 2518/2518/2275
f 2510/2510/2267 2518/2518/2275 2519/2519/2276
f 2517/2517/2274 2516/2516/2273 2520/2520/2277
f 2517/2517/2274 2520/2520/2277 2518/2518/2275
f 2518/2518/2275 2520/2520/2277 2521/2521/2278
f 2518/2518/2275 2521/2521/2278 2522/2522/2279
f 2519/2519/2276 2518/2518/2275 2522/2522/2279
f 2519/2519/2276 2522/2522/2279 2523/2523/2280
f 2496/2496/2253 2511/2511/2268 2524/2524/2281
f 2496/2496/2253 2524/2524/2281 2500/2500/2257
f 2511/2511/2268 2510/2510/2267 2519/2519/2276
f 2511/2511/2268 2519/2519/2276 2524/2524/2281
f 2524/2524/2281 2519/2519/2276 2523/2523/2280
f 2524/2524/2281 2523/2523/2280 2525/2525/2282
f 2500/2500/2257 2524/2524/2281 2525/2525/2282
f 2500/2500/2257 2525/2525/2282 2501/2501/2258
f 2526/2526/2283 2527/2527/2284 2528/2528/2285
f 2526/2526/2283 2528/2528/2285 2529/2529/2286
f 2527/2527/2284 2530/2530/2287 2531/2531/2288
f 2527/2527/2284 2531/2531/2288 2528/2528/2285
f 2528/2528/2285 2531/2531/2288 2532/2532/2289
f 2528/2528/2285 2532/2532/2289 2533/2533/2290
f 2529/2529/2286 2528/2528/2285 2533/2533/2290
f 2529/2529/2286 2533/2533/2290 2534/2534/2291
f 2530/2530/2287 2535/2535/2292 2536/2536/2293
f 2530/2530/2287 2536/2536/2293 2531/2531/2288
f 2535/2535/2292 222/222/211 225/225/214
f 2535/2535/2292 225/225/214 2536/2536/2293
f 2536/2536/2293 225/225/214 230/230/219
f 2536/2536/2293 230/230/219 2537/2537/2294
f 2531/2531/2288 2536/2536/2293 2537/2537/2294
f 2531/2531/2288 2537/2537/2294 2532/2532/2289
f 2532/2532/2289 2537/2537/2294 2538/2538/2295
f 2532/2532/2289 2538/2538/2295 2539/2539/2296
f 2537/2537/2294 230/230/219 244/244/233
f 2537/2537/2294 244/244/233 2538/2538/2295
f 2538/2538/2295 244/244/233 62/62/62
f 2538/2538/2295 62/62/62 60/60/60
f 2539/2539/2296 2538/2538/2295 60/60/60
f 2539/2539/2296 60/60/60 55/55/55
f 2534/2534/2291 2533/2533/2290 2540/2540/2297
f 2534/2534/2291 2540/2540/2297 2541/2541/2298
f 2533/2533/2290 2532/2532/2289 2539/2539/2296
f 2533/2533/2290 2539/2539/2296 2540/2540/2297
f 2540/2540/2297 2539/2539/2296 55/55/55
f 2540/2540/2297 55/55/55 52/52/52
f 2541/2541/2298 2540/2540/2297 52/52/52
f 2541/2541/2298 52/52/52 51/51/51
f 2145/2145/1920 2542/2542/2299 2543/2543/2300
f 2145/2145/1920 2543/2543/2300 2358/2358/2124
f 2542/2542/2299 2544/2544/2301 2545/2545/2302
f 2542/2542/2299 2545/2545/2302 2543/2543/2300
f 2543/2543/2300 2545/2545/2302 2546/2546/2303
f 2543/2543/2300 2546/2546/2303 2547/2547/2304
f 2358/2358/2124 2543/2543/2300 2547/2547/2304
f 2358/2358/2124 2547/2547/2304 2359/2359/2125
f 2544/2544/2301 2548/2548/2305 2549/2549/2306
f 2544/2544/2301 2549/2549/2306 2545/2545/2302
f 2548/2548/2305 51/51/51 54/54/54
f 2548/2548/2305 54/54/54 2549/2549/2306
f 2549/2549/2306 54/54/54 59/59/59
f 2549/2549/2306 59/59/59 2550/2550/2307
f 2545/2545/2302 2549/2549/2306 2550/2550/2307
f 2545/2545/2302 2550/2550/2307 2546/2546/2303
f 2546/2546/2303 2550/2550/2307 2551/2551/2308
f 2546/2546/2303 2551/2551/2308 2552/2552/2309
f 2550/2550/2307 59/59/59 73/73/73
f 2550/2550/2307 73/73/73 2551/2551/2308
f 2551/2551/2308 73/73/73 75/75/75
f 2551/2551/2308 75/75/75 2553/2553/2310
f 2552/2552/2309 2551/2551/2308 2553/2553/2310
f 2552/2552/2309 2553/2553/2310 2554/2554/2311
f 2359/2359/2125 2547/2547/2304 2555/2555/2312
f 2359/2359/2125 2555/2555/2312 2363/2363/2129
f 2547/2547/2304 2546/2546/2303 2552/2552/2309
f 2547/2547/2304 2552/2552/2309 2555/2555/2312
f 2555/2555/2312 2552/2552/2309 2554/2554/2311
f 2555/2555/2312 2554/2554/2311 2556/2556/2313
f 2363/2363/2129 2555/2555/2312 2556/2556/2313
f 2363/2363/2129 2556/2556/2313 2364/2364/2130
f 2364/2364/2130 2556/2556/2313 2557/2557/2314
f 2364/2364/2130 2557/2557/2314 2374/2374/2140
f 2556/2556/2313 2554/2554/2311 2558/2558/2315
f 2556/2556/2313 2558/2558/2315 2557/2557/2314
f 2557/2557/2314 2558/2558/2315 2559/2559/2316
f 2557/2557/2314 2559/2559/2316 2560/2560/2317
f 2374/2374/2140 2557/2557/2314 2560/2560/2317
f 2374/2374/2140 2560/2560/2317 2375/2375/2141
f 2554/2554/2311 2553/2553/2310 2561/2561/2318
f 2554/2554/2311 2561/2561/2318 2558/2558/2315
f 2553/2553/2310 75/75/75 77/77/77
f 2553/2553/2310 77/77/77 2561/2561/2318
f 2561/2561/2318 77/77/77 81/81/81
f 2561/2561/2318 81/81/81 2562/2562/2319
f 2558/2558/2315 2561/2561/2318 2562/2562/2319
f 2558/2558/2315 2562/2562/2319 2559/2559/2316
f 2559/2559/2316 2562/2562/2319 2563/2563/2320
f 2559/2559/2316 2563/2563/2320 2564/2564/2321
f 2562/2562/2319 81/81/81 93/93/93
f 2562/2562/2319 93/93/93 2563/2563/2320
f 2563/2563/2320 93/93/93 95/95/95
f 2563/2563/2320 95/95/95 2565/2565/2322
f 2564/2564/2321 2563/2563/2320 2565/2565/2322
f 2564/2564/2321 2565/2565/2322 2566/2566/2323
f 2375/2375/2141 2560/2560/2317 2567/2567/2324
f 2375/2375/2141 2567/2567/2324 2379/2379/2145
f 2560/2560/2317 2559/2559/2316 2564/2564/2321
f 2560/2560/2317 2564/2564/2321 2567/2567/2324
f 2567/2567/2324 2564/2564/2321 2566/2566/2323
f 2567/2567/2324 2566/2566/2323 2568/2568/2325
f 2379/2379/2145 2567/2567/2324 2568/2568/2325
f 2379/2379/2145 2568/2568/2325 2380/2380/2146
f 2380/2380/2146 2568/2568/2325 2569/2569/2326
f 2380/2380/2146 2569/2569/2326 2390/2390/2156
f 2568/2568/2325 2566/2566/2323 2570/2570/2327
f 2568/2568/2325 2570/2570/2327 2569/2569/2326
f 2569/2569/2326 2570/2570/2327 2571/2571/2328
f 2569/2569/2326 2571/2571/2328 2572/2572/2329
f 2390/2390/2156 2569/2569/2326 2572/2572/2329
f 2390/2390/2156 2572/2572/2329 2391/2391/2157
f 2566/2566/2323 2565/2565/2322 2573/2573/2330
f 2566/2566/2323 2573/2573/2330 2570/2570/2327
f 2565/2565/2322 95/95/95 97/97/97
f 2565/2565/2322 97/97/97 2573/2573/2330
f 2573/2573/2330 97/97/97 101/101/101
f 2573/2573/2330 101/101/101 2574/2574/2331
f 2570/2570/2327 2573/2573/2330 2574/2574/2331
f 2570/2570/2327 2574/2574/2331 2571/2571/2328
f 2571/2571/2328 2574/2574/2331 2575/2575/2332
f 2571/2571/2328 2575/2575/2332 2576/2576/2333
f 2574/2574/2331 101/101/101 113/113/113
f 2574/2574/2331 113/113/113 2575/2575/2332
f 2575/2575/2332 113/113/113 115/115/115
f 2575/2575/2332 115/115/115 2577/2577/2334
f 2576/2576/2333 2575/2575/2332 2577/2577/2334
f 2576/2576/2333 2577/2577/2334 2578/2578/2335
f 2391/2391/2157 2572/2572/2329 2579/2579/2336
f 2391/2391/2157 2579/2579/2336 2395/2395/2161
f 2572/2572/2329 2571/2571/2328 2576/2576/2333
f 2572/2572/2329 2576/2576/2333 2579/2579/2336
f 2579/2579/2336 2576/2576/2333 2578/2578/2335
f 2579/2579/2336 2578/2578/2335 2580/2580/2337
f 2395/2395/2161 2579/2579/2336 2580/2580/2337
f 2395/2395/2161 2580/2580/2337 2396/2396/2162
f 2396/2396/2162 2580/2580/2337 2581/2581/2338
f 2396/2396/2162 2581/2581/2338 2406/2406/2172
f 2580/2580/2337 2578/2578/2335 2582/2582/2339
f 2580/2580/2337 2582/2582/2339 2581/2581/2338
f 2581/2581/2338 2582/2582/2339 2583/2583/2340
f 2581/2581/2338 2583/2583/2340 2584/2584/2341
f 2406/2406/2172 2581/2581/2338 2584/2584/2341
f 2406/2406/2172 2584/2584/2341 2407/2407/2173
f 2578/2578/2335 2577/2577/2334 2585/2585/2342
f 2578/2578/2335 2585/2585/2342 2582/2582/2339
f 2577/2577/2334 115/115/115 117/117/117
f 2577/2577/2334 117/117/117 2585/2585/2342
f 2585/2585/2342 117/117/117 121/121/121
f 2585/2585/2342 121/121/121 2586/2586/2343
f 2582/2582/2339 2585/2585/2342 2586/2586/2343
f 2582/2582/2339 2586/2586/2343 2583/2583/2340
f 2587/2587/2340 2588/2588/2343 2589/2589/2344
f 2587/2587/2340 2589/2589/2344 2590/2590/2345
f 2588/2588/2343 121/121/121 136/136/133
f 2588/2588/2343 136/136/133 2589/2589/2344
f 2589/2589/2344 136/136/133 138/138/135
f 2589/2589/2344 138/138/135 2591/2591/2346
f 2590/2590/2345 2589/2589/2344 2591/2591/2346
f 2590/2590/2345 2591/2591/2346 2592/2592/2347
f 2407/2407/2173 2593/2593/2341 2594/2594/2348
f 2407/2407/2173 2594/2594/2348 2413/2413/2177
f 2593/2593/2341 2587/2587/2340 2590/2590/2345
f 2593/2593/2341 2590/2590/2345 2594/2594/2348
f 2594/2594/2348 2590/2590/2345 2592/2592/2347
f 2594/2594/2348 2592/2592/2347 2595/2595/2349
f 2413/2413/2177 2594/2594/2348 2595/2595/2349
f 2413/2413/2177 2595/2595/2349 2414/2414/2178
f 2428/2428/2178 2596/2596/2349 2597/2597/2350
f 2428/2428/2178 2597/2597/2350 2429/2429/2188
f 2596/2596/2349 2598/2598/2347 2599/2599/2351
f 2596/2596/2349 2599/2599/2351 2597/2597/2350
f 2597/2597/2350 2599/2599/2351 2600/2600/2352
f 2597/2597/2350 2600/2600/2352 2601/2601/2353
f 2429/2429/2188 2597/2597/2350 2601/2601/2353
f 2429/2429/2188 2601/2601/2353 2430/2430/2189
f 2598/2598/2347 2602/2602/2346 2603/2603/2354
f 2598/2598/2347 2603/2603/2354 2599/2599/2351
f 2602/2602/2346 139/139/135 142/142/137
f 2602/2602/2346 142/142/137 2603/2603/2354
f 2603/2603/2354 142/142/137 147/147/141
f 2603/2603/2354 147/147/141 2604/2604/2355
f 2599/2599/2351 2603/2603/2354 2604/2604/2355
f 2599/2599/2351 2604/2604/2355 2600/2600/2352
f 2600/2600/2352 2604/2604/2355 2605/2605/2356
f 2600/2600/2352 2605/2605/2356 2606/2606/2357
f 2604/2604/2355 161/161/141 164/164/153
f 2604/2604/2355 164/164/153 2605/2605/2356
f 2605/2605/2356 164/164/153 166/166/155
f 2605/2605/2356 166/166/155 2607/2607/2358
f 2606/2606/2357 2605/2605/2356 2607/2607/2358
f 2606/2606/2357 2607/2607/2358 2608/2608/2359
f 2434/2434/2189 2609/2609/2353 2610/2610/2360
f 2434/2434/2189 2610/2610/2360 2435/2435/2193
f 2609/2609/2353 2600/2600/2352 2606/2606/2357
f 2609/2609/2353 2606/2606/2357 2610/2610/2360
f 2610/2610/2360 2606/2606/2357 2608/2608/2359
f 2610/2610/2360 2608/2608/2359 2611/2611/2361
f 2435/2435/2193 2610/2610/2360 2611/2611/2361
f 2435/2435/2193 2611/2611/2361 2436/2436/2194
f 2436/2436/2194 2611/2611/2361 2612/2612/2362
f 2436/2436/2194 2612/2612/2362 2447/2447/2204
f 2611/2611/2361 2608/2608/2359 2613/2613/2363
f 2611/2611/2361 2613/2613/2363 2612/2612/2362
f 2612/2612/2362 2613/2613/2363 2614/2614/2364
f 2612/2612/2362 2614/2614/2364 2615/2615/2365
f 2447/2447/2204 2612/2612/2362 2615/2615/2365
f 2447/2447/2204 2615/2615/2365 2448/2448/2205
f 2608/2608/2359 2607/2607/2358 2616/2616/2366
f 2608/2608/2359 2616/2616/2366 2613/2613/2363
f 2607/2607/2358 166/166/155 168/168/157
f 2607/2607/2358 168/168/157 2616/2616/2366
f 2616/2616/2366 168/168/157 172/172/161
f 2616/2616/2366 172/172/161 2617/2617/2367
f 2613/2613/2363 2616/2616/2366 2617/2617/2367
f 2613/2613/2363 2617/2617/2367 2614/2614/2364
f 2614/2614/2364 2617/2617/2367 2618/2618/2368
f 2614/2614/2364 2618/2618/2368 2619/2619/2369
f 2617/2617/2367 172/172/161 184/184/173
f 2617/2617/2367 184/184/173 2618/2618/2368
f 2618/2618/2368 184/184/173 186/186/175
f 2618/2618/2368 186/186/175 2620/2620/2370
f 2619/2619/2369 2618/2618/2368 2620/2620/2370
f 2619/2619/2369 2620/2620/2370 2621/2621/2371
f 2448/2448/2205 2615/2615/2365 2622/2622/2372
f 2448/2448/2205 2622/2622/2372 2452/2452/2209
f 2615/2615/2365 2614/2614/2364 2619/2619/2369
f 2615/2615/2365 2619/2619/2369 2622/2622/2372
f 2622/2622/2372 2619/2619/2369 2621/2621/2371
f 2622/2622/2372 2621/2621/2371 2623/2623/2373
f 2452/2452/2209 2622/2622/2372 2623/2623/2373
f 2452/2452/2209 2623/2623/2373 2453/2453/2210
f 2453/2453/2210 2623/2623/2373 2624/2624/2374
f 2453/2453/2210 2624/2624/2374 2463/2463/2220
f 2623/2623/2373 2621/2621/2371 2625/2625/2375
f 2623/2623/2373 2625/2625/2375 2624/2624/2374
f 2624/2624/2374 2625/2625/2375 2626/2626/2376
f 2624/2624/2374 2626/2626/2376 2627/2627/2377
f 2463/2463/2220 2624/2624/2374 2627/2627/2377
f 2463/2463/2220 2627/2627/2377 2464/2464/2221
f 2621/2621/2371 2620/2620/2370 2628/2628/2378
f 2621/2621/2371 2628/2628/2378 2625/2625/2375
f 2620/2620/2370 186/186/175 188/188/177
f 2620/2620/2370 188/188/177 2628/2628/2378
f 2628/2628/2378 188/188/177 192/192/181
f 2628/2628/2378 192/192/181 2629/2629/2379
f 2625/2625/2375 2628/2628/2378 2629/2629/2379
f 2625/2625/2375 2629/2629/2379 2626/2626/2376
f 2626/2626/2376 2629/2629/2379 2630/2630/2380
f 2626/2626/2376 2630/2630/2380 2631/2631/2381
f 2629/2629/2379 192/192/181 204/204/193
f 2629/2629/2379 204/204/193 2630/2630/2380
f 2630/2630/2380 204/204/193 206/206/195
f 2630/2630/2380 206/206/195 2632/2632/2382
f 2631/2631/2381 2630/2630/2380 2632/2632/2382
f 2631/2631/2381 2632/2632/2382 2633/2633/2383
f 2464/2464/2221 2627/2627/2377 2634/2634/2384
f 2464/2464/2221 2634/2634/2384 2468/2468/2225
f 2627/2627/2377 2626/2626/2376 2631/2631/2381
f 2627/2627/2377 2631/2631/2381 2634/2634/2384
f 2634/2634/2384 2631/2631/2381 2633/2633/2383
f 2634/2634/2384 2633/2633/2383 2635/2635/2385
f 2468/2468/2225 2634/2634/2384 2635/2635/2385
f 2468/2468/2225 2635/2635/2385 2469/2469/2226
f 2469/2469/2226 2635/2635/2385 2636/2636/2386
f 2469/2469/2226 2636/2636/2386 2479/2479/2236
f 2635/2635/2385 2633/2633/2383 2637/2637/2387
f 2635/2635/2385 2637/2637/2387 2636/2636/2386
f 2636/2636/2386 2637/2637/2387 2638/2638/2388
f 2636/2636/2386 2638/2638/2388 2639/2639/2389
f 2479/2479/2236 2636/2636/2386 2639/2639/2389
f 2479/2479/2236 2639/2639/2389 2480/2480/2237
f 2633/2633/2383 2632/2632/2382 2640/2640/2390
f 2633/2633/2383 2640/2640/2390 2637/2637/2387
f 2632/2632/2382 206/206/195 208/208/197
f 2632/2632/2382 208/208/197 2640/2640/2390
f 2640/2640/2390 208/208/197 212/212/201
f 2640/2640/2390 212/212/201 2641/2641/2391
f 2637/2637/2387 2640/2640/2390 2641/2641/2391
f 2637/2637/2387 2641/2641/2391 2638/2638/2388
f 2638/2638/2388 2641/2641/2391 2642/2642/2392
f 2638/2638/2388 2642/2642/2392 2643/2643/2393
f 2641/2641/2391 212/212/201 221/221/210
f 2641/2641/2391 221/221/210 2642/2642/2392
f 2642/2642/2392 221/221/210 1/1/1
f 2642/2642/2392 1/1/1 255/255/244
f 2643/2643/2393 2642/2642/2392 255/255/244
f 2643/2643/2393 255/255/244 250/250/239
f 2480/2480/2237 2639/2639/2389 2644/2644/2394
f 2480/2480/2237 2644/2644/2394 2484/2484/2241
f 2639/2639/2389 2638/2638/2388 2643/2643/2393
f 2639/2639/2389 2643/2643/2393 2644/2644/2394
f 2644/2644/2394 2643/2643/2393 250/250/239
f 2644/2644/2394 250/250/239 247/247/236
f 2484/2484/2241 2644/2644/2394 247/247/236
f 2484/2484/2241 247/247/236 246/246/235
f 2514/2514/2271 2645/2645/2395 2646/2646/2396
f 2514/2514/2271 2646/2646/2396 2515/2515/2272
f 2645/2645/2395 2647/2647/2397 2648/2648/2398
f 2645/2645/2395 2648/2648/2398 2646/2646/2396
f 2646/2646/2396 2648/2648/2398 2649/2649/2399
f 2646/2646/2396 2649/2649/2399 2650/2650/2400
f 2515/2515/2272 2646/2646/2396 2650/2650/2400
f 2515/2515/2272 2650/2650/2400 2516/2516/2273
f 2647/2647/2397 2651/2651/2401 2652/2652/2402
f 2647/2647/2397 2652/2652/2402 2648/2648/2398
f 2651/2651/2401 450/450/428 453/453/431
f 2651/2651/2401 453/453/431 2652/2652/2402
f 2652/2652/2402 453/453/431 458/458/436
f 2652/2652/2402 458/458/436 2653/2653/2403
f 2648/2648/2398 2652/2652/2402 2653/2653/2403
f 2648/2648/2398 2653/2653/2403 2649/2649/2399
f 2649/2649/2399 2653/2653/2403 2654/2654/2404
f 2649/2649/2399 2654/2654/2404 2655/2655/2405
f 2653/2653/2403 458/458/436 472/472/450
f 2653/2653/2403 472/472/450 2654/2654/2404
f 2654/2654/2404 472/472/450 474/474/452
f 2654/2654/2404 474/474/452 2656/2656/2406
f 2655/2655/2405 2654/2654/2404 2656/2656/2406
f 2655/2655/2405 2656/2656/2406 2657/2657/2407
f 2516/2516/2273 2650/2650/2400 2658/2658/2408
f 2516/2516/2273 2658/2658/2408 2520/2520/2277
f 2650/2650/2400 2649/2649/2399 2655/2655/2405
f 2650/2650/2400 2655/2655/2405 2658/2658/2408
f 2658/2658/2408 2655/2655/2405 2657/2657/2407
f 2658/2658/2408 2657/2657/2407 2659/2659/2409
f 2520/2520/2277 2658/2658/2408 2659/2659/2409
f 2520/2520/2277 2659/2659/2409 2521/2521/2278
f 12/12/12 449/449/427 2660/2660/2410
f 12/12/12 2660/2660/2410 13/13/13
f 449/449/427 447/447/425 2661/2661/2411
f 449/449/427 2661/2661/2411 2660/2660/2410
f 2660/2660/2410 2661/2661/2411 2662/2662/2412
f 2660/2660/2410 2662/2662/2412 2663/2663/2413
f 13/13/13 2660/2660/2410 2663/2663/2413
f 13/13/13 2663/2663/2413 14/14/14
f 447/447/425 446/446/424 2664/2664/2414
f 447/447/425 2664/2664/2414 2661/2661/2411
f 446/446/424 445/445/423 477/477/455
f 446/446/424 477/477/455 2664/2664/2414
f 2664/2664/2414 477/477/455 482/482/460
f 2664/2664/2414 482/482/460 2665/2665/2415
f 2661/2661/2411 2664/2664/2414 2665/2665/2415
f 2661/2661/2411 2665/2665/2415 2662/2662/2412
f 2662/2662/2412 2665/2665/2415 2666/2666/2416
f 2662/2662/2412 2666/2666/2416 2667/2667/2417
f 2665/2665/2415 482/482/460 496/496/474
f 2665/2665/2415 496/496/474 2666/2666/2416
f 2666/2666/2416 496/496/474 498/498/476
f 2666/2666/2416 498/498/476 2668/2668/2418
f 2667/2667/2417 2666/2666/2416 2668/2668/2418
f 2667/2667/2417 2668/2668/2418 2669/2669/2419
f 14/14/14 2663/2663/2413 2670/2670/2420
f 14/14/14 2670/2670/2420 18/18/18
f 2663/2663/2413 2662/2662/2412 2667/2667/2417
f 2663/2663/2413 2667/2667/2417 2670/2670/2420
f 2670/2670/2420 2667/2667/2417 2669/2669/2419
f 2670/2670/2420 2669/2669/2419 2671/2671/2421
f 18/18/18 2670/2670/2420 2671/2671/2421
f 18/18/18 2671/2671/2421 19/19/19
f 2521/2521/2278 2659/2659/2409 2672/2672/2422
f 2521/2521/2278 2672/2672/2422 2673/2673/2423
f 2659/2659/2409 2657/2657/2407 2674/2674/2424
f 2659/2659/2409 2674/2674/2424 2672/2672/2422
f 2672/2672/2422 2674/2674/2424 2675/2675/1394
f 2672/2672/2422 2675/2675/1394 2676/2676/1396
f 2673/2673/2423 2672/2672/2422 2676/2676/1396
f 2673/2673/2423 2676/2676/1396 2677/2677/1188
f 2657/2657/2407 2656/2656/2406 2678/2678/2425
f 2657/2657/2407 2678/2678/2425 2674/2674/2424
f 2656/2656/2406 474/474/452 2679/2679/2426
f 2656/2656/2406 2679/2679/2426 2678/2678/2425
f 2678/2678/2425 2679/2679/2426 2680/2680/1392
f 2678/2678/2425 2680/2680/1392 2681/2681/1393
f 2674/2674/2424 2678/2678/2425 2681/2681/1393
f 2674/2674/2424 2681/2681/1393 2675/2675/1394
f 2675/2675/1394 2681/2681/1393 2682/2682/2427
f 2675/2675/1394 2682/2682/2427 2683/2683/2428
f 2681/2681/1393 2680/2680/1392 2684/2684/2429
f 2681/2681/1393 2684/2684/2429 2682/2682/2427
f 2682/2682/2427 2684/2684/2429 286/286/275
f 2682/2682/2427 286/286/275 2685/2685/2430
f 2683/2683/2428 2682/2682/2427 2685/2685/2430
f 2683/2683/2428 2685/2685/2430 2686/2686/2431
f 2677/2677/1188 2676/2676/1396 2687/2687/2432
f 2677/2677/1188 2687/2687/2432 2688/2688/2433
f 2676/2676/1396 2675/2675/1394 2683/2683/2428
f 2676/2676/1396 2683/2683/2428 2687/2687/2432
f 2687/2687/2432 2683/2683/2428 2686/2686/2431
f 2687/2687/2432 2686/2686/2431 2689/2689/2434
f 2688/2688/2433 2687/2687/2432 2689/2689/2434
f 2688/2688/2433 2689/2689/2434 37/37/37
f 474/474/452 473/473/451 2690/2690/2435
f 474/474/452 2690/2690/2435 2679/2679/2426
f 473/473/451 470/470/448 2691/2691/2436
f 473/473/451 2691/2691/2436 2690/2690/2435
f 2690/2690/2435 2691/2691/2436 2692/2692/1598
f 2690/2690/2435 2692/2692/1598 2693/2693/1600
f 2679/2679/2426 2690/2690/2435 2693/2693/1600
f 2679/2679/2426 2693/2693/1600 2680/2680/1392
f 470/470/448 469/469/447 2694/2694/2437
f 470/470/448 2694/2694/2437 2691/2691/2436
f 469/469/447 468/468/446 2695/2695/2438
f 469/469/447 2695/2695/2438 2694/2694/2437
f 2694/2694/2437 2695/2695/2438 2696/2696/1596
f 2694/2694/2437 2696/2696/1596 2697/2697/1597
f 2691/2691/2436 2694/2694/2437 2697/2697/1597
f 2691/2691/2436 2697/2697/1597 2692/2692/1598
f 2692/2692/1598 2697/2697/1597 2698/2698/2439
f 2692/2692/1598 2698/2698/2439 2699/2699/2440
f 2697/2697/1597 2696/2696/1596 2700/2700/2441
f 2697/2697/1597 2700/2700/2441 2698/2698/2439
f 2698/2698/2439 2700/2700/2441 297/297/286
f 2698/2698/2439 297/297/286 295/295/284
f 2699/2699/2440 2698/2698/2439 295/295/284
f 2699/2699/2440 295/295/284 290/290/279
f 2680/2680/1392 2693/2693/1600 2701/2701/2442
f 2680/2680/1392 2701/2701/2442 2684/2684/2429
f 2693/2693/1600 2692/2692/1598 2699/2699/2440
f 2693/2693/1600 2699/2699/2440 2701/2701/2442
f 2701/2701/2442 2699/2699/2440 290/290/279
f 2701/2701/2442 290/290/279 287/287/276
f 2684/2684/2429 2701/2701/2442 287/287/276
f 2684/2684/2429 287/287/276 286/286/275
f 468/468/446 693/693/660 2702/2702/2443
f 468/468/446 2702/2702/2443 2695/2695/2438
f 693/693/660 691/691/658 2703/2703/2444
f 693/693/660 2703/2703/2444 2702/2702/2443
f 2702/2702/2443 2703/2703/2444 2704/2704/1802
f 2702/2702/2443 2704/2704/1802 2705/2705/1804
f 2695/2695/2438 2702/2702/2443 2705/2705/1804
f 2695/2695/2438 2705/2705/1804 2696/2696/1596
f 691/691/658 690/690/657 2706/2706/2445
f 691/691/658 2706/2706/2445 2703/2703/2444
f 690/690/657 689/689/656 2707/2707/2446
f 690/690/657 2707/2707/2446 2706/2706/2445
f 2706/2706/2445 2707/2707/2446 2708/2708/1800
f 2706/2706/2445 2708/2708/1800 2709/2709/1801
f 2703/2703/2444 2706/2706/2445 2709/2709/1801
f 2703/2703/2444 2709/2709/1801 2704/2704/1802
f 2704/2704/1802 2709/2709/1801 2710/2710/2447
f 2704/2704/1802 2710/2710/2447 2711/2711/2448
f 2709/2709/1801 2708/2708/1800 2712/2712/2449
f 2709/2709/1801 2712/2712/2449 2710/2710/2447
f 2710/2710/2447 2712/2712/2449 527/527/505
f 2710/2710/2447 527/527/505 525/525/503
f 2711/2711/2448 2710/2710/2447 525/525/503
f 2711/2711/2448 525/525/503 521/521/499
f 2696/2696/1596 2705/2705/1804 2713/2713/2450
f 2696/2696/1596 2713/2713/2450 2700/2700/2441
f 2705/2705/1804 2704/2704/1802 2711/2711/2448
f 2705/2705/1804 2711/2711/2448 2713/2713/2450
f 2713/2713/2450 2711/2711/2448 521/521/499
f 2713/2713/2450 521/521/499 519/519/497
f 2700/2700/2441 2713/2713/2450 519/519/497
f 2700/2700/2441 519/519/497 297/297/286
f 689/689/656 909/909/864 2714/2714/2451
f 689/689/656 2714/2714/2451 2707/2707/2446
f 909/909/864 907/907/862 2715/2715/2452
f 909/909/864 2715/2715/2452 2714/2714/2451
f 2714/2714/2451 2715/2715/2452 2716/2716/2006
f 2714/2714/2451 2716/2716/2006 2717/2717/2008
f 2707/2707/2446 2714/2714/2451 2717/2717/2008
f 2707/2707/2446 2717/2717/2008 2708/2708/1800
f 907/907/862 906/906/861 2718/2718/2453
f 907/907/862 2718/2718/2453 2715/2715/2452
f 906/906/861 905/905/860 2719/2719/2454
f 906/906/861 2719/2719/2454 2718/2718/2453
f 2718/2718/2453 2719/2719/2454 2720/2720/2004
f 2718/2718/2453 2720/2720/2004 2721/2721/2005
f 2715/2715/2452 2718/2718/2453 2721/2721/2005
f 2715/2715/2452 2721/2721/2005 2716/2716/2006
f 2716/2716/2006 2721/2721/2005 2722/2722/2455
f 2716/2716/2006 2722/2722/2455 2723/2723/2456
f 2721/2721/2005 2720/2720/2004 2724/2724/2457
f 2721/2721/2005 2724/2724/2457 2722/2722/2455
f 2722/2722/2455 2724/2724/2457 742/742/709
f 2722/2722/2455 742/742/709 740/740/707
f 2723/2723/2456 2722/2722/2455 740/740/707
f 2723/2723/2456 740/740/707 736/736/703
f 2708/2708/1800 2717/2717/2008 2725/2725/2458
f 2708/2708/1800 2725/2725/2458 2712/2712/2449
f 2717/2717/2008 2716/2716/2006 2723/2723/2456
f 2717/2717/2008 2723/2723/2456 2725/2725/2458
f 2725/2725/2458 2723/2723/2456 736/736/703
f 2725/2725/2458 736/736/703 734/734/701
f 2712/2712/2449 2725/2725/2458 734/734/701
f 2712/2712/2449 734/734/701 527/527/505
f 905/905/860 1127/1127/1068 2726/2726/2459
f 905/905/860 2726/2726/2459 2719/2719/2454
f 1127/1127/1068 1125/1125/1066 2727/2727/2460
f 1127/1127/1068 2727/2727/2460 2726/2726/2459
f 2726/2726/2459 2727/2727/2460 2728/2728/2180
f 2726/2726/2459 2728/2728/2180 2729/2729/2182
f 2719/2719/2454 2726/2726/2459 2729/2729/2182
f 2719/2719/2454 2729/2729/2182 2720/2720/2004
f 1125/1125/1066 1124/1124/1065 2730/2730/2461
f 1125/1125/1066 2730/2730/2461 2727/2727/2460
f 1124/1124/1065 1123/1123/1064 2731/2731/2462
f 1124/1124/1065 2731/2731/2462 2730/2730/2461
f 2730/2730/2461 2731/2731/2462 2732/2732/2178
f 2730/2730/2461 2732/2732/2178 2733/2733/2179
f 2727/2727/2460 2730/2730/2461 2733/2733/2179
f 2727/2727/2460 2733/2733/2179 2728/2728/2180
f 2728/2728/2180 2733/2733/2179 2734/2734/2463
f 2728/2728/2180 2734/2734/2463 2735/2735/2464
f 2733/2733/2179 2732/2732/2178 2736/2736/2465
f 2733/2733/2179 2736/2736/2465 2734/2734/2463
f 2734/2734/2463 2736/2736/2465 962/962/913
f 2734/2734/2463 962/962/913 960/960/911
f 2735/2735/2464 2734/2734/2463 960/960/911
f 2735/2735/2464 960/960/911 956/956/907
f 2720/2720/2004 2729/2729/2182 2737/2737/2466
f 2720/2720/2004 2737/2737/2466 2724/2724/2457
f 2729/2729/2182 2728/2728/2180 2735/2735/2464
f 2729/2729/2182 2735/2735/2464 2737/2737/2466
f 2737/2737/2466 2735/2735/2464 956/956/907
f 2737/2737/2466 956/956/907 954/954/905
f 2724/2724/2457 2737/2737/2466 954/954/905
f 2724/2724/2457 954/954/905 742/742/709
f 1123/1123/1064 1381/1381/1272 2738/2738/2467
f 1123/1123/1064 2738/2738/2467 2731/2731/2462
f 1381/1381/1272 1380/1380/1270 2739/2739/2468
f 1381/1381/1272 2739/2739/2468 2738/2738/2467
f 2738/2738/2467 2739/2739/2468 2740/2740/2347
f 2738/2738/2467 2740/2740/2347 2741/2741/2349
f 2731/2731/2462 2738/2738/2467 2741/2741/2349
f 2731/2731/2462 2741/2741/2349 2732/2732/2178
f 1377/1377/1270 1376/1376/1269 2742/2742/2469
f 1377/1377/1270 2742/2742/2469 2743/2743/2468
f 1376/1376/1269 1375/1375/1268 2744/2744/2470
f 1376/1376/1269 2744/2744/2470 2742/2742/2469
f 2742/2742/2469 2744/2744/2470 2745/2745/135
f 2742/2742/2469 2745/2745/135 2746/2746/2346
f 2743/2743/2468 2742/2742/2469 2746/2746/2346
f 2743/2743/2468 2746/2746/2346 2747/2747/2347
f 2747/2747/2347 2746/2746/2346 2748/2748/2471
f 2747/2747/2347 2748/2748/2471 2749/2749/2472
f 2746/2746/2346 2745/2745/135 2750/2750/2473
f 2746/2746/2346 2750/2750/2473 2748/2748/2471
f 2748/2748/2471 2750/2750/2473 1191/1191/1117
f 2748/2748/2471 1191/1191/1117 1188/1188/1115
f 2749/2749/2472 2748/2748/2471 1188/1188/1115
f 2749/2749/2472 1188/1188/1115 1187/1187/1111
f 2732/2732/2178 2741/2741/2349 2751/2751/2474
f 2732/2732/2178 2751/2751/2474 2736/2736/2465
f 2741/2741/2349 2740/2740/2347 2752/2752/2472
f 2741/2741/2349 2752/2752/2472 2751/2751/2474
f 2751/2751/2474 2752/2752/2472 1183/1183/1111
f 2751/2751/2474 1183/1183/1111 1181/1181/1109
f 2736/2736/2465 2751/2751/2474 1181/1181/1109
f 2736/2736/2465 1181/1181/1109 962/962/913
f 1680/1680/1268 1679/1679/1476 2753/2753/2475
f 1680/1680/1268 2753/2753/2475 2754/2754/2470
f 1679/1679/1476 1678/1678/1474 2755/2755/2476
f 1679/1679/1476 2755/2755/2476 2753/2753/2475
f 2753/2753/2475 2755/2755/2476 2756/2756/131
f 2753/2753/2475 2756/2756/131 2757/2757/134
f 2754/2754/2470 2753/2753/2475 2757/2757/134
f 2754/2754/2470 2757/2757/134 2758/2758/135
f 1674/1674/1474 1673/1673/1473 2759/2759/2477
f 1674/1674/1474 2759/2759/2477 2760/2760/2476
f 1673/1673/1473 1672/1672/1472 2761/2761/2478
f 1673/1673/1473 2761/2761/2478 2759/2759/2477
f 2759/2759/2477 2761/2761/2478 2762/2762/129
f 2759/2759/2477 2762/2762/129 2763/2763/130
f 2760/2760/2476 2759/2759/2477 2763/2763/130
f 2760/2760/2476 2763/2763/130 2764/2764/131
f 2764/2764/131 2763/2763/130 2765/2765/2479
f 2764/2764/131 2765/2765/2479 2766/2766/2480
f 2763/2763/130 2762/2762/129 2767/2767/2481
f 2763/2763/130 2767/2767/2481 2765/2765/2479
f 2765/2765/2479 2767/2767/2481 1444/1444/1321
f 2765/2765/2479 1444/1444/1321 1441/1441/1319
f 2766/2766/2480 2765/2765/2479 1441/1441/1319
f 2766/2766/2480 1441/1441/1319 1436/1436/1315
f 2758/2758/135 2757/2757/134 2768/2768/2482
f 2758/2758/135 2768/2768/2482 2769/2769/2473
f 2757/2757/134 2756/2756/131 2770/2770/2480
f 2757/2757/134 2770/2770/2480 2768/2768/2482
f 2768/2768/2482 2770/2770/2480 1436/1436/1315
f 2768/2768/2482 1436/1436/1315 1433/1433/1313
f 2769/2769/2473 2768/2768/2482 1433/1433/1313
f 2769/2769/2473 1433/1433/1313 1432/1432/1117
f 1672/1672/1472 1895/1895/1680 2771/2771/2483
f 1672/1672/1472 2771/2771/2483 2761/2761/2478
f 1895/1895/1680 1893/1893/1678 2772/2772/2484
f 1895/1895/1680 2772/2772/2484 2771/2771/2483
f 2771/2771/2483 2772/2772/2484 2773/2773/361
f 2771/2771/2483 2773/2773/361 2774/2774/363
f 2761/2761/2478 2771/2771/2483 2774/2774/363
f 2761/2761/2478 2774/2774/363 2762/2762/129
f 1893/1893/1678 1892/1892/1677 2775/2775/2485
f 1893/1893/1678 2775/2775/2485 2772/2772/2484
f 1892/1892/1677 1891/1891/1676 2776/2776/2486
f 1892/1892/1677 2776/2776/2486 2775/2775/2485
f 2775/2775/2485 2776/2776/2486 2777/2777/359
f 2775/2775/2485 2777/2777/359 2778/2778/360
f 2772/2772/2484 2775/2775/2485 2778/2778/360
f 2772/2772/2484 2778/2778/360 2773/2773/361
f 2773/2773/361 2778/2778/360 2779/2779/2487
f 2773/2773/361 2779/2779/2487 2780/2780/2488
f 2778/2778/360 2777/2777/359 2781/2781/2489
f 2778/2778/360 2781/2781/2489 2779/2779/2487
f 2779/2779/2487 2781/2781/2489 1729/1729/1525
f 2779/2779/2487 1729/1729/1525 1727/1727/1523
f 2780/2780/2488 2779/2779/2487 1727/1727/1523
f 2780/2780/2488 1727/1727/1523 1723/1723/1519
f 2762/2762/129 2774/2774/363 2782/2782/2490
f 2762/2762/129 2782/2782/2490 2767/2767/2481
f 2774/2774/363 2773/2773/361 2780/2780/2488
f 2774/2774/363 2780/2780/2488 2782/2782/2490
f 2782/2782/2490 2780/2780/2488 1723/1723/1519
f 2782/2782/2490 1723/1723/1519 1721/1721/1517
f 2767/2767/2481 2782/2782/2490 1721/1721/1517
f 2767/2767/2481 1721/1721/1517 1444/1444/1321
f 1891/1891/1676 2109/2109/1884 2783/2783/2491
f 1891/1891/1676 2783/2783/2491 2776/2776/2486
f 2109/2109/1884 2107/2107/1882 2784/2784/2492
f 2109/2109/1884 2784/2784/2492 2783/2783/2491
f 2783/2783/2491 2784/2784/2492 2785/2785/578
f 2783/2783/2491 2785/2785/578 2786/2786/580
f 2776/2776/2486 2783/2783/2491 2786/2786/580
f 2776/2776/2486 2786/2786/580 2777/2777/359
f 2107/2107/1882 2106/2106/1881 2787/2787/2493
f 2107/2107/1882 2787/2787/2493 2784/2784/2492
f 2106/2106/1881 2105/2105/1880 2788/2788/2494
f 2106/2106/1881 2788/2788/2494 2787/2787/2493
f 2787/2787/2493 2788/2788/2494 2789/2789/576
f 2787/2787/2493 2789/2789/576 2790/2790/577
f 2784/2784/2492 2787/2787/2493 2790/2790/577
f 2784/2784/2492 2790/2790/577 2785/2785/578
f 2785/2785/578 2790/2790/577 2791/2791/2495
f 2785/2785/578 2791/2791/2495 2792/2792/2496
f 2790/2790/577 2789/2789/576 2793/2793/2497
f 2790/2790/577 2793/2793/2497 2791/2791/2495
f 2791/2791/2495 2793/2793/2497 1944/1944/1729
f 2791/2791/2495 1944/1944/1729 1942/1942/1727
f 2792/2792/2496 2791/2791/2495 1942/1942/1727
f 2792/2792/2496 1942/1942/1727 1938/1938/1723
f 2777/2777/359 2786/2786/580 2794/2794/2498
f 2777/2777/359 2794/2794/2498 2781/2781/2489
f 2786/2786/580 2785/2785/578 2792/2792/2496
f 2786/2786/580 2792/2792/2496 2794/2794/2498
f 2794/2794/2498 2792/2792/2496 1938/1938/1723
f 2794/2794/2498 1938/1938/1723 1936/1936/1721
f 2781/2781/2489 2794/2794/2498 1936/1936/1721
f 2781/2781/2489 1936/1936/1721 1729/1729/1525
f 2105/2105/1880 2322/2322/2088 2795/2795/2499
f 2105/2105/1880 2795/2795/2499 2788/2788/2494
f 2322/2322/2088 2320/2320/2086 2796/2796/2500
f 2322/2322/2088 2796/2796/2500 2795/2795/2499
f 2795/2795/2499 2796/2796/2500 2797/2797/782
f 2795/2795/2499 2797/2797/782 2798/2798/784
f 2788/2788/2494 2795/2795/2499 2798/2798/784
f 2788/2788/2494 2798/2798/784 2789/2789/576
f 2320/2320/2086 2319/2319/2085 2799/2799/2501
f 2320/2320/2086 2799/2799/2501 2796/2796/2500
f 2319/2319/2085 2318/2318/2084 2800/2800/2502
f 2319/2319/2085 2800/2800/2502 2799/2799/2501
f 2799/2799/2501 2800/2800/2502 2801/2801/780
f 2799/2799/2501 2801/2801/780 2802/2802/781
f 2796/2796/2500 2799/2799/2501 2802/2802/781
f 2796/2796/2500 2802/2802/781 2797/2797/782
f 2797/2797/782 2802/2802/781 2803/2803/2503
f 2797/2797/782 2803/2803/2503 2804/2804/2504
f 2802/2802/781 2801/2801/780 2805/2805/2505
f 2802/2802/781 2805/2805/2505 2803/2803/2503
f 2803/2803/2503 2805/2805/2505 2158/2158/1933
f 2803/2803/2503 2158/2158/1933 2156/2156/1931
f 2804/2804/2504 2803/2803/2503 2156/2156/1931
f 2804/2804/2504 2156/2156/1931 2152/2152/1927
f 2789/2789/576 2798/2798/784 2806/2806/2506
f 2789/2789/576 2806/2806/2506 2793/2793/2497
f 2798/2798/784 2797/2797/782 2804/2804/2504
f 2798/2798/784 2804/2804/2504 2806/2806/2506
f 2806/2806/2506 2804/2804/2504 2152/2152/1927
f 2806/2806/2506 2152/2152/1927 2150/2150/1925
f 2793/2793/2497 2806/2806/2506 2150/2150/1925
f 2793/2793/2497 2150/2150/1925 1944/1944/1729
f 2318/2318/2084 2505/2505/2262 2807/2807/2507
f 2318/2318/2084 2807/2807/2507 2800/2800/2502
f 2505/2505/2262 2503/2503/2260 2808/2808/2508
f 2505/2505/2262 2808/2808/2508 2807/2807/2507
f 2807/2807/2507 2808/2808/2508 2809/2809/986
f 2807/2807/2507 2809/2809/986 2810/2810/988
f 2800/2800/2502 2807/2807/2507 2810/2810/988
f 2800/2800/2502 2810/2810/988 2801/2801/780
f 2503/2503/2260 2502/2502/2259 2811/2811/2509
f 2503/2503/2260 2811/2811/2509 2808/2808/2508
f 2502/2502/2259 2501/2501/2258 2812/2812/2510
f 2502/2502/2259 2812/2812/2510 2811/2811/2509
f 2811/2811/2509 2812/2812/2510 2813/2813/984
f 2811/2811/2509 2813/2813/984 2814/2814/985
f 2808/2808/2508 2811/2811/2509 2814/2814/985
f 2808/2808/2508 2814/2814/985 2809/2809/986
f 2809/2809/986 2814/2814/985 2815/2815/2511
f 2809/2809/986 2815/2815/2511 2816/2816/2512
f 2814/2814/985 2813/2813/984 2817/2817/2513
f 2814/2814/985 2817/2817/2513 2815/2815/2511
f 2815/2815/2511 2817/2817/2513 26/26/26
f 2815/2815/2511 26/26/26 2344/2344/2110
f 2816/2816/2512 2815/2815/2511 2344/2344/2110
f 2816/2816/2512 2344/2344/2110 2340/2340/2106
f 2801/2801/780 2810/2810/988 2818/2818/2514
f 2801/2801/780 2818/2818/2514 2805/2805/2505
f 2810/2810/988 2809/2809/986 2816/2816/2512
f 2810/2810/988 2816/2816/2512 2818/2818/2514
f 2818/2818/2514 2816/2816/2512 2340/2340/2106
f 2818/2818/2514 2340/2340/2106 2338/2338/2104
f 2805/2805/2505 2818/2818/2514 2338/2338/2104
f 2805/2805/2505 2338/2338/2104 2158/2158/1933
f 37/37/37 2819/2819/35 2820/2820/2515
f 37/37/37 2820/2820/2515 2688/2688/2433
f 2819/2819/35 30/30/30 2821/2821/2516
f 2819/2819/35 2821/2821/2516 2820/2820/2515
f 2820/2820/2515 2821/2821/2516 2822/2822/1190
f 2820/2820/2515 2822/2822/1190 2823/2823/1189
f 2688/2688/2433 2820/2820/2515 2823/2823/1189
f 2688/2688/2433 2823/2823/1189 2824/2824/1188
f 30/30/30 2825/2825/27 2826/2826/2517
f 30/30/30 2826/2826/2517 2821/2821/2516
f 2825/2825/27 26/26/26 2817/2817/2513
f 2825/2825/27 2817/2817/2513 2826/2826/2517
f 2826/2826/2517 2817/2817/2513 2827/2827/984
f 2826/2826/2517 2827/2827/984 2828/2828/1192
f 2821/2821/2516 2826/2826/2517 2828/2828/1192
f 2821/2821/2516 2828/2828/1192 2822/2822/1190
f 2822/2822/1190 2828/2828/1192 2829/2829/2518
f 2822/2822/1190 2829/2829/2518 2830/2830/2519
f 2828/2828/1192 2827/2827/984 2812/2812/2510
f 2828/2828/1192 2812/2812/2510 2829/2829/2518
f 2829/2829/2518 2812/2812/2510 2831/2831/2258
f 2829/2829/2518 2831/2831/2258 2832/2832/2282
f 2830/2830/2519 2829/2829/2518 2832/2832/2282
f 2830/2830/2519 2832/2832/2282 2523/2523/2280
f 2824/2824/1188 2823/2823/1189 2833/2833/2520
f 2824/2824/1188 2833/2833/2520 2673/2673/2423
f 2823/2823/1189 2822/2822/1190 2830/2830/2519
f 2823/2823/1189 2830/2830/2519 2833/2833/2520
f 2833/2833/2520 2830/2830/2519 2523/2523/2280
f 2833/2833/2520 2523/2523/2280 2834/2834/2279
f 2673/2673/2423 2833/2833/2520 2834/2834/2279
f 2673/2673/2423 2834/2834/2279 2835/2835/2278
f 37/37/37 2689/2689/2434 2836/2836/2521
f 37/37/37 2836/2836/2521 38/38/38
f 2689/2689/2434 2686/2686/2431 2837/2837/2522
f 2689/2689/2434 2837/2837/2522 2836/2836/2521
f 2836/2836/2521 2837/2837/2522 2838/2838/2523
f 2836/2836/2521 2838/2838/2523 2839/2839/2524
f 38/38/38 2836/2836/2521 2839/2839/2524
f 38/38/38 2839/2839/2524 39/39/39
f 2686/2686/2431 2685/2685/2430 2840/2840/2525
f 2686/2686/2431 2840/2840/2525 2837/2837/2522
f 2685/2685/2430 286/286/275 289/289/278
f 2685/2685/2430 289/289/278 2840/2840/2525
f 2840/2840/2525 289/289/278 294/294/283
f 2840/2840/2525 294/294/283 2841/2841/2526
f 2837/2837/2522 2840/2840/2525 2841/2841/2526
f 2837/2837/2522 2841/2841/2526 2838/2838/2523
f 2838/2838/2523 2841/2841/2526 2842/2842/2527
f 2838/2838/2523 2842/2842/2527 2843/2843/2528
f 2841/2841/2526 294/294/283 308/308/297
f 2841/2841/2526 308/308/297 2842/2842/2527
f 2842/2842/2527 308/308/297 310/310/299
f 2842/2842/2527 310/310/299 2844/2844/2529
f 2843/2843/2528 2842/2842/2527 2844/2844/2529
f 2843/2843/2528 2844/2844/2529 2845/2845/2530
f 39/39/39 2839/2839/2524 2846/2846/2531
f 39/39/39 2846/2846/2531 43/43/43
f 2839/2839/2524 2838/2838/2523 2843/2843/2528
f 2839/2839/2524 2843/2843/2528 2846/2846/2531
f 2846/2846/2531 2843/2843/2528 2845/2845/2530
f 2846/2846/2531 2845/2845/2530 2847/2847/2532
f 43/43/43 2846/2846/2531 2847/2847/2532
f 43/43/43 2847/2847/2532 44/44/44
f 44/44/44 2847/2847/2532 2848/2848/2533
f 44/44/44 2848/2848/2533 2849/2849/2534
f 2847/2847/2532 2845/2845/2530 2850/2850/2535
f 2847/2847/2532 2850/2850/2535 2848/2848/2533
f 2848/2848/2533 2850/2850/2535 2851/2851/2536
f 2848/2848/2533 2851/2851/2536 2852/2852/2537
f 2849/2849/2534 2848/2848/2533 2852/2852/2537
f 2849/2849/2534 2852/2852/2537 2853/2853/2538
f 2845/2845/2530 2844/2844/2529 2854/2854/2539
f 2845/2845/2530 2854/2854/2539 2850/2850/2535
f 2844/2844/2529 310/310/299 2855/2855/2540
f 2844/2844/2529 2855/2855/2540 2854/2854/2539
f 2854/2854/2539 2855/2855/2540 2856/2856/2541
f 2854/2854/2539 2856/2856/2541 2857/2857/2542
f 2850/2850/2535 2854/2854/2539 2857/2857/2542
f 2850/2850/2535 2857/2857/2542 2851/2851/2536
f 2851/2851/2536 2857/2857/2542 2858/2858/2543
f 2851/2851/2536 2858/2858/2543 2859/2859/2544
f 2857/2857/2542 2856/2856/2541 2860/2860/2545
f 2857/2857/2542 2860/2860/2545 2858/2858/2543
f 2858/2858/2543 2860/2860/2545 222/222/211
f 2858/2858/2543 222/222/211 2535/2535/2292
f 2859/2859/2544 2858/2858/2543 2535/2535/2292
f 2859/2859/2544 2535/2535/2292 2530/2530/2287
f 2853/2853/2538 2852/2852/2537 2861/2861/2546
f 2853/2853/2538 2861/2861/2546 2862/2862/2547
f 2852/2852/2537 2851/2851/2536 2859/2859/2544
f 2852/2852/2537 2859/2859/2544 2861/2861/2546
f 2861/2861/2546 2859/2859/2544 2530/2530/2287
f 2861/2861/2546 2530/2530/2287 2527/2527/2284
f 2862/2862/2547 2861/2861/2546 2527/2527/2284
f 2862/2862/2547 2527/2527/2284 2526/2526/2283
f 310/310/299 309/309/298 2863/2863/2548
f 310/310/299 2863/2863/2548 2855/2855/2540
f 309/309/298 306/306/295 2864/2864/2549
f 309/309/298 2864/2864/2549 2863/2863/2548
f 2863/2863/2548 2864/2864/2549 2865/2865/2550
f 2863/2863/2548 2865/2865/2550 2866/2866/2551
f 2855/2855/2540 2863/2863/2548 2866/2866/2551
f 2855/2855/2540 2866/2866/2551 2856/2856/2541
f 306/306/295 305/305/294 2867/2867/2552
f 306/306/295 2867/2867/2552 2864/2864/2549
f 305/305/294 304/304/293 2868/2868/2553
f 305/305/294 2868/2868/2553 2867/2867/2552
f 2867/2867/2552 2868/2868/2553 2869/2869/2554
f 2867/2867/2552 2869/2869/2554 2870/2870/2555
f 2864/2864/2549 2867/2867/2552 2870/2870/2555
f 2864/2864/2549 2870/2870/2555 2865/2865/2550
f 2865/2865/2550 2870/2870/2555 2871/2871/2556
f 2865/2865/2550 2871/2871/2556 2872/2872/2557
f 2870/2870/2555 2869/2869/2554 2873/2873/2558
f 2870/2870/2555 2873/2873/2558 2871/2871/2556
f 2871/2871/2556 2873/2873/2558 233/233/222
f 2871/2871/2556 233/233/222 231/231/220
f 2872/2872/2557 2871/2871/2556 231/231/220
f 2872/2872/2557 231/231/220 226/226/215
f 2856/2856/2541 2866/2866/2551 2874/2874/2559
f 2856/2856/2541 2874/2874/2559 2860/2860/2545
f 2866/2866/2551 2865/2865/2550 2872/2872/2557
f 2866/2866/2551 2872/2872/2557 2874/2874/2559
f 2874/2874/2559 2872/2872/2557 226/226/215
f 2874/2874/2559 226/226/215 223/223/212
f 2860/2860/2545 2874/2874/2559 223/223/212
f 2860/2860/2545 223/223/212 222/222/211
f 304/304/293 538/538/516 2875/2875/2560
f 304/304/293 2875/2875/2560 2868/2868/2553
f 538/538/516 536/536/514 2876/2876/2561
f 538/538/516 2876/2876/2561 2875/2875/2560
f 2875/2875/2560 2876/2876/2561 2877/2877/2562
f 2875/2875/2560 2877/2877/2562 2878/2878/2563
f 2868/2868/2553 2875/2875/2560 2878/2878/2563
f 2868/2868/2553 2878/2878/2563 2869/2869/2554
f 536/536/514 535/535/513 2879/2879/2564
f 536/536/514 2879/2879/2564 2876/2876/2561
f 535/535/513 534/534/512 2880/2880/2565
f 535/535/513 2880/2880/2565 2879/2879/2564
f 2879/2879/2564 2880/2880/2565 2881/2881/2566
f 2879/2879/2564 2881/2881/2566 2882/2882/2567
f 2876/2876/2561 2879/2879/2564 2882/2882/2567
f 2876/2876/2561 2882/2882/2567 2877/2877/2562
f 2877/2877/2562 2882/2882/2567 2883/2883/2568
f 2877/2877/2562 2883/2883/2568 2884/2884/2569
f 2882/2882/2567 2881/2881/2566 2885/2885/2570
f 2882/2882/2567 2885/2885/2570 2883/2883/2568
f 2883/2883/2568 2885/2885/2570 274/274/263
f 2883/2883/2568 274/274/263 272/272/261
f 2884/2884/2569 2883/2883/2568 272/272/261
f 2884/2884/2569 272/272/261 268/268/257
f 2869/2869/2554 2878/2878/2563 2886/2886/2571
f 2869/2869/2554 2886/2886/2571 2873/2873/2558
f 2878/2878/2563 2877/2877/2562 2884/2884/2569
f 2878/2878/2563 2884/2884/2569 2886/2886/2571
f 2886/2886/2571 2884/2884/2569 268/268/257
f 2886/2886/2571 268/268/257 266/266/255
f 2873/2873/2558 2886/2886/2571 266/266/255
f 2873/2873/2558 266/266/255 233/233/222
f 534/534/512 753/753/720 2887/2887/2572
f 534/534/512 2887/2887/2572 2880/2880/2565
f 753/753/720 751/751/718 2888/2888/2573
f 753/753/720 2888/2888/2573 2887/2887/2572
f 2887/2887/2572 2888/2888/2573 2889/2889/2574
f 2887/2887/2572 2889/2889/2574 2890/2890/2575
f 2880/2880/2565 2887/2887/2572 2890/2890/2575
f 2880/2880/2565 2890/2890/2575 2881/2881/2566
f 751/751/718 750/750/717 2891/2891/2576
f 751/751/718 2891/2891/2576 2888/2888/2573
f 750/750/717 749/749/716 2892/2892/2577
f 750/750/717 2892/2892/2577 2891/2891/2576
f 2891/2891/2576 2892/2892/2577 2893/2893/2578
f 2891/2891/2576 2893/2893/2578 2894/2894/2579
f 2888/2888/2573 2891/2891/2576 2894/2894/2579
f 2888/2888/2573 2894/2894/2579 2889/2889/2574
f 2889/2889/2574 2894/2894/2579 2895/2895/2580
f 2889/2889/2574 2895/2895/2580 2896/2896/2581
f 2894/2894/2579 2893/2893/2578 2897/2897/2582
f 2894/2894/2579 2897/2897/2582 2895/2895/2580
f 2895/2895/2580 2897/2897/2582 507/507/485
f 2895/2895/2580 507/507/485 505/505/483
f 2896/2896/2581 2895/2895/2580 505/505/483
f 2896/2896/2581 505/505/483 501/501/479
f 2881/2881/2566 2890/2890/2575 2898/2898/2583
f 2881/2881/2566 2898/2898/2583 2885/2885/2570
f 2890/2890/2575 2889/2889/2574 2896/2896/2581
f 2890/2890/2575 2896/2896/2581 2898/2898/2583
f 2898/2898/2583 2896/2896/2581 501/501/479
f 2898/2898/2583 501/501/479 499/499/477
f 2885/2885/2570 2898/2898/2583 499/499/477
f 2885/2885/2570 499/499/477 274/274/263
f 749/749/716 973/973/924 2899/2899/2584
f 749/749/716 2899/2899/2584 2892/2892/2577
f 973/973/924 971/971/922 2900/2900/2585
f 973/973/924 2900/2900/2585 2899/2899/2584
f 2899/2899/2584 2900/2900/2585 2901/2901/2586
f 2899/2899/2584 2901/2901/2586 2902/2902/2587
f 2892/2892/2577 2899/2899/2584 2902/2902/2587
f 2892/2892/2577 2902/2902/2587 2893/2893/2578
f 971/971/922 970/970/921 2903/2903/2588
f 971/971/922 2903/2903/2588 2900/2900/2585
f 970/970/921 969/969/920 2904/2904/2589
f 970/970/921 2904/2904/2589 2903/2903/2588
f 2903/2903/2588 2904/2904/2589 2905/2905/2590
f 2903/2903/2588 2905/2905/2590 2906/2906/2591
f 2900/2900/2585 2903/2903/2588 2906/2906/2591
f 2900/2900/2585 2906/2906/2591 2901/2901/2586
f 2901/2901/2586 2906/2906/2591 2907/2907/2592
f 2901/2901/2586 2907/2907/2592 2908/2908/2593
f 2906/2906/2591 2905/2905/2590 2909/2909/2594
f 2906/2906/2591 2909/2909/2594 2907/2907/2592
f 2907/2907/2592 2909/2909/2594 722/722/689
f 2907/2907/2592 722/722/689 720/720/687
f 2908/2908/2593 2907/2907/2592 720/720/687
f 2908/2908/2593 720/720/687 716/716/683
f 2893/2893/2578 2902/2902/2587 2910/2910/2595
f 2893/2893/2578 2910/2910/2595 2897/2897/2582
f 2902/2902/2587 2901/2901/2586 2908/2908/2593
f 2902/2902/2587 2908/2908/2593 2910/2910/2595
f 2910/2910/2595 2908/2908/2593 716/716/683
f 2910/2910/2595 716/716/683 714/714/681
f 2897/2897/2582 2910/2910/2595 714/714/681
f 2897/2897/2582 714/714/681 507/507/485
f 969/969/920 1204/1204/1128 2911/2911/2596
f 969/969/920 2911/2911/2596 2904/2904/2589
f 1204/1204/1128 1201/1201/1126 2912/2912/2597
f 1204/1204/1128 2912/2912/2597 2911/2911/2596
f 2911/2911/2596 2912/2912/2597 2913/2913/2598
f 2911/2911/2596 2913/2913/2598 2914/2914/2599
f 2904/2904/2589 2911/2911/2596 2914/2914/2599
f 2904/2904/2589 2914/2914/2599 2905/2905/2590
f 1201/1201/1126 1200/1200/1125 2915/2915/2600
f 1201/1201/1126 2915/2915/2600 2916/2916/2597
f 1200/1200/1125 1199/1199/1124 2917/2917/2601
f 1200/1200/1125 2917/2917/2601 2915/2915/2600
f 2915/2915/2600 2917/2917/2601 2918/2918/2602
f 2915/2915/2600 2918/2918/2602 2919/2919/2603
f 2916/2916/2597 2915/2915/2600 2919/2919/2603
f 2916/2916/2597 2919/2919/2603 2920/2920/2598
f 2920/2920/2598 2919/2919/2603 2921/2921/2604
f 2920/2920/2598 2921/2921/2604 2922/2922/2605
f 2919/2919/2603 2918/2918/2602 2923/2923/2606
f 2919/2919/2603 2923/2923/2606 2921/2921/2604
f 2921/2921/2604 2923/2923/2606 939/939/893
f 2921/2921/2604 939/939/893 936/936/891
f 2922/2922/2605 2921/2921/2604 936/936/891
f 2922/2922/2605 936/936/891 932/932/887
f 2905/2905/2590 2914/2914/2599 2924/2924/2607
f 2905/2905/2590 2924/2924/2607 2909/2909/2594
f 2914/2914/2599 2913/2913/2598 2925/2925/2605
f 2914/2914/2599 2925/2925/2605 2924/2924/2607
f 2924/2924/2607 2925/2925/2605 932/932/887
f 2924/2924/2607 932/932/887 930/930/885
f 2909/2909/2594 2924/2924/2607 930/930/885
f 2909/2909/2594 930/930/885 722/722/689
f 1460/1460/1124 1459/1459/1332 2926/2926/2608
f 1460/1460/1124 2926/2926/2608 2927/2927/2601
f 1459/1459/1332 1458/1458/1330 2928/2928/2609
f 1459/1459/1332 2928/2928/2609 2926/2926/2608
f 2926/2926/2608 2928/2928/2609 2929/2929/2610
f 2926/2926/2608 2929/2929/2610 2930/2930/2611
f 2927/2927/2601 2926/2926/2608 2930/2930/2611
f 2927/2927/2601 2930/2930/2611 2931/2931/2602
f 1454/1454/1330 1453/1453/1329 2932/2932/2612
f 1454/1454/1330 2932/2932/2612 2933/2933/2609
f 1453/1453/1329 1452/1452/1328 2934/2934/2613
f 1453/1453/1329 2934/2934/2613 2932/2932/2612
f 2932/2932/2612 2934/2934/2613 2935/2935/2614
f 2932/2932/2612 2935/2935/2614 2936/2936/2615
f 2933/2933/2609 2932/2932/2612 2936/2936/2615
f 2933/2933/2609 2936/2936/2615 2937/2937/2610
f 2937/2937/2610 2936/2936/2615 2938/2938/2616
f 2937/2937/2610 2938/2938/2616 2939/2939/2617
f 2936/2936/2615 2935/2935/2614 2940/2940/2618
f 2936/2936/2615 2940/2940/2618 2938/2938/2616
f 2938/2938/2616 2940/2940/2618 1164/1164/1097
f 2938/2938/2616 1164/1164/1097 1161/1161/1095
f 2939/2939/2617 2938/2938/2616 1161/1161/1095
f 2939/2939/2617 1161/1161/1095 1156/1156/1091
f 2931/2931/2602 2930/2930/2611 2941/2941/2619
f 2931/2931/2602 2941/2941/2619 2942/2942/2606
f 2930/2930/2611 2929/2929/2610 2943/2943/2617
f 2930/2930/2611 2943/2943/2617 2941/2941/2619
f 2941/2941/2619 2943/2943/2617 1156/1156/1091
f 2941/2941/2619 1156/1156/1091 1153/1153/1089
f 2942/2942/2606 2941/2941/2619 1153/1153/1089
f 2942/2942/2606 1153/1153/1089 1152/1152/893
f 1452/1452/1328 1740/1740/1536 2944/2944/2620
f 1452/1452/1328 2944/2944/2620 2934/2934/2613
f 1740/1740/1536 1738/1738/1534 2945/2945/2621
f 1740/1740/1536 2945/2945/2621 2944/2944/2620
f 2944/2944/2620 2945/2945/2621 2946/2946/2622
f 2944/2944/2620 2946/2946/2622 2947/2947/2623
f 2934/2934/2613 2944/2944/2620 2947/2947/2623
f 2934/2934/2613 2947/2947/2623 2935/2935/2614
f 1738/1738/1534 1737/1737/1533 2948/2948/2624
f 1738/1738/1534 2948/2948/2624 2945/2945/2621
f 1737/1737/1533 1736/1736/1532 2949/2949/2625
f 1737/1737/1533 2949/2949/2625 2948/2948/2624
f 2948/2948/2624 2949/2949/2625 2950/2950/2626
f 2948/2948/2624 2950/2950/2626 2951/2951/2627
f 2945/2945/2621 2948/2948/2624 2951/2951/2627
f 2945/2945/2621 2951/2951/2627 2946/2946/2622
f 2946/2946/2622 2951/2951/2627 2952/2952/2628
f 2946/2946/2622 2952/2952/2628 2953/2953/2629
f 2951/2951/2627 2950/2950/2626 2954/2954/2630
f 2951/2951/2627 2954/2954/2630 2952/2952/2628
f 2952/2952/2628 2954/2954/2630 1420/1420/1301
f 2952/2952/2628 1420/1420/1301 1418/1418/1299
f 2953/2953/2629 2952/2952/2628 1418/1418/1299
f 2953/2953/2629 1418/1418/1299 1414/1414/1295
f 2935/2935/2614 2947/2947/2623 2955/2955/2631
f 2935/2935/2614 2955/2955/2631 2940/2940/2618
f 2947/2947/2623 2946/2946/2622 2953/2953/2629
f 2947/2947/2623 2953/2953/2629 2955/2955/2631
f 2955/2955/2631 2953/2953/2629 1414/1414/1295
f 2955/2955/2631 1414/1414/1295 1412/1412/1293
f 2940/2940/2618 2955/2955/2631 1412/1412/1293
f 2940/2940/2618 1412/1412/1293 1164/1164/1097
f 1736/1736/1532 1955/1955/1740 2956/2956/2632
f 1736/1736/1532 2956/2956/2632 2949/2949/2625
f 1955/1955/1740 1953/1953/1738 2957/2957/2633
f 1955/1955/1740 2957/2957/2633 2956/2956/2632
f 2956/2956/2632 2957/2957/2633 2958/2958/2634
f 2956/2956/2632 2958/2958/2634 2959/2959/2635
f 2949/2949/2625 2956/2956/2632 2959/2959/2635
f 2949/2949/2625 2959/2959/2635 2950/2950/2626
f 1953/1953/1738 1952/1952/1737 2960/2960/2636
f 1953/1953/1738 2960/2960/2636 2957/2957/2633
f 1952/1952/1737 1951/1951/1736 2961/2961/2637
f 1952/1952/1737 2961/2961/2637 2960/2960/2636
f 2960/2960/2636 2961/2961/2637 2962/2962/2638
f 2960/2960/2636 2962/2962/2638 2963/2963/2639
f 2957/2957/2633 2960/2960/2636 2963/2963/2639
f 2957/2957/2633 2963/2963/2639 2958/2958/2634
f 2958/2958/2634 2963/2963/2639 2964/2964/2640
f 2958/2958/2634 2964/2964/2640 2965/2965/2641
f 2963/2963/2639 2962/2962/2638 2966/2966/2642
f 2963/2963/2639 2966/2966/2642 2964/2964/2640
f 2964/2964/2640 2966/2966/2642 1709/1709/1505
f 2964/2964/2640 1709/1709/1505 1707/1707/1503
f 2965/2965/2641 2964/2964/2640 1707/1707/1503
f 2965/2965/2641 1707/1707/1503 1703/1703/1499
f 2950/2950/2626 2959/2959/2635 2967/2967/2643
f 2950/2950/2626 2967/2967/2643 2954/2954/2630
f 2959/2959/2635 2958/2958/2634 2965/2965/2641
f 2959/2959/2635 2965/2965/2641 2967/2967/2643
f 2967/2967/2643 2965/2965/2641 1703/1703/1499
f 2967/2967/2643 1703/1703/1499 1701/1701/1497
f 2954/2954/2630 2967/2967/2643 1701/1701/1497
f 2954/2954/2630 1701/1701/1497 1420/1420/1301
f 1951/1951/1736 2169/2169/1944 2968/2968/2644
f 1951/1951/1736 2968/2968/2644 2961/2961/2637
f 2169/2169/1944 2167/2167/1942 2969/2969/2645
f 2169/2169/1944 2969/2969/2645 2968/2968/2644
f 2968/2968/2644 2969/2969/2645 2970/2970/2646
f 2968/2968/2644 2970/2970/2646 2971/2971/2647
f 2961/2961/2637 2968/2968/2644 2971/2971/2647
f 2961/2961/2637 2971/2971/2647 2962/2962/2638
f 2167/2167/1942 2166/2166/1941 2972/2972/2648
f 2167/2167/1942 2972/2972/2648 2969/2969/2645
f 2166/2166/1941 2165/2165/1940 2973/2973/2649
f 2166/2166/1941 2973/2973/2649 2972/2972/2648
f 2972/2972/2648 2973/2973/2649 2974/2974/2650
f 2972/2972/2648 2974/2974/2650 2975/2975/2651
f 2969/2969/2645 2972/2972/2648 2975/2975/2651
f 2969/2969/2645 2975/2975/2651 2970/2970/2646
f 2970/2970/2646 2975/2975/2651 2976/2976/2652
f 2970/2970/2646 2976/2976/2652 2977/2977/2653
f 2975/2975/2651 2974/2974/2650 2978/2978/2654
f 2975/2975/2651 2978/2978/2654 2976/2976/2652
f 2976/2976/2652 2978/2978/2654 1924/1924/1709
f 2976/2976/2652 1924/1924/1709 1922/1922/1707
f 2977/2977/2653 2976/2976/2652 1922/1922/1707
f 2977/2977/2653 1922/1922/1707 1918/1918/1703
f 2962/2962/2638 2971/2971/2647 2979/2979/2655
f 2962/2962/2638 2979/2979/2655 2966/2966/2642
f 2971/2971/2647 2970/2970/2646 2977/2977/2653
f 2971/2971/2647 2977/2977/2653 2979/2979/2655
f 2979/2979/2655 2977/2977/2653 1918/1918/1703
f 2979/2979/2655 1918/1918/1703 1916/1916/1701
f 2966/2966/2642 2979/2979/2655 1916/1916/1701
f 2966/2966/2642 1916/1916/1701 1709/1709/1505
f 2165/2165/1940 2352/2352/2118 2980/2980/2656
f 2165/2165/1940 2980/2980/2656 2973/2973/2649
f 2352/2352/2118 2350/2350/2116 2981/2981/2657
f 2352/2352/2118 2981/2981/2657 2980/2980/2656
f 2980/2980/2656 2981/2981/2657 2982/2982/2658
f 2980/2980/2656 2982/2982/2658 2983/2983/2659
f 2973/2973/2649 2980/2980/2656 2983/2983/2659
f 2973/2973/2649 2983/2983/2659 2974/2974/2650
f 2350/2350/2116 2349/2349/2115 2984/2984/2660
f 2350/2350/2116 2984/2984/2660 2981/2981/2657
f 2349/2349/2115 50/50/50 2985/2985/2661
f 2349/2349/2115 2985/2985/2661 2984/2984/2660
f 2984/2984/2660 2985/2985/2661 2986/2986/2662
f 2984/2984/2660 2986/2986/2662 2987/2987/2663
f 2981/2981/2657 2984/2984/2660 2987/2987/2663
f 2981/2981/2657 2987/2987/2663 2982/2982/2658
f 2982/2982/2658 2987/2987/2663 2988/2988/2664
f 2982/2982/2658 2988/2988/2664 2989/2989/2665
f 2987/2987/2663 2986/2986/2662 2990/2990/2666
f 2987/2987/2663 2990/2990/2666 2988/2988/2664
f 2988/2988/2664 2990/2990/2666 2138/2138/1913
f 2988/2988/2664 2138/2138/1913 2136/2136/1911
f 2989/2989/2665 2988/2988/2664 2136/2136/1911
f 2989/2989/2665 2136/2136/1911 2132/2132/1907
f 2974/2974/2650 2983/2983/2659 2991/2991/2667
f 2974/2974/2650 2991/2991/2667 2978/2978/2654
f 2983/2983/2659 2982/2982/2658 2989/2989/2665
f 2983/2983/2659 2989/2989/2665 2991/2991/2667
f 2991/2991/2667 2989/2989/2665 2132/2132/1907
f 2991/2991/2667 2132/2132/1907 2130/2130/1905
f 2978/2978/2654 2991/2991/2667 2130/2130/1905
f 2978/2978/2654 2130/2130/1905 1924/1924/1709
f 2992/2992/2271 2993/2993/2269 2994/2994/2668
f 2992/2992/2271 2994/2994/2668 2995/2995/2669
f 2993/2993/2269 2996/2996/2265 2997/2997/2670
f 2993/2993/2269 2997/2997/2670 2994/2994/2668
f 2994/2994/2668 2997/2997/2670 2998/2998/2671
f 2994/2994/2668 2998/2998/2671 2999/2999/2672
f 2995/2995/2669 2994/2994/2668 2999/2999/2672
f 2995/2995/2669 2999/2999/2672 3000/3000/2673
f 2996/2996/2265 3001/3001/2263 3002/3002/2674
f 2996/2996/2265 3002/3002/2674 2997/2997/2670
f 3001/3001/2263 3003/3003/2251 3004/3004/2675
f 3001/3001/2263 3004/3004/2675 3002/3002/2674
f 3002/3002/2674 3004/3004/2675 3005/3005/2676
f 3002/3002/2674 3005/3005/2676 3006/3006/2677
f 2997/2997/2670 3002/3002/2674 3006/3006/2677
f 2997/2997/2670 3006/3006/2677 2998/2998/2671
f 2998/2998/2671 3006/3006/2677 3007/3007/2678
f 2998/2998/2671 3007/3007/2678 3008/3008/2679
f 3006/3006/2677 3005/3005/2676 3009/3009/2680
f 3006/3006/2677 3009/3009/2680 3007/3007/2678
f 3007/3007/2678 3009/3009/2680 3010/3010/254
f 3007/3007/2678 3010/3010/254 3011/3011/253
f 3008/3008/2679 3007/3007/2678 3011/3011/253
f 3008/3008/2679 3011/3011/253 3012/3012/250
f 3000/3000/2673 2999/2999/2672 3013/3013/2681
f 3000/3000/2673 3013/3013/2681 3014/3014/2682
f 2999/2999/2672 2998/2998/2671 3008/3008/2679
f 2999/2999/2672 3008/3008/2679 3013/3013/2681
f 3013/3013/2681 3008/3008/2679 3012/3012/250
f 3013/3013/2681 3012/3012/250 260/260/249
f 3014/3014/2682 3013/3013/2681 260/260/249
f 3014/3014/2682 260/260/249 25/25/25
f 25/25/25 24/24/24 3015/3015/2683
f 25/25/25 3015/3015/2683 3014/3014/2682
f 24/24/24 21/21/21 3016/3016/2684
f 24/24/24 3016/3016/2684 3015/3015/2683
f 3015/3015/2683 3016/3016/2684 3017/3017/2685
f 3015/3015/2683 3017/3017/2685 3018/3018/2686
f 3014/3014/2682 3015/3015/2683 3018/3018/2686
f 3014/3014/2682 3018/3018/2686 3019/3019/2673
f 21/21/21 20/20/20 3020/3020/2687
f 21/21/21 3020/3020/2687 3016/3016/2684
f 20/20/20 19/19/19 3021/3021/2688
f 20/20/20 3021/3021/2688 3020/3020/2687
f 3020/3020/2687 3021/3021/2688 3022/3022/2689
f 3020/3020/2687 3022/3022/2689 3023/3023/2690
f 3016/3016/2684 3020/3020/2687 3023/3023/2690
f 3016/3016/2684 3023/3023/2690 3017/3017/2685
f 3017/3017/2685 3023/3023/2690 3024/3024/2691
f 3017/3017/2685 3024/3024/2691 3025/3025/2692
f 3023/3023/2690 3022/3022/2689 3026/3026/2693
f 3023/3023/2690 3026/3026/2693 3024/3024/2691
f 3024/3024/2691 3026/3026/2693 450/450/428
f 3024/3024/2691 450/450/428 2651/2651/2401
f 3025/3025/2692 3024/3024/2691 2651/2651/2401
f 3025/3025/2692 2651/2651/2401 2647/2647/2397
f 3019/3019/2673 3018/3018/2686 3027/3027/2694
f 3019/3019/2673 3027/3027/2694 3028/3028/2669
f 3018/3018/2686 3017/3017/2685 3025/3025/2692
f 3018/3018/2686 3025/3025/2692 3027/3027/2694
f 3027/3027/2694 3025/3025/2692 2647/2647/2397
f 3027/3027/2694 2647/2647/2397 2645/2645/2395
f 3028/3028/2669 3027/3027/2694 2645/2645/2395
f 3028/3028/2669 2645/2645/2395 2514/2514/2271
f 19/19/19 2671/2671/2421 3029/3029/2695
f 19/19/19 3029/3029/2695 3021/3021/2688
f 2671/2671/2421 2669/2669/2419 3030/3030/2696
f 2671/2671/2421 3030/3030/2696 3029/3029/2695
f 3029/3029/2695 3030/3030/2696 3031/3031/2697
f 3029/3029/2695 3031/3031/2697 3032/3032/2698
f 3021/3021/2688 3029/3029/2695 3032/3032/2698
f 3021/3021/2688 3032/3032/2698 3022/3022/2689
f 2669/2669/2419 2668/2668/2418 3033/3033/2699
f 2669/2669/2419 3033/3033/2699 3030/3030/2696
f 2668/2668/2418 498/498/476 3034/3034/2700
f 2668/2668/2418 3034/3034/2700 3033/3033/2699
f 3033/3033/2699 3034/3034/2700 3035/3035/2701
f 3033/3033/2699 3035/3035/2701 3036/3036/2702
f 3030/3030/2696 3033/3033/2699 3036/3036/2702
f 3030/3030/2696 3036/3036/2702 3031/3031/2697
f 3031/3031/2697 3036/3036/2702 3037/3037/2703
f 3031/3031/2697 3037/3037/2703 3038/3038/2704
f 3036/3036/2702 3035/3035/2701 3039/3039/2705
f 3036/3036/2702 3039/3039/2705 3037/3037/2703
f 3037/3037/2703 3039/3039/2705 461/461/439
f 3037/3037/2703 461/461/439 459/459/437
f 3038/3038/2704 3037/3037/2703 459/459/437
f 3038/3038/2704 459/459/437 454/454/432
f 3022/3022/2689 3032/3032/2698 3040/3040/2706
f 3022/3022/2689 3040/3040/2706 3026/3026/2693
f 3032/3032/2698 3031/3031/2697 3038/3038/2704
f 3032/3032/2698 3038/3038/2704 3040/3040/2706
f 3040/3040/2706 3038/3038/2704 454/454/432
f 3040/3040/2706 454/454/432 451/451/429
f 3026/3026/2693 3040/3040/2706 451/451/429
f 3026/3026/2693 451/451/429 450/450/428
f 498/498/476 497/497/475 3041/3041/2707
f 498/498/476 3041/3041/2707 3034/3034/2700
f 497/497/475 494/494/472 3042/3042/2708
f 497/497/475 3042/3042/2708 3041/3041/2707
f 3041/3041/2707 3042/3042/2708 3043/3043/2709
f 3041/3041/2707 3043/3043/2709 3044/3044/2710
f 3034/3034/2700 3041/3041/2707 3044/3044/2710
f 3034/3034/2700 3044/3044/2710 3035/3035/2701
f 494/494/472 493/493/471 3045/3045/2711
f 494/494/472 3045/3045/2711 3042/3042/2708
f 493/493/471 492/492/470 3046/3046/2712
f 493/493/471 3046/3046/2712 3045/3045/2711
f 3045/3045/2711 3046/3046/2712 3047/3047/2713
f 3045/3045/2711 3047/3047/2713 3048/3048/2714
f 3042/3042/2708 3045/3045/2711 3048/3048/2714
f 3042/3042/2708 3048/3048/2714 3043/3043/2709
f 3043/3043/2709 3048/3048/2714 3049/3049/2715
f 3043/3043/2709 3049/3049/2715 3050/3050/2716
f 3048/3048/2714 3047/3047/2713 3051/3051/2717
f 3048/3048/2714 3051/3051/2717 3049/3049/2715
f 3049/3049/2715 3051/3051/2717 682/682/649
f 3049/3049/2715 682/682/649 680/680/647
f 3050/3050/2716 3049/3049/2715 680/680/647
f 3050/3050/2716 680/680/647 676/676/643
f 3035/3035/2701 3044/3044/2710 3052/3052/2718
f 3035/3035/2701 3052/3052/2718 3039/3039/2705
f 3044/3044/2710 3043/3043/2709 3050/3050/2716
f 3044/3044/2710 3050/3050/2716 3052/3052/2718
f 3052/3052/2718 3050/3050/2716 676/676/643
f 3052/3052/2718 676/676/643 674/674/641
f 3039/3039/2705 3052/3052/2718 674/674/641
f 3039/3039/2705 674/674/641 461/461/439
f 492/492/470 713/713/680 3053/3053/2719
f 492/492/470 3053/3053/2719 3046/3046/2712
f 713/713/680 711/711/678 3054/3054/2720
f 713/713/680 3054/3054/2720 3053/3053/2719
f 3053/3053/2719 3054/3054/2720 3055/3055/2721
f 3053/3053/2719 3055/3055/2721 3056/3056/2722
f 3046/3046/2712 3053/3053/2719 3056/3056/2722
f 3046/3046/2712 3056/3056/2722 3047/3047/2713
f 711/711/678 710/710/677 3057/3057/2723
f 711/711/678 3057/3057/2723 3054/3054/2720
f 710/710/677 709/709/676 3058/3058/2724
f 710/710/677 3058/3058/2724 3057/3057/2723
f 3057/3057/2723 3058/3058/2724 3059/3059/2725
f 3057/3057/2723 3059/3059/2725 3060/3060/2726
f 3054/3054/2720 3057/3057/2723 3060/3060/2726
f 3054/3054/2720 3060/3060/2726 3055/3055/2721
f 3055/3055/2721 3060/3060/2726 3061/3061/2727
f 3055/3055/2721 3061/3061/2727 3062/3062/2728
f 3060/3060/2726 3059/3059/2725 3063/3063/2729
f 3060/3060/2726 3063/3063/2729 3061/3061/2727
f 3061/3061/2727 3063/3063/2729 898/898/853
f 3061/3061/2727 898/898/853 896/896/851
f 3062/3062/2728 3061/3061/2727 896/896/851
f 3062/3062/2728 896/896/851 892/892/847
f 3047/3047/2713 3056/3056/2722 3064/3064/2730
f 3047/3047/2713 3064/3064/2730 3051/3051/2717
f 3056/3056/2722 3055/3055/2721 3062/3062/2728
f 3056/3056/2722 3062/3062/2728 3064/3064/2730
f 3064/3064/2730 3062/3062/2728 892/892/847
f 3064/3064/2730 892/892/847 890/890/845
f 3051/3051/2717 3064/3064/2730 890/890/845
f 3051/3051/2717 890/890/845 682/682/649
f 709/709/676 929/929/884 3065/3065/2731
f 709/709/676 3065/3065/2731 3058/3058/2724
f 929/929/884 927/927/882 3066/3066/2732
f 929/929/884 3066/3066/2732 3065/3065/2731
f 3065/3065/2731 3066/3066/2732 3067/3067/2733
f 3065/3065/2731 3067/3067/2733 3068/3068/2734
f 3058/3058/2724 3065/3065/2731 3068/3068/2734
f 3058/3058/2724 3068/3068/2734 3059/3059/2725
f 927/927/882 926/926/881 3069/3069/2735
f 927/927/882 3069/3069/2735 3066/3066/2732
f 926/926/881 925/925/880 3070/3070/2736
f 926/926/881 3070/3070/2736 3069/3069/2735
f 3069/3069/2735 3070/3070/2736 3071/3071/2737
f 3069/3069/2735 3071/3071/2737 3072/3072/2738
f 3066/3066/2732 3069/3069/2735 3072/3072/2738
f 3066/3066/2732 3072/3072/2738 3067/3067/2733
f 3067/3067/2733 3072/3072/2738 3073/3073/2739
f 3067/3067/2733 3073/3073/2739 3074/3074/2740
f 3072/3072/2738 3071/3071/2737 3075/3075/2741
f 3072/3072/2738 3075/3075/2741 3073/3073/2739
f 3073/3073/2739 3075/3075/2741 1116/1116/1057
f 3073/3073/2739 1116/1116/1057 1114/1114/1055
f 3074/3074/2740 3073/3073/2739 1114/1114/1055
f 3074/3074/2740 1114/1114/1055 1110/1110/1051
f 3059/3059/2725 3068/3068/2734 3076/3076/2742
f 3059/3059/2725 3076/3076/2742 3063/3063/2729
f 3068/3068/2734 3067/3067/2733 3074/3074/2740
f 3068/3068/2734 3074/3074/2740 3076/3076/2742
f 3076/3076/2742 3074/3074/2740 1110/1110/1051
f 3076/3076/2742 1110/1110/1051 1108/1108/1049
f 3063/3063/2729 3076/3076/2742 1108/1108/1049
f 3063/3063/2729 1108/1108/1049 898/898/853
f 925/925/880 1151/1151/1088 3077/3077/2743
f 925/925/880 3077/3077/2743 3070/3070/2736
f 1151/1151/1088 1148/1148/1086 3078/3078/2744
f 1151/1151/1088 3078/3078/2744 3077/3077/2743
f 3077/3077/2743 3078/3078/2744 3079/3079/2745
f 3077/3077/2743 3079/3079/2745 3080/3080/2746
f 3070/3070/2736 3077/3077/2743 3080/3080/2746
f 3070/3070/2736 3080/3080/2746 3071/3071/2737
f 1148/1148/1086 1147/1147/1085 3081/3081/2747
f 1148/1148/1086 3081/3081/2747 3082/3082/2744
f 1147/1147/1085 1146/1146/1084 3083/3083/2748
f 1147/1147/1085 3083/3083/2748 3081/3081/2747
f 3081/3081/2747 3083/3083/2748 3084/3084/2749
f 3081/3081/2747 3084/3084/2749 3085/3085/2750
f 3082/3082/2744 3081/3081/2747 3085/3085/2750
f 3082/3082/2744 3085/3085/2750 3086/3086/2745
f 3086/3086/2745 3085/3085/2750 3087/3087/2751
f 3086/3086/2745 3087/3087/2751 3088/3088/2752
f 3085/3085/2750 3084/3084/2749 3089/3089/2753
f 3085/3085/2750 3089/3089/2753 3087/3087/2751
f 3087/3087/2751 3089/3089/2753 1367/1367/1261
f 3087/3087/2751 1367/1367/1261 1364/1364/1259
f 3088/3088/2752 3087/3087/2751 1364/1364/1259
f 3088/3088/2752 1364/1364/1259 1360/1360/1255
f 3071/3071/2737 3080/3080/2746 3090/3090/2754
f 3071/3071/2737 3090/3090/2754 3075/3075/2741
f 3080/3080/2746 3079/3079/2745 3091/3091/2752
f 3080/3080/2746 3091/3091/2752 3090/3090/2754
f 3090/3090/2754 3091/3091/2752 1360/1360/1255
f 3090/3090/2754 1360/1360/1255 1358/1358/1253
f 3075/3075/2741 3090/3090/2754 1358/1358/1253
f 3075/3075/2741 1358/1358/1253 1116/1116/1057
f 1411/1411/1084 1410/1410/1292 3092/3092/2755
f 1411/1411/1084 3092/3092/2755 3093/3093/2748
f 1410/1410/1292 1409/1409/1290 3094/3094/2756
f 1410/1410/1292 3094/3094/2756 3092/3092/2755
f 3092/3092/2755 3094/3094/2756 3095/3095/2757
f 3092/3092/2755 3095/3095/2757 3096/3096/2758
f 3093/3093/2748 3092/3092/2755 3096/3096/2758
f 3093/3093/2748 3096/3096/2758 3097/3097/2749
f 1405/1405/1290 1404/1404/1289 3098/3098/2759
f 1405/1405/1290 3098/3098/2759 3099/3099/2756
f 1404/1404/1289 1403/1403/1288 3100/3100/2760
f 1404/1404/1289 3100/3100/2760 3098/3098/2759
f 3098/3098/2759 3100/3100/2760 3101/3101/2761
f 3098/3098/2759 3101/3101/2761 3102/3102/2762
f 3099/3099/2756 3098/3098/2759 3102/3102/2762
f 3099/3099/2756 3102/3102/2762 3103/3103/2757
f 3103/3103/2757 3102/3102/2762 3104/3104/2763
f 3103/3103/2757 3104/3104/2763 3105/3105/2764
f 3102/3102/2762 3101/3101/2761 3106/3106/2765
f 3102/3102/2762 3106/3106/2765 3104/3104/2763
f 3104/3104/2763 3106/3106/2765 1664/1664/1465
f 3104/3104/2763 1664/1664/1465 1661/1661/1463
f 3105/3105/2764 3104/3104/2763 1661/1661/1463
f 3105/3105/2764 1661/1661/1463 1656/1656/1459
f 3097/3097/2749 3096/3096/2758 3107/3107/2766
f 3097/3097/2749 3107/3107/2766 3108/3108/2753
f 3096/3096/2758 3095/3095/2757 3109/3109/2764
f 3096/3096/2758 3109/3109/2764 3107/3107/2766
f 3107/3107/2766 3109/3109/2764 1656/1656/1459
f 3107/3107/2766 1656/1656/1459 1653/1653/1457
f 3108/3108/2753 3107/3107/2766 1653/1653/1457
f 3108/3108/2753 1653/1653/1457 1652/1652/1261
f 1403/1403/1288 1700/1700/1496 3110/3110/2767
f 1403/1403/1288 3110/3110/2767 3100/3100/2760
f 1700/1700/1496 1698/1698/1494 3111/3111/2768
f 1700/1700/1496 3111/3111/2768 3110/3110/2767
f 3110/3110/2767 3111/3111/2768 3112/3112/2769
f 3110/3110/2767 3112/3112/2769 3113/3113/2770
f 3100/3100/2760 3110/3110/2767 3113/3113/2770
f 3100/3100/2760 3113/3113/2770 3101/3101/2761
f 1698/1698/1494 1697/1697/1493 3114/3114/2771
f 1698/1698/1494 3114/3114/2771 3111/3111/2768
f 1697/1697/1493 1696/1696/1492 3115/3115/2772
f 1697/1697/1493 3115/3115/2772 3114/3114/2771
f 3114/3114/2771 3115/3115/2772 3116/3116/2773
f 3114/3114/2771 3116/3116/2773 3117/3117/2774
f 3111/3111/2768 3114/3114/2771 3117/3117/2774
f 3111/3111/2768 3117/3117/2774 3112/3112/2769
f 3112/3112/2769 3117/3117/2774 3118/3118/2775
f 3112/3112/2769 3118/3118/2775 3119/3119/2776
f 3117/3117/2774 3116/3116/2773 3120/3120/2777
f 3117/3117/2774 3120/3120/2777 3118/3118/2775
f 3118/3118/2775 3120/3120/2777 1884/1884/1669
f 3118/3118/2775 1884/1884/1669 1882/1882/1667
f 3119/3119/2776 3118/3118/2775 1882/1882/1667
f 3119/3119/2776 1882/1882/1667 1878/1878/1663
f 3101/3101/2761 3113/3113/2770 3121/3121/2778
f 3101/3101/2761 3121/3121/2778 3106/3106/2765
f 3113/3113/2770 3112/3112/2769 3119/3119/2776
f 3113/3113/2770 3119/3119/2776 3121/3121/2778
f 3121/3121/2778 3119/3119/2776 1878/1878/1663
f 3121/3121/2778 1878/1878/1663 1876/1876/1661
f 3106/3106/2765 3121/3121/2778 1876/1876/1661
f 3106/3106/2765 1876/1876/1661 1664/1664/1465
f 1696/1696/1492 1915/1915/1700 3122/3122/2779
f 1696/1696/1492 3122/3122/2779 3115/3115/2772
f 1915/1915/1700 1913/1913/1698 3123/3123/2780
f 1915/1915/1700 3123/3123/2780 3122/3122/2779
f 3122/3122/2779 3123/3123/2780 3124/3124/2781
f 3122/3122/2779 3124/3124/2781 3125/3125/2782
f 3115/3115/2772 3122/3122/2779 3125/3125/2782
f 3115/3115/2772 3125/3125/2782 3116/3116/2773
f 1913/1913/1698 1912/1912/1697 3126/3126/2783
f 1913/1913/1698 3126/3126/2783 3123/3123/2780
f 1912/1912/1697 1911/1911/1696 3127/3127/2784
f 1912/1912/1697 3127/3127/2784 3126/3126/2783
f 3126/3126/2783 3127/3127/2784 3128/3128/2785
f 3126/3126/2783 3128/3128/2785 3129/3129/2786
f 3123/3123/2780 3126/3126/2783 3129/3129/2786
f 3123/3123/2780 3129/3129/2786 3124/3124/2781
f 3124/3124/2781 3129/3129/2786 3130/3130/2787
f 3124/3124/2781 3130/3130/2787 3131/3131/2788
f 3129/3129/2786 3128/3128/2785 3132/3132/2789
f 3129/3129/2786 3132/3132/2789 3130/3130/2787
f 3130/3130/2787 3132/3132/2789 2098/2098/1873
f 3130/3130/2787 2098/2098/1873 2096/2096/1871
f 3131/3131/2788 3130/3130/2787 2096/2096/1871
f 3131/3131/2788 2096/2096/1871 2092/2092/1867
f 3116/3116/2773 3125/3125/2782 3133/3133/2790
f 3116/3116/2773 3133/3133/2790 3120/3120/2777
f 3125/3125/2782 3124/3124/2781 3131/3131/2788
f 3125/3125/2782 3131/3131/2788 3133/3133/2790
f 3133/3133/2790 3131/3131/2788 2092/2092/1867
f 3133/3133/2790 2092/2092/1867 2090/2090/1865
f 3120/3120/2777 3133/3133/2790 2090/2090/1865
f 3120/3120/2777 2090/2090/1865 1884/1884/1669
f 1911/1911/1696 2129/2129/1904 3134/3134/2791
f 1911/1911/1696 3134/3134/2791 3127/3127/2784
f 2129/2129/1904 2127/2127/1902 3135/3135/2792
f 2129/2129/1904 3135/3135/2792 3134/3134/2791
f 3134/3134/2791 3135/3135/2792 3136/3136/2793
f 3134/3134/2791 3136/3136/2793 3137/3137/2794
f 3127/3127/2784 3134/3134/2791 3137/3137/2794
f 3127/3127/2784 3137/3137/2794 3128/3128/2785
f 2127/2127/1902 2126/2126/1901 3138/3138/2795
f 2127/2127/1902 3138/3138/2795 3135/3135/2792
f 2126/2126/1901 2125/2125/1900 3139/3139/2796
f 2126/2126/1901 3139/3139/2796 3138/3138/2795
f 3138/3138/2795 3139/3139/2796 3140/3140/2797
f 3138/3138/2795 3140/3140/2797 3141/3141/2798
f 3135/3135/2792 3138/3138/2795 3141/3141/2798
f 3135/3135/2792 3141/3141/2798 3136/3136/2793
f 3136/3136/2793 3141/3141/2798 3142/3142/2799
f 3136/3136/2793 3142/3142/2799 3143/3143/2800
f 3141/3141/2798 3140/3140/2797 3144/3144/2801
f 3141/3141/2798 3144/3144/2801 3142/3142/2799
f 3142/3142/2799 3144/3144/2801 2311/2311/2077
f 3142/3142/2799 2311/2311/2077 2309/2309/2075
f 3143/3143/2800 3142/3142/2799 2309/2309/2075
f 3143/3143/2800 2309/2309/2075 2305/2305/2071
f 3128/3128/2785 3137/3137/2794 3145/3145/2802
f 3128/3128/2785 3145/3145/2802 3132/3132/2789
f 3137/3137/2794 3136/3136/2793 3143/3143/2800
f 3137/3137/2794 3143/3143/2800 3145/3145/2802
f 3145/3145/2802 3143/3143/2800 2305/2305/2071
f 3145/3145/2802 2305/2305/2071 2303/2303/2069
f 3132/3132/2789 3145/3145/2802 2303/2303/2069
f 3132/3132/2789 2303/2303/2069 2098/2098/1873
f 2125/2125/1900 2337/2337/2103 3146/3146/2803
f 2125/2125/1900 3146/3146/2803 3139/3139/2796
f 2337/2337/2103 2335/2335/2101 3147/3147/2804
f 2337/2337/2103 3147/3147/2804 3146/3146/2803
f 3146/3146/2803 3147/3147/2804 3148/3148/2805
f 3146/3146/2803 3148/3148/2805 3149/3149/2806
f 3139/3139/2796 3146/3146/2803 3149/3149/2806
f 3139/3139/2796 3149/3149/2806 3140/3140/2797
f 2335/2335/2101 2334/2334/2100 3150/3150/2807
f 2335/2335/2101 3150/3150/2807 3147/3147/2804
f 2334/2334/2100 265/265/254 3151/3151/2680
f 2334/2334/2100 3151/3151/2680 3150/3150/2807
f 3150/3150/2807 3151/3151/2680 3152/3152/2676
f 3150/3150/2807 3152/3152/2676 3153/3153/2808
f 3147/3147/2804 3150/3150/2807 3153/3153/2808
f 3147/3147/2804 3153/3153/2808 3148/3148/2805
f 3148/3148/2805 3153/3153/2808 3154/3154/2809
f 3148/3148/2805 3154/3154/2809 3155/3155/2810
f 3153/3153/2808 3152/3152/2676 3156/3156/2675
f 3153/3153/2808 3156/3156/2675 3154/3154/2809
f 3154/3154/2809 3156/3156/2675 2494/2494/2251
f 3154/3154/2809 2494/2494/2251 2492/2492/2249
f 3155/3155/2810 3154/3154/2809 2492/2492/2249
f 3155/3155/2810 2492/2492/2249 2488/2488/2245
f 3140/3140/2797 3149/3149/2806 3157/3157/2811
f 3140/3140/2797 3157/3157/2811 3144/3144/2801
f 3149/3149/2806 3148/3148/2805 3155/3155/2810
f 3149/3149/2806 3155/3155/2810 3157/3157/2811
f 3157/3157/2811 3155/3155/2810 2488/2488/2245
f 3157/3157/2811 2488/2488/2245 2486/2486/2243
f 3144/3144/2801 3157/3157/2811 2486/2486/2243
f 3144/3144/2801 2486/2486/2243 2311/2311/2077
f 3158/3158/2283 3159/3159/2812 3160/3160/2813
f 3158/3158/2283 3160/3160/2813 3161/3161/2547
f 3159/3159/2812 3162/3162/2814 3163/3163/2815
f 3159/3159/2812 3163/3163/2815 3160/3160/2813
f 3160/3160/2813 3163/3163/2815 3164/3164/2816
f 3160/3160/2813 3164/3164/2816 3165/3165/2817
f 3161/3161/2547 3160/3160/2813 3165/3165/2817
f 3161/3161/2547 3165/3165/2817 3166/3166/2538
f 3162/3162/2814 3167/3167/2818 3168/3168/2819
f 3162/3162/2814 3168/3168/2819 3163/3163/2815
f 3167/3167/2818 3169/3169/1913 3170/3170/2666
f 3167/3167/2818 3170/3170/2666 3168/3168/2819
f 3168/3168/2819 3170/3170/2666 3171/3171/2662
f 3168/3168/2819 3171/3171/2662 3172/3172/2820
f 3163/3163/2815 3168/3168/2819 3172/3172/2820
f 3163/3163/2815 3172/3172/2820 3164/3164/2816
f 3164/3164/2816 3172/3172/2820 3173/3173/2821
f 3164/3164/2816 3173/3173/2821 3174/3174/2822
f 3172/3172/2820 3171/3171/2662 2985/2985/2661
f 3172/3172/2820 2985/2985/2661 3173/3173/2821
f 3173/3173/2821 2985/2985/2661 50/50/50
f 3173/3173/2821 50/50/50 3175/3175/49
f 3174/3174/2822 3173/3173/2821 3175/3175/49
f 3174/3174/2822 3175/3175/49 46/46/46
f 3166/3166/2538 3165/3165/2817 3176/3176/2823
f 3166/3166/2538 3176/3176/2823 2849/2849/2534
f 3165/3165/2817 3164/3164/2816 3174/3174/2822
f 3165/3165/2817 3174/3174/2822 3176/3176/2823
f 3176/3176/2823 3174/3174/2822 46/46/46
f 3176/3176/2823 46/46/46 3177/3177/45
f 2849/2849/2534 3176/3176/2823 3177/3177/45
f 2849/2849/2534 3177/3177/45 44/44/44
f 2138/2138/1913 3178/3178/2818 3179/3179/2824
f 2138/2138/1913 3179/3179/2824 2139/2139/1914
f 3178/3178/2818 3162/3162/2814 3180/3180/2825
f 3178/3178/2818 3180/3180/2825 3179/3179/2824
f 3179/3179/2824 3180/3180/2825 3181/3181/2826
f 3179/3179/2824 3181/3181/2826 3182/3182/2827
f 2139/2139/1914 3179/3179/2824 3182/3182/2827
f 2139/2139/1914 3182/3182/2827 2140/2140/1915
f 3162/3162/2814 3183/3183/2812 3184/3184/2828
f 3162/3162/2814 3184/3184/2828 3180/3180/2825
f 3183/3183/2812 2526/2526/2283 2529/2529/2286
f 3183/3183/2812 2529/2529/2286 3184/3184/2828
f 3184/3184/2828 2529/2529/2286 2534/2534/2291
f 3184/3184/2828 2534/2534/2291 3185/3185/2829
f 3180/3180/2825 3184/3184/2828 3185/3185/2829
f 3180/3180/2825 3185/3185/2829 3181/3181/2826
f 3181/3181/2826 3185/3185/2829 3186/3186/2830
f 3181/3181/2826 3186/3186/2830 3187/3187/2831
f 3185/3185/2829 2534/2534/2291 2541/2541/2298
f 3185/3185/2829 2541/2541/2298 3186/3186/2830
f 3186/3186/2830 2541/2541/2298 51/51/51
f 3186/3186/2830 51/51/51 2548/2548/2305
f 3187/3187/2831 3186/3186/2830 2548/2548/2305
f 3187/3187/2831 2548/2548/2305 2544/2544/2301
f 2140/2140/1915 3182/3182/2827 3188/3188/2832
f 2140/2140/1915 3188/3188/2832 2144/2144/1919
f 3182/3182/2827 3181/3181/2826 3187/3187/2831
f 3182/3182/2827 3187/3187/2831 3188/3188/2832
f 3188/3188/2832 3187/3187/2831 2544/2544/2301
f 3188/3188/2832 2544/2544/2301 2542/2542/2299
f 2144/2144/1919 3188/3188/2832 2542/2542/2299
f 2144/2144/1919 2542/2542/2299 2145/2145/1920
# Vertices: 3188, normals: 2832, texture coordinates: 3188, faces: 5760

